source_human_id,tau_PU,tau_PU_level,tau_PU_verbal,tau_PEOU,tau_PEOU_level,tau_PEOU_verbal,tau_BI,tau_BI_level,tau_BI_verbal,tau_ATT,tau_ATT_level,tau_ATT_verbal,tau_AI_CAP,tau_AI_CAP_level,tau_AI_CAP_verbal
H_0001,-1.3262444089597,LOW,You are skeptical that AI tools genuinely improve task performance.,-0.49290419905928834,MODERATE,You find most apps usable but sometimes need time to learn.,0.11129101841032957,MODERATE,You sometimes try new technology when it seems relevant.,-0.1474790756775293,MODERATE,You have a neutral-to-positive attitude toward AI activities.,0.17196821845433347,MODERATE,You think current AI has reasonable but limited capability.
H_0002,0.4653819993024935,MODERATE,You think AI tools can be somewhat useful for certain tasks.,-0.6297925517616224,LOW,You find new technology interfaces difficult and frustrating.,0.6370145766405504,HIGH,You actively seek out and adopt useful new technology tools.,0.9257001514937957,HIGH,You feel enthusiastic and positive about AI-assisted activities.,-0.872522168388959,LOW,You doubt that current AI handles complex real-world tasks well.
H_0003,1.5101653238060317,HIGH,You strongly believe AI tools improve efficiency and outcomes.,-0.13467344076381443,MODERATE,You find most apps usable but sometimes need time to learn.,0.6278355449972447,HIGH,You actively seek out and adopt useful new technology tools.,-0.9000036999785185,LOW,You feel somewhat uncomfortable or skeptical about AI activities.,0.5540466172736607,HIGH,You believe current AI is capable of complex information tasks.
H_0004,0.9757829709095197,HIGH,You strongly believe AI tools improve efficiency and outcomes.,0.10633605830720978,MODERATE,You find most apps usable but sometimes need time to learn.,0.5599753847192773,HIGH,You actively seek out and adopt useful new technology tools.,-0.6152542496699747,LOW,You feel somewhat uncomfortable or skeptical about AI activities.,1.1359247788308917,HIGH,You believe current AI is capable of complex information tasks.
H_0005,-0.33237127530630267,MODERATE,You think AI tools can be somewhat useful for certain tasks.,-1.2598642158627587,LOW,You find new technology interfaces difficult and frustrating.,-1.2043861179602402,LOW,You rarely choose to adopt new digital tools in daily life.,-1.7143724869962802,LOW,You feel somewhat uncomfortable or skeptical about AI activities.,-0.8641941835187504,LOW,You doubt that current AI handles complex real-world tasks well.
H_0006,0.23485373279111432,MODERATE,You think AI tools can be somewhat useful for certain tasks.,-0.3473347037432826,MODERATE,You find most apps usable but sometimes need time to learn.,-0.4215011383200716,MODERATE,You sometimes try new technology when it seems relevant.,-0.553553524516597,LOW,You feel somewhat uncomfortable or skeptical about AI activities.,0.8129900231729356,HIGH,You believe current AI is capable of complex information tasks.
H_0007,1.1395738924557086,HIGH,You strongly believe AI tools improve efficiency and outcomes.,0.03329581447634181,MODERATE,You find most apps usable but sometimes need time to learn.,0.6032284751558982,HIGH,You actively seek out and adopt useful new technology tools.,1.164934016761097,HIGH,You feel enthusiastic and positive about AI-assisted activities.,-1.1479708080424829,LOW,You doubt that current AI handles complex real-world tasks well.
H_0008,1.84001312751885,HIGH,You strongly believe AI tools improve efficiency and outcomes.,1.9453178835288307,HIGH,You pick up new technology quickly and find it intuitive.,0.20740064377117112,MODERATE,You sometimes try new technology when it seems relevant.,0.4874267080673205,MODERATE,You have a neutral-to-positive attitude toward AI activities.,-0.11617360648129109,MODERATE,You think current AI has reasonable but limited capability.
H_0009,-0.3905449613668415,MODERATE,You think AI tools can be somewhat useful for certain tasks.,-0.44374069924236786,MODERATE,You find most apps usable but sometimes need time to learn.,0.07415315682961066,MODERATE,You sometimes try new technology when it seems relevant.,-1.350193472885451,LOW,You feel somewhat uncomfortable or skeptical about AI activities.,-0.5661273872304237,LOW,You doubt that current AI handles complex real-world tasks well.
H_0010,0.34810198356360267,MODERATE,You think AI tools can be somewhat useful for certain tasks.,-0.12447376336157255,MODERATE,You find most apps usable but sometimes need time to learn.,1.453026993743159,HIGH,You actively seek out and adopt useful new technology tools.,-0.16075850981321252,MODERATE,You have a neutral-to-positive attitude toward AI activities.,1.2114558499697734,HIGH,You believe current AI is capable of complex information tasks.
H_0011,-0.6192127550045495,LOW,You are skeptical that AI tools genuinely improve task performance.,0.3875276088028722,MODERATE,You find most apps usable but sometimes need time to learn.,-0.8897422026463546,LOW,You rarely choose to adopt new digital tools in daily life.,0.1342587984284177,MODERATE,You have a neutral-to-positive attitude toward AI activities.,-0.0925574917924847,MODERATE,You think current AI has reasonable but limited capability.
H_0012,-0.9618207517722434,LOW,You are skeptical that AI tools genuinely improve task performance.,-0.29256891263591017,MODERATE,You find most apps usable but sometimes need time to learn.,-1.4641932046627388,LOW,You rarely choose to adopt new digital tools in daily life.,-0.46055516687651654,MODERATE,You have a neutral-to-positive attitude toward AI activities.,-0.06670699081466581,MODERATE,You think current AI has reasonable but limited capability.
H_0013,1.1211693443671098,HIGH,You strongly believe AI tools improve efficiency and outcomes.,0.8827658368921351,HIGH,You pick up new technology quickly and find it intuitive.,-0.549392164218302,LOW,You rarely choose to adopt new digital tools in daily life.,0.3058932764143263,MODERATE,You have a neutral-to-positive attitude toward AI activities.,-0.06841282047633619,MODERATE,You think current AI has reasonable but limited capability.
H_0014,-1.3337326402647303,LOW,You are skeptical that AI tools genuinely improve task performance.,-1.5331786620617918,LOW,You find new technology interfaces difficult and frustrating.,-0.46516942117043836,MODERATE,You sometimes try new technology when it seems relevant.,-1.1420224363816998,LOW,You feel somewhat uncomfortable or skeptical about AI activities.,-0.425066963325114,MODERATE,You think current AI has reasonable but limited capability.
H_0015,-1.1583263496396907,LOW,You are skeptical that AI tools genuinely improve task performance.,0.010239139376159397,MODERATE,You find most apps usable but sometimes need time to learn.,1.751812130134919,HIGH,You actively seek out and adopt useful new technology tools.,-0.9373228602684539,LOW,You feel somewhat uncomfortable or skeptical about AI activities.,-1.0112340444820032,LOW,You doubt that current AI handles complex real-world tasks well.
H_0016,-0.6804377025416336,LOW,You are skeptical that AI tools genuinely improve task performance.,-0.27487949737991874,MODERATE,You find most apps usable but sometimes need time to learn.,0.23270760967127027,MODERATE,You sometimes try new technology when it seems relevant.,-1.6593839765383902,LOW,You feel somewhat uncomfortable or skeptical about AI activities.,-0.5316477304787139,LOW,You doubt that current AI handles complex real-world tasks well.
H_0017,0.4488381555564168,MODERATE,You think AI tools can be somewhat useful for certain tasks.,-1.0154105388611403,LOW,You find new technology interfaces difficult and frustrating.,0.9078664015974536,HIGH,You actively seek out and adopt useful new technology tools.,0.06387683810174372,MODERATE,You have a neutral-to-positive attitude toward AI activities.,0.27045075073284847,MODERATE,You think current AI has reasonable but limited capability.
H_0018,0.7186855563457155,HIGH,You strongly believe AI tools improve efficiency and outcomes.,-0.09058547782401083,MODERATE,You find most apps usable but sometimes need time to learn.,0.4829211572535137,MODERATE,You sometimes try new technology when it seems relevant.,0.855222922824223,HIGH,You feel enthusiastic and positive about AI-assisted activities.,-0.3546607337380578,MODERATE,You think current AI has reasonable but limited capability.
H_0019,0.16469876874113157,MODERATE,You think AI tools can be somewhat useful for certain tasks.,0.30189726169964587,MODERATE,You find most apps usable but sometimes need time to learn.,0.24474956418998503,MODERATE,You sometimes try new technology when it seems relevant.,-0.22407362667946154,MODERATE,You have a neutral-to-positive attitude toward AI activities.,-0.9747644725361689,LOW,You doubt that current AI handles complex real-world tasks well.
H_0020,1.1723243549135378,HIGH,You strongly believe AI tools improve efficiency and outcomes.,0.7732556031175907,HIGH,You pick up new technology quickly and find it intuitive.,1.3837037718197431,HIGH,You actively seek out and adopt useful new technology tools.,1.1599661603009213,HIGH,You feel enthusiastic and positive about AI-assisted activities.,0.774450604277384,HIGH,You believe current AI is capable of complex information tasks.
H_0021,1.6191077967510137,HIGH,You strongly believe AI tools improve efficiency and outcomes.,1.082025493384192,HIGH,You pick up new technology quickly and find it intuitive.,0.7475444515991154,HIGH,You actively seek out and adopt useful new technology tools.,0.7163403521782372,HIGH,You feel enthusiastic and positive about AI-assisted activities.,0.9936099696539035,HIGH,You believe current AI is capable of complex information tasks.
H_0022,-0.44542264082844074,MODERATE,You think AI tools can be somewhat useful for certain tasks.,-0.5080482463704531,LOW,You find new technology interfaces difficult and frustrating.,0.5407259518942159,HIGH,You actively seek out and adopt useful new technology tools.,0.20247085674273058,MODERATE,You have a neutral-to-positive attitude toward AI activities.,-1.530987840300079,LOW,You doubt that current AI handles complex real-world tasks well.
H_0023,0.07859020247883983,MODERATE,You think AI tools can be somewhat useful for certain tasks.,1.7058816090850153,HIGH,You pick up new technology quickly and find it intuitive.,1.9971291992327358,HIGH,You actively seek out and adopt useful new technology tools.,1.84481954352709,HIGH,You feel enthusiastic and positive about AI-assisted activities.,1.5288119507716922,HIGH,You believe current AI is capable of complex information tasks.
H_0024,-0.8892559937661799,LOW,You are skeptical that AI tools genuinely improve task performance.,0.8297446347297592,HIGH,You pick up new technology quickly and find it intuitive.,-0.631853561410445,LOW,You rarely choose to adopt new digital tools in daily life.,0.09561767702274954,MODERATE,You have a neutral-to-positive attitude toward AI activities.,-0.3893669226544353,MODERATE,You think current AI has reasonable but limited capability.
H_0025,0.12322888401423544,MODERATE,You think AI tools can be somewhat useful for certain tasks.,-1.7285623662096574,LOW,You find new technology interfaces difficult and frustrating.,-1.1366686307081975,LOW,You rarely choose to adopt new digital tools in daily life.,-0.5223576047550968,LOW,You feel somewhat uncomfortable or skeptical about AI activities.,0.3586451095078293,MODERATE,You think current AI has reasonable but limited capability.
H_0026,-1.8134929664240986,LOW,You are skeptical that AI tools genuinely improve task performance.,-0.9424869256171003,LOW,You find new technology interfaces difficult and frustrating.,-1.9269709065556364,LOW,You rarely choose to adopt new digital tools in daily life.,-2.3176376396919416,LOW,You feel somewhat uncomfortable or skeptical about AI activities.,-0.7512137144916742,LOW,You doubt that current AI handles complex real-world tasks well.
H_0027,1.0135222764301641,HIGH,You strongly believe AI tools improve efficiency and outcomes.,1.901506922700862,HIGH,You pick up new technology quickly and find it intuitive.,1.4398900447445862,HIGH,You actively seek out and adopt useful new technology tools.,0.6463790213751407,HIGH,You feel enthusiastic and positive about AI-assisted activities.,0.7193196404691949,HIGH,You believe current AI is capable of complex information tasks.
H_0028,-1.7189755475635753,LOW,You are skeptical that AI tools genuinely improve task performance.,-0.5548839532453276,LOW,You find new technology interfaces difficult and frustrating.,-0.8537872499167672,LOW,You rarely choose to adopt new digital tools in daily life.,-1.952372395299688,LOW,You feel somewhat uncomfortable or skeptical about AI activities.,-0.3112851523524248,MODERATE,You think current AI has reasonable but limited capability.
H_0029,-0.21326663542972568,MODERATE,You think AI tools can be somewhat useful for certain tasks.,0.9108316643577534,HIGH,You pick up new technology quickly and find it intuitive.,-0.1267864335097922,MODERATE,You sometimes try new technology when it seems relevant.,-0.006777341796848795,MODERATE,You have a neutral-to-positive attitude toward AI activities.,-1.526469185339682,LOW,You doubt that current AI handles complex real-world tasks well.
H_0030,-0.9199371194589722,LOW,You are skeptical that AI tools genuinely improve task performance.,0.6171776942936723,HIGH,You pick up new technology quickly and find it intuitive.,-1.4077121069077647,LOW,You rarely choose to adopt new digital tools in daily life.,-0.9512223204065924,LOW,You feel somewhat uncomfortable or skeptical about AI activities.,0.09267518280057022,MODERATE,You think current AI has reasonable but limited capability.
H_0031,-0.3118663943889942,MODERATE,You think AI tools can be somewhat useful for certain tasks.,0.32404129383313185,MODERATE,You find most apps usable but sometimes need time to learn.,-0.30098169388590845,MODERATE,You sometimes try new technology when it seems relevant.,-0.05798142025078575,MODERATE,You have a neutral-to-positive attitude toward AI activities.,-0.5828095110388414,LOW,You doubt that current AI handles complex real-world tasks well.
H_0032,1.2945346752035798,HIGH,You strongly believe AI tools improve efficiency and outcomes.,-0.261284789245373,MODERATE,You find most apps usable but sometimes need time to learn.,0.8557214653803825,HIGH,You actively seek out and adopt useful new technology tools.,1.2479165619888164,HIGH,You feel enthusiastic and positive about AI-assisted activities.,-0.9595585194179187,LOW,You doubt that current AI handles complex real-world tasks well.
H_0033,1.2348793971155676,HIGH,You strongly believe AI tools improve efficiency and outcomes.,-0.42197113059812014,MODERATE,You find most apps usable but sometimes need time to learn.,0.7333937904738633,HIGH,You actively seek out and adopt useful new technology tools.,1.5337853787714204,HIGH,You feel enthusiastic and positive about AI-assisted activities.,0.20070038691446482,MODERATE,You think current AI has reasonable but limited capability.
H_0034,-0.22740094770708244,MODERATE,You think AI tools can be somewhat useful for certain tasks.,-1.7282117708433964,LOW,You find new technology interfaces difficult and frustrating.,0.7341082051484189,HIGH,You actively seek out and adopt useful new technology tools.,-0.15665197691970822,MODERATE,You have a neutral-to-positive attitude toward AI activities.,-0.30952682584933106,MODERATE,You think current AI has reasonable but limited capability.
H_0035,0.49555643381324616,MODERATE,You think AI tools can be somewhat useful for certain tasks.,0.7766804174697957,HIGH,You pick up new technology quickly and find it intuitive.,0.2825170482427125,MODERATE,You sometimes try new technology when it seems relevant.,0.6742134688305244,HIGH,You feel enthusiastic and positive about AI-assisted activities.,1.1438493580048343,HIGH,You believe current AI is capable of complex information tasks.
H_0036,-0.5885034777399788,LOW,You are skeptical that AI tools genuinely improve task performance.,-1.7120240184176803,LOW,You find new technology interfaces difficult and frustrating.,-1.5223243066047878,LOW,You rarely choose to adopt new digital tools in daily life.,0.9558667695125286,HIGH,You feel enthusiastic and positive about AI-assisted activities.,-0.29792037670649346,MODERATE,You think current AI has reasonable but limited capability.
H_0037,-0.766359466740689,LOW,You are skeptical that AI tools genuinely improve task performance.,0.5165435784821198,HIGH,You pick up new technology quickly and find it intuitive.,-0.8643320477925772,LOW,You rarely choose to adopt new digital tools in daily life.,-0.9494284699004931,LOW,You feel somewhat uncomfortable or skeptical about AI activities.,0.007570762605149615,MODERATE,You think current AI has reasonable but limited capability.
H_0038,-0.04194250887781676,MODERATE,You think AI tools can be somewhat useful for certain tasks.,-0.5848242291683864,LOW,You find new technology interfaces difficult and frustrating.,0.13253767888258258,MODERATE,You sometimes try new technology when it seems relevant.,-1.3592110112982614,LOW,You feel somewhat uncomfortable or skeptical about AI activities.,-0.8218973251207584,LOW,You doubt that current AI handles complex real-world tasks well.
H_0039,1.1061037362771937,HIGH,You strongly believe AI tools improve efficiency and outcomes.,-0.1651227849458808,MODERATE,You find most apps usable but sometimes need time to learn.,0.4072408076722177,MODERATE,You sometimes try new technology when it seems relevant.,0.4795758146922947,MODERATE,You have a neutral-to-positive attitude toward AI activities.,-0.44591958343985855,MODERATE,You think current AI has reasonable but limited capability.
H_0040,-0.3542595980592902,MODERATE,You think AI tools can be somewhat useful for certain tasks.,-0.25053503050238146,MODERATE,You find most apps usable but sometimes need time to learn.,-0.08129164287750804,MODERATE,You sometimes try new technology when it seems relevant.,-1.0560260705446882,LOW,You feel somewhat uncomfortable or skeptical about AI activities.,0.5157370716062176,HIGH,You believe current AI is capable of complex information tasks.
H_0041,-0.924471155811544,LOW,You are skeptical that AI tools genuinely improve task performance.,-0.8293600359027673,LOW,You find new technology interfaces difficult and frustrating.,1.0011090395119617,HIGH,You actively seek out and adopt useful new technology tools.,-0.42726990901569856,MODERATE,You have a neutral-to-positive attitude toward AI activities.,-0.1207425305271254,MODERATE,You think current AI has reasonable but limited capability.
H_0042,0.39677626924690595,MODERATE,You think AI tools can be somewhat useful for certain tasks.,0.2117115130194257,MODERATE,You find most apps usable but sometimes need time to learn.,-0.56935778076948,LOW,You rarely choose to adopt new digital tools in daily life.,2.9824854606912297,HIGH,You feel enthusiastic and positive about AI-assisted activities.,0.1970207802410058,MODERATE,You think current AI has reasonable but limited capability.
H_0043,-0.8527538999220681,LOW,You are skeptical that AI tools genuinely improve task performance.,-1.0318008075527858,LOW,You find new technology interfaces difficult and frustrating.,0.48887574678168216,MODERATE,You sometimes try new technology when it seems relevant.,-0.014568619004558196,MODERATE,You have a neutral-to-positive attitude toward AI activities.,-0.8121288007507742,LOW,You doubt that current AI handles complex real-world tasks well.
H_0044,-0.32962167250051766,MODERATE,You think AI tools can be somewhat useful for certain tasks.,-0.36389497930073966,MODERATE,You find most apps usable but sometimes need time to learn.,-1.0517873976603531,LOW,You rarely choose to adopt new digital tools in daily life.,-0.8823830617058841,LOW,You feel somewhat uncomfortable or skeptical about AI activities.,-0.03781885008099923,MODERATE,You think current AI has reasonable but limited capability.
H_0045,-0.9579407362709829,LOW,You are skeptical that AI tools genuinely improve task performance.,-2.164295116563075,LOW,You find new technology interfaces difficult and frustrating.,-2.3971241921160265,LOW,You rarely choose to adopt new digital tools in daily life.,-2.6694259413426855,LOW,You feel somewhat uncomfortable or skeptical about AI activities.,-0.05366877139275403,MODERATE,You think current AI has reasonable but limited capability.
H_0046,-0.4189641592924183,MODERATE,You think AI tools can be somewhat useful for certain tasks.,-0.11449384900509606,MODERATE,You find most apps usable but sometimes need time to learn.,-1.4823274709432943,LOW,You rarely choose to adopt new digital tools in daily life.,-0.8391203363176133,LOW,You feel somewhat uncomfortable or skeptical about AI activities.,-1.1427453102627934,LOW,You doubt that current AI handles complex real-world tasks well.
H_0047,0.9524441458861311,HIGH,You strongly believe AI tools improve efficiency and outcomes.,0.2601136086013128,MODERATE,You find most apps usable but sometimes need time to learn.,-0.4180397007029041,MODERATE,You sometimes try new technology when it seems relevant.,1.5943186661104942,HIGH,You feel enthusiastic and positive about AI-assisted activities.,0.10823800962392902,MODERATE,You think current AI has reasonable but limited capability.
H_0048,-0.1726555982608133,MODERATE,You think AI tools can be somewhat useful for certain tasks.,-0.5271262337628028,LOW,You find new technology interfaces difficult and frustrating.,-1.7100757572212282,LOW,You rarely choose to adopt new digital tools in daily life.,-0.6625701237451058,LOW,You feel somewhat uncomfortable or skeptical about AI activities.,0.9997942216063317,HIGH,You believe current AI is capable of complex information tasks.
H_0049,0.11627069816004079,MODERATE,You think AI tools can be somewhat useful for certain tasks.,0.37133373102423645,MODERATE,You find most apps usable but sometimes need time to learn.,1.3615488029713059,HIGH,You actively seek out and adopt useful new technology tools.,0.24551614016192555,MODERATE,You have a neutral-to-positive attitude toward AI activities.,0.8841478228162084,HIGH,You believe current AI is capable of complex information tasks.
H_0050,-0.7707402153876924,LOW,You are skeptical that AI tools genuinely improve task performance.,1.0498692613188714,HIGH,You pick up new technology quickly and find it intuitive.,0.0689275006687523,MODERATE,You sometimes try new technology when it seems relevant.,0.5217029092742451,HIGH,You feel enthusiastic and positive about AI-assisted activities.,0.5599819617267606,HIGH,You believe current AI is capable of complex information tasks.
H_0051,0.36123919378348873,MODERATE,You think AI tools can be somewhat useful for certain tasks.,-0.520770684297436,LOW,You find new technology interfaces difficult and frustrating.,2.6621681881370436,HIGH,You actively seek out and adopt useful new technology tools.,1.0669905838566955,HIGH,You feel enthusiastic and positive about AI-assisted activities.,0.9135524196818996,HIGH,You believe current AI is capable of complex information tasks.
H_0052,0.16670138985609204,MODERATE,You think AI tools can be somewhat useful for certain tasks.,0.7822887792581937,HIGH,You pick up new technology quickly and find it intuitive.,0.42855337954605616,MODERATE,You sometimes try new technology when it seems relevant.,1.0235788061221973,HIGH,You feel enthusiastic and positive about AI-assisted activities.,-0.8050040867178423,LOW,You doubt that current AI handles complex real-world tasks well.
H_0053,1.467900534527715,HIGH,You strongly believe AI tools improve efficiency and outcomes.,2.7557657692983177,HIGH,You pick up new technology quickly and find it intuitive.,-0.16409287260499247,MODERATE,You sometimes try new technology when it seems relevant.,-0.2385151240806929,MODERATE,You have a neutral-to-positive attitude toward AI activities.,-0.398157896353005,MODERATE,You think current AI has reasonable but limited capability.
H_0054,1.3447792050443426,HIGH,You strongly believe AI tools improve efficiency and outcomes.,1.6291289250063519,HIGH,You pick up new technology quickly and find it intuitive.,1.0933515149746733,HIGH,You actively seek out and adopt useful new technology tools.,1.0960552125039094,HIGH,You feel enthusiastic and positive about AI-assisted activities.,-0.8714762140011253,LOW,You doubt that current AI handles complex real-world tasks well.
H_0055,-1.2222572914175132,LOW,You are skeptical that AI tools genuinely improve task performance.,-1.6428558166684513,LOW,You find new technology interfaces difficult and frustrating.,-0.9333347769119921,LOW,You rarely choose to adopt new digital tools in daily life.,-1.7511404213212427,LOW,You feel somewhat uncomfortable or skeptical about AI activities.,0.5305758606164608,HIGH,You believe current AI is capable of complex information tasks.
H_0056,-0.383532945786611,MODERATE,You think AI tools can be somewhat useful for certain tasks.,0.12559406998095596,MODERATE,You find most apps usable but sometimes need time to learn.,-0.23103565927076525,MODERATE,You sometimes try new technology when it seems relevant.,-0.6124922108212724,LOW,You feel somewhat uncomfortable or skeptical about AI activities.,-0.5663950822323902,LOW,You doubt that current AI handles complex real-world tasks well.
H_0057,0.5776652778944639,HIGH,You strongly believe AI tools improve efficiency and outcomes.,-1.5518874360442767,LOW,You find new technology interfaces difficult and frustrating.,-0.6273207641592599,LOW,You rarely choose to adopt new digital tools in daily life.,1.244341568881634,HIGH,You feel enthusiastic and positive about AI-assisted activities.,-0.3764356927940965,MODERATE,You think current AI has reasonable but limited capability.
H_0058,1.3851228293214388,HIGH,You strongly believe AI tools improve efficiency and outcomes.,0.9662683323352365,HIGH,You pick up new technology quickly and find it intuitive.,1.8793683833564134,HIGH,You actively seek out and adopt useful new technology tools.,1.3498482637650189,HIGH,You feel enthusiastic and positive about AI-assisted activities.,1.5462430958384148,HIGH,You believe current AI is capable of complex information tasks.
H_0059,-0.3304941545534693,MODERATE,You think AI tools can be somewhat useful for certain tasks.,0.7518464215702633,HIGH,You pick up new technology quickly and find it intuitive.,-0.16844356427325527,MODERATE,You sometimes try new technology when it seems relevant.,0.24725063947450235,MODERATE,You have a neutral-to-positive attitude toward AI activities.,0.40447153093837723,MODERATE,You think current AI has reasonable but limited capability.
H_0060,0.07414022933817159,MODERATE,You think AI tools can be somewhat useful for certain tasks.,0.3010498538914144,MODERATE,You find most apps usable but sometimes need time to learn.,0.8158690708588988,HIGH,You actively seek out and adopt useful new technology tools.,1.2889100511568938,HIGH,You feel enthusiastic and positive about AI-assisted activities.,-0.07486546779607689,MODERATE,You think current AI has reasonable but limited capability.
H_0061,0.2666973771347635,MODERATE,You think AI tools can be somewhat useful for certain tasks.,0.18308186020763265,MODERATE,You find most apps usable but sometimes need time to learn.,0.709356925525615,HIGH,You actively seek out and adopt useful new technology tools.,0.7541830695563668,HIGH,You feel enthusiastic and positive about AI-assisted activities.,1.2001895434258263,HIGH,You believe current AI is capable of complex information tasks.
H_0062,-0.37087227282379487,MODERATE,You think AI tools can be somewhat useful for certain tasks.,0.3407942837253844,MODERATE,You find most apps usable but sometimes need time to learn.,0.45403206563936954,MODERATE,You sometimes try new technology when it seems relevant.,0.10738938278636696,MODERATE,You have a neutral-to-positive attitude toward AI activities.,-1.0846590374865508,LOW,You doubt that current AI handles complex real-world tasks well.
H_0063,-0.3298160670056756,MODERATE,You think AI tools can be somewhat useful for certain tasks.,-0.4213186999362306,MODERATE,You find most apps usable but sometimes need time to learn.,0.35847725330180313,MODERATE,You sometimes try new technology when it seems relevant.,1.4070886136175322,HIGH,You feel enthusiastic and positive about AI-assisted activities.,-0.4053285590025247,MODERATE,You think current AI has reasonable but limited capability.
H_0064,-0.1835459742887733,MODERATE,You think AI tools can be somewhat useful for certain tasks.,0.2123689059866598,MODERATE,You find most apps usable but sometimes need time to learn.,0.29081082981754486,MODERATE,You sometimes try new technology when it seems relevant.,0.08559715708475445,MODERATE,You have a neutral-to-positive attitude toward AI activities.,-0.5466073265224642,LOW,You doubt that current AI handles complex real-world tasks well.
H_0065,-1.2687677965297115,LOW,You are skeptical that AI tools genuinely improve task performance.,0.8840427643836972,HIGH,You pick up new technology quickly and find it intuitive.,0.7959083679600423,HIGH,You actively seek out and adopt useful new technology tools.,-0.22682566420886485,MODERATE,You have a neutral-to-positive attitude toward AI activities.,-0.40888801748105347,MODERATE,You think current AI has reasonable but limited capability.
H_0066,0.5933141237712303,HIGH,You strongly believe AI tools improve efficiency and outcomes.,0.2460240068016067,MODERATE,You find most apps usable but sometimes need time to learn.,1.3875634476983196,HIGH,You actively seek out and adopt useful new technology tools.,1.8267912380516451,HIGH,You feel enthusiastic and positive about AI-assisted activities.,0.17146301363383518,MODERATE,You think current AI has reasonable but limited capability.
H_0067,0.38055370777544617,MODERATE,You think AI tools can be somewhat useful for certain tasks.,-0.1197371368089148,MODERATE,You find most apps usable but sometimes need time to learn.,-0.8720670013965609,LOW,You rarely choose to adopt new digital tools in daily life.,0.1666752028114579,MODERATE,You have a neutral-to-positive attitude toward AI activities.,0.5420636759330969,HIGH,You believe current AI is capable of complex information tasks.
H_0068,-0.12588180571324945,MODERATE,You think AI tools can be somewhat useful for certain tasks.,0.4908029747380622,MODERATE,You find most apps usable but sometimes need time to learn.,0.04344239206949766,MODERATE,You sometimes try new technology when it seems relevant.,-0.367078174975489,MODERATE,You have a neutral-to-positive attitude toward AI activities.,0.6803521360035114,HIGH,You believe current AI is capable of complex information tasks.
H_0069,0.9632722952434651,HIGH,You strongly believe AI tools improve efficiency and outcomes.,0.27129243717938994,MODERATE,You find most apps usable but sometimes need time to learn.,0.883845778995987,HIGH,You actively seek out and adopt useful new technology tools.,0.43272077338050435,MODERATE,You have a neutral-to-positive attitude toward AI activities.,0.36346024570215074,MODERATE,You think current AI has reasonable but limited capability.
H_0070,0.2629507382873211,MODERATE,You think AI tools can be somewhat useful for certain tasks.,0.8471803615066238,HIGH,You pick up new technology quickly and find it intuitive.,-1.1017370688725598,LOW,You rarely choose to adopt new digital tools in daily life.,-1.061129550661617,LOW,You feel somewhat uncomfortable or skeptical about AI activities.,0.43821151602234615,MODERATE,You think current AI has reasonable but limited capability.
H_0071,-0.15528918104278783,MODERATE,You think AI tools can be somewhat useful for certain tasks.,-0.9774149399863874,LOW,You find new technology interfaces difficult and frustrating.,0.5112881548988487,HIGH,You actively seek out and adopt useful new technology tools.,0.26296450018644935,MODERATE,You have a neutral-to-positive attitude toward AI activities.,-1.0395713147855026,LOW,You doubt that current AI handles complex real-world tasks well.
H_0072,0.6329081851439203,HIGH,You strongly believe AI tools improve efficiency and outcomes.,0.9594900745256274,HIGH,You pick up new technology quickly and find it intuitive.,1.1055287242415222,HIGH,You actively seek out and adopt useful new technology tools.,0.368092574272322,MODERATE,You have a neutral-to-positive attitude toward AI activities.,0.6363621579669553,HIGH,You believe current AI is capable of complex information tasks.
H_0073,-0.6293739225643367,LOW,You are skeptical that AI tools genuinely improve task performance.,-0.345058457721863,MODERATE,You find most apps usable but sometimes need time to learn.,-0.05726809813980264,MODERATE,You sometimes try new technology when it seems relevant.,0.37280938130997354,MODERATE,You have a neutral-to-positive attitude toward AI activities.,-1.45002346024817,LOW,You doubt that current AI handles complex real-world tasks well.
H_0074,0.27706892325298466,MODERATE,You think AI tools can be somewhat useful for certain tasks.,0.27801509113392586,MODERATE,You find most apps usable but sometimes need time to learn.,0.7495442501914289,HIGH,You actively seek out and adopt useful new technology tools.,0.005320725617671253,MODERATE,You have a neutral-to-positive attitude toward AI activities.,0.14344363325503778,MODERATE,You think current AI has reasonable but limited capability.
H_0075,-0.6542550810393906,LOW,You are skeptical that AI tools genuinely improve task performance.,-0.9729829616061018,LOW,You find new technology interfaces difficult and frustrating.,-0.25314386786829113,MODERATE,You sometimes try new technology when it seems relevant.,1.6383987565833582,HIGH,You feel enthusiastic and positive about AI-assisted activities.,0.02520975373750817,MODERATE,You think current AI has reasonable but limited capability.
H_0076,-0.6637762510311708,LOW,You are skeptical that AI tools genuinely improve task performance.,0.7354602914218553,HIGH,You pick up new technology quickly and find it intuitive.,1.7211762318315444,HIGH,You actively seek out and adopt useful new technology tools.,0.8375508902171805,HIGH,You feel enthusiastic and positive about AI-assisted activities.,0.20319528733804426,MODERATE,You think current AI has reasonable but limited capability.
H_0077,1.0576953798948312,HIGH,You strongly believe AI tools improve efficiency and outcomes.,2.0520060481140434,HIGH,You pick up new technology quickly and find it intuitive.,0.1406290167344929,MODERATE,You sometimes try new technology when it seems relevant.,-0.3866938893195034,MODERATE,You have a neutral-to-positive attitude toward AI activities.,0.33878189296849126,MODERATE,You think current AI has reasonable but limited capability.
H_0078,-0.7374563549013328,LOW,You are skeptical that AI tools genuinely improve task performance.,-1.2782889411317357,LOW,You find new technology interfaces difficult and frustrating.,0.8887537415114164,HIGH,You actively seek out and adopt useful new technology tools.,0.2202409221811425,MODERATE,You have a neutral-to-positive attitude toward AI activities.,0.32961022896039405,MODERATE,You think current AI has reasonable but limited capability.
H_0079,-0.32303880839866084,MODERATE,You think AI tools can be somewhat useful for certain tasks.,1.8118625543380054,HIGH,You pick up new technology quickly and find it intuitive.,0.38151999913108764,MODERATE,You sometimes try new technology when it seems relevant.,1.4741960541102104,HIGH,You feel enthusiastic and positive about AI-assisted activities.,-0.013096846231882167,MODERATE,You think current AI has reasonable but limited capability.
H_0080,0.34985715545951734,MODERATE,You think AI tools can be somewhat useful for certain tasks.,-0.5586321221281367,LOW,You find new technology interfaces difficult and frustrating.,-0.5506471154987497,LOW,You rarely choose to adopt new digital tools in daily life.,0.8032117865636523,HIGH,You feel enthusiastic and positive about AI-assisted activities.,1.8242265715121582,HIGH,You believe current AI is capable of complex information tasks.
H_0081,1.246227890951384,HIGH,You strongly believe AI tools improve efficiency and outcomes.,1.1343349408211798,HIGH,You pick up new technology quickly and find it intuitive.,1.1812310813698186,HIGH,You actively seek out and adopt useful new technology tools.,0.8848482579604393,HIGH,You feel enthusiastic and positive about AI-assisted activities.,1.4494322754170206,HIGH,You believe current AI is capable of complex information tasks.
H_0082,-0.5938980110382666,LOW,You are skeptical that AI tools genuinely improve task performance.,-0.21319343718089132,MODERATE,You find most apps usable but sometimes need time to learn.,-1.1168144608715924,LOW,You rarely choose to adopt new digital tools in daily life.,-0.509815804358412,LOW,You feel somewhat uncomfortable or skeptical about AI activities.,0.33535521036286503,MODERATE,You think current AI has reasonable but limited capability.
H_0083,-1.302999978866888,LOW,You are skeptical that AI tools genuinely improve task performance.,0.9469202836658013,HIGH,You pick up new technology quickly and find it intuitive.,-1.2360565122541611,LOW,You rarely choose to adopt new digital tools in daily life.,-0.7610910074961241,LOW,You feel somewhat uncomfortable or skeptical about AI activities.,0.08488363343087531,MODERATE,You think current AI has reasonable but limited capability.
H_0084,-0.07286930673455613,MODERATE,You think AI tools can be somewhat useful for certain tasks.,0.5015366021476866,HIGH,You pick up new technology quickly and find it intuitive.,1.3782413349695828,HIGH,You actively seek out and adopt useful new technology tools.,1.2423145141494671,HIGH,You feel enthusiastic and positive about AI-assisted activities.,-0.49007703484498216,MODERATE,You think current AI has reasonable but limited capability.
H_0085,-2.196497893792535,LOW,You are skeptical that AI tools genuinely improve task performance.,-1.1872191310941878,LOW,You find new technology interfaces difficult and frustrating.,-1.0422205869524035,LOW,You rarely choose to adopt new digital tools in daily life.,-0.7323172340759178,LOW,You feel somewhat uncomfortable or skeptical about AI activities.,-2.529188293793572,LOW,You doubt that current AI handles complex real-world tasks well.
H_0086,-1.7515978233910836,LOW,You are skeptical that AI tools genuinely improve task performance.,-1.0788127409352666,LOW,You find new technology interfaces difficult and frustrating.,-0.27255671448260155,MODERATE,You sometimes try new technology when it seems relevant.,-1.8757046071466787,LOW,You feel somewhat uncomfortable or skeptical about AI activities.,0.27183796524708814,MODERATE,You think current AI has reasonable but limited capability.
H_0087,0.4767575453910512,MODERATE,You think AI tools can be somewhat useful for certain tasks.,1.2546818087871643,HIGH,You pick up new technology quickly and find it intuitive.,-0.4783320400930173,MODERATE,You sometimes try new technology when it seems relevant.,1.2344298872503001,HIGH,You feel enthusiastic and positive about AI-assisted activities.,2.1349482843096164,HIGH,You believe current AI is capable of complex information tasks.
H_0088,1.033081101439364,HIGH,You strongly believe AI tools improve efficiency and outcomes.,0.47948063207816993,MODERATE,You find most apps usable but sometimes need time to learn.,-0.04848973914049168,MODERATE,You sometimes try new technology when it seems relevant.,-0.24586084713515663,MODERATE,You have a neutral-to-positive attitude toward AI activities.,-1.8129192970750765,LOW,You doubt that current AI handles complex real-world tasks well.
H_0089,-0.16952719560150745,MODERATE,You think AI tools can be somewhat useful for certain tasks.,1.2400401602811926,HIGH,You pick up new technology quickly and find it intuitive.,-0.2314171045640589,MODERATE,You sometimes try new technology when it seems relevant.,-1.3892355829362701,LOW,You feel somewhat uncomfortable or skeptical about AI activities.,-0.7272820385082889,LOW,You doubt that current AI handles complex real-world tasks well.
H_0090,-0.18098386938811264,MODERATE,You think AI tools can be somewhat useful for certain tasks.,0.12364486408910302,MODERATE,You find most apps usable but sometimes need time to learn.,-0.21624769149251621,MODERATE,You sometimes try new technology when it seems relevant.,-1.2389613732300777,LOW,You feel somewhat uncomfortable or skeptical about AI activities.,-0.9437020511717665,LOW,You doubt that current AI handles complex real-world tasks well.
H_0091,-0.18963062657325613,MODERATE,You think AI tools can be somewhat useful for certain tasks.,0.771039587862075,HIGH,You pick up new technology quickly and find it intuitive.,0.5096592978747059,HIGH,You actively seek out and adopt useful new technology tools.,-0.0828161075688145,MODERATE,You have a neutral-to-positive attitude toward AI activities.,-0.8368765895866047,LOW,You doubt that current AI handles complex real-world tasks well.
H_0092,1.0133087208779332,HIGH,You strongly believe AI tools improve efficiency and outcomes.,1.2065897776455565,HIGH,You pick up new technology quickly and find it intuitive.,0.7371325108719953,HIGH,You actively seek out and adopt useful new technology tools.,-0.30556426926555713,MODERATE,You have a neutral-to-positive attitude toward AI activities.,0.27750873518368285,MODERATE,You think current AI has reasonable but limited capability.
H_0093,-1.679375448317735,LOW,You are skeptical that AI tools genuinely improve task performance.,-0.7738222232607529,LOW,You find new technology interfaces difficult and frustrating.,-1.5445362260641005,LOW,You rarely choose to adopt new digital tools in daily life.,-1.6922822285527892,LOW,You feel somewhat uncomfortable or skeptical about AI activities.,-1.3998111963146258,LOW,You doubt that current AI handles complex real-world tasks well.
H_0094,0.4847816575709526,MODERATE,You think AI tools can be somewhat useful for certain tasks.,-0.5304815075470807,LOW,You find new technology interfaces difficult and frustrating.,0.7340264359881404,HIGH,You actively seek out and adopt useful new technology tools.,0.10021037771832597,MODERATE,You have a neutral-to-positive attitude toward AI activities.,-0.12990162515948678,MODERATE,You think current AI has reasonable but limited capability.
H_0095,-0.6019156130668605,LOW,You are skeptical that AI tools genuinely improve task performance.,1.6774873737061289,HIGH,You pick up new technology quickly and find it intuitive.,-1.4983910407801402,LOW,You rarely choose to adopt new digital tools in daily life.,0.3904749000785297,MODERATE,You have a neutral-to-positive attitude toward AI activities.,1.4890310765380148,HIGH,You believe current AI is capable of complex information tasks.
H_0096,-1.640165023917366,LOW,You are skeptical that AI tools genuinely improve task performance.,0.43901172202558475,MODERATE,You find most apps usable but sometimes need time to learn.,0.5659293553058551,HIGH,You actively seek out and adopt useful new technology tools.,1.4985962643340447,HIGH,You feel enthusiastic and positive about AI-assisted activities.,0.1341633657801012,MODERATE,You think current AI has reasonable but limited capability.
H_0097,0.0275622916912916,MODERATE,You think AI tools can be somewhat useful for certain tasks.,1.3731614422237552,HIGH,You pick up new technology quickly and find it intuitive.,-0.27699174903039325,MODERATE,You sometimes try new technology when it seems relevant.,-0.8041040836614431,LOW,You feel somewhat uncomfortable or skeptical about AI activities.,0.3901364611797085,MODERATE,You think current AI has reasonable but limited capability.
H_0098,0.15598738941405807,MODERATE,You think AI tools can be somewhat useful for certain tasks.,2.0708288400838484,HIGH,You pick up new technology quickly and find it intuitive.,0.4997931751547723,MODERATE,You sometimes try new technology when it seems relevant.,1.4712946518463734,HIGH,You feel enthusiastic and positive about AI-assisted activities.,1.1998416311148408,HIGH,You believe current AI is capable of complex information tasks.
H_0099,0.5274326920846165,HIGH,You strongly believe AI tools improve efficiency and outcomes.,-0.37781752576797906,MODERATE,You find most apps usable but sometimes need time to learn.,-0.2375191313984951,MODERATE,You sometimes try new technology when it seems relevant.,1.0066331186312578,HIGH,You feel enthusiastic and positive about AI-assisted activities.,-1.2342732602609354,LOW,You doubt that current AI handles complex real-world tasks well.
H_0100,0.08850329089069447,MODERATE,You think AI tools can be somewhat useful for certain tasks.,-0.26196603676145236,MODERATE,You find most apps usable but sometimes need time to learn.,-0.40599780062541907,MODERATE,You sometimes try new technology when it seems relevant.,-1.566436759185891,LOW,You feel somewhat uncomfortable or skeptical about AI activities.,0.33628808461946746,MODERATE,You think current AI has reasonable but limited capability.
H_0101,-0.9844841765439756,LOW,You are skeptical that AI tools genuinely improve task performance.,0.3364584132759891,MODERATE,You find most apps usable but sometimes need time to learn.,0.0964450336896223,MODERATE,You sometimes try new technology when it seems relevant.,-0.7500771698404425,LOW,You feel somewhat uncomfortable or skeptical about AI activities.,-2.238827688263921,LOW,You doubt that current AI handles complex real-world tasks well.
H_0102,0.39032767655612516,MODERATE,You think AI tools can be somewhat useful for certain tasks.,1.024574216653297,HIGH,You pick up new technology quickly and find it intuitive.,0.31158253738392566,MODERATE,You sometimes try new technology when it seems relevant.,-0.3462245278756534,MODERATE,You have a neutral-to-positive attitude toward AI activities.,0.5407949845114643,HIGH,You believe current AI is capable of complex information tasks.
H_0103,0.33542326173142806,MODERATE,You think AI tools can be somewhat useful for certain tasks.,-0.15995675798882847,MODERATE,You find most apps usable but sometimes need time to learn.,-0.19580838566066094,MODERATE,You sometimes try new technology when it seems relevant.,-0.7187526269160391,LOW,You feel somewhat uncomfortable or skeptical about AI activities.,-0.27504042242130955,MODERATE,You think current AI has reasonable but limited capability.
H_0104,-0.6303224304803589,LOW,You are skeptical that AI tools genuinely improve task performance.,0.14908200469909047,MODERATE,You find most apps usable but sometimes need time to learn.,-0.9187433767336896,LOW,You rarely choose to adopt new digital tools in daily life.,-0.26905057307505026,MODERATE,You have a neutral-to-positive attitude toward AI activities.,-1.1304614112060993,LOW,You doubt that current AI handles complex real-world tasks well.
H_0105,1.0450496851022684,HIGH,You strongly believe AI tools improve efficiency and outcomes.,1.6683483190047965,HIGH,You pick up new technology quickly and find it intuitive.,1.7551000446219784,HIGH,You actively seek out and adopt useful new technology tools.,1.0343667977882967,HIGH,You feel enthusiastic and positive about AI-assisted activities.,0.5631382890737586,HIGH,You believe current AI is capable of complex information tasks.
H_0106,1.2721975337712175,HIGH,You strongly believe AI tools improve efficiency and outcomes.,1.3847394156857675,HIGH,You pick up new technology quickly and find it intuitive.,1.1947295214649623,HIGH,You actively seek out and adopt useful new technology tools.,0.6087597030296317,HIGH,You feel enthusiastic and positive about AI-assisted activities.,2.3866966400340623,HIGH,You believe current AI is capable of complex information tasks.
H_0107,0.18264121629122052,MODERATE,You think AI tools can be somewhat useful for certain tasks.,-0.4447571844628807,MODERATE,You find most apps usable but sometimes need time to learn.,-1.0753496638069964,LOW,You rarely choose to adopt new digital tools in daily life.,-1.4713076971707453,LOW,You feel somewhat uncomfortable or skeptical about AI activities.,0.6801771023294881,HIGH,You believe current AI is capable of complex information tasks.
H_0108,-0.6328185055448982,LOW,You are skeptical that AI tools genuinely improve task performance.,0.5198589182645166,HIGH,You pick up new technology quickly and find it intuitive.,-0.014939938291735616,MODERATE,You sometimes try new technology when it seems relevant.,-0.44446914607757465,MODERATE,You have a neutral-to-positive attitude toward AI activities.,0.6408523163866132,HIGH,You believe current AI is capable of complex information tasks.
H_0109,-1.5407043458990042,LOW,You are skeptical that AI tools genuinely improve task performance.,-0.5068637032634962,LOW,You find new technology interfaces difficult and frustrating.,0.41448534321039415,MODERATE,You sometimes try new technology when it seems relevant.,-1.8193258372779757,LOW,You feel somewhat uncomfortable or skeptical about AI activities.,0.7623832058139529,HIGH,You believe current AI is capable of complex information tasks.
H_0110,0.44524769850351986,MODERATE,You think AI tools can be somewhat useful for certain tasks.,0.7126045731293267,HIGH,You pick up new technology quickly and find it intuitive.,1.1100024558668635,HIGH,You actively seek out and adopt useful new technology tools.,0.49429200503436205,MODERATE,You have a neutral-to-positive attitude toward AI activities.,0.09559826610139478,MODERATE,You think current AI has reasonable but limited capability.
H_0111,-0.2682975142810255,MODERATE,You think AI tools can be somewhat useful for certain tasks.,-0.8399186064473848,LOW,You find new technology interfaces difficult and frustrating.,0.04816827673469194,MODERATE,You sometimes try new technology when it seems relevant.,0.3385202631741553,MODERATE,You have a neutral-to-positive attitude toward AI activities.,0.3966522473999657,MODERATE,You think current AI has reasonable but limited capability.
H_0112,0.10686488403151252,MODERATE,You think AI tools can be somewhat useful for certain tasks.,0.7108814664634461,HIGH,You pick up new technology quickly and find it intuitive.,0.2808340264725817,MODERATE,You sometimes try new technology when it seems relevant.,-0.027783643979275054,MODERATE,You have a neutral-to-positive attitude toward AI activities.,0.5578632769339116,HIGH,You believe current AI is capable of complex information tasks.
H_0113,-0.041936834395782274,MODERATE,You think AI tools can be somewhat useful for certain tasks.,-1.08730696884839,LOW,You find new technology interfaces difficult and frustrating.,0.19386469509341409,MODERATE,You sometimes try new technology when it seems relevant.,1.0143734878837163,HIGH,You feel enthusiastic and positive about AI-assisted activities.,-1.545204103173812,LOW,You doubt that current AI handles complex real-world tasks well.
H_0114,1.4374833410342738,HIGH,You strongly believe AI tools improve efficiency and outcomes.,0.8296962810460683,HIGH,You pick up new technology quickly and find it intuitive.,-0.9059308796972365,LOW,You rarely choose to adopt new digital tools in daily life.,-0.8976526116273744,LOW,You feel somewhat uncomfortable or skeptical about AI activities.,1.2392896141929408,HIGH,You believe current AI is capable of complex information tasks.
H_0115,0.12786079935545894,MODERATE,You think AI tools can be somewhat useful for certain tasks.,-0.45312842829769046,MODERATE,You find most apps usable but sometimes need time to learn.,0.3011349826520106,MODERATE,You sometimes try new technology when it seems relevant.,0.8508876588444607,HIGH,You feel enthusiastic and positive about AI-assisted activities.,-1.2068925536975552,LOW,You doubt that current AI handles complex real-world tasks well.
H_0116,2.6196337252963238,HIGH,You strongly believe AI tools improve efficiency and outcomes.,0.6019917248189893,HIGH,You pick up new technology quickly and find it intuitive.,1.1620375586252554,HIGH,You actively seek out and adopt useful new technology tools.,2.263274421415643,HIGH,You feel enthusiastic and positive about AI-assisted activities.,1.1647150512484448,HIGH,You believe current AI is capable of complex information tasks.
H_0117,-1.652732927191769,LOW,You are skeptical that AI tools genuinely improve task performance.,-0.22397137039837067,MODERATE,You find most apps usable but sometimes need time to learn.,0.07790669913109922,MODERATE,You sometimes try new technology when it seems relevant.,0.24158019511154097,MODERATE,You have a neutral-to-positive attitude toward AI activities.,0.5335999352028201,HIGH,You believe current AI is capable of complex information tasks.
H_0118,-0.6623624673220879,LOW,You are skeptical that AI tools genuinely improve task performance.,0.6577229788249482,HIGH,You pick up new technology quickly and find it intuitive.,-0.032055411781247024,MODERATE,You sometimes try new technology when it seems relevant.,-0.7635721775438294,LOW,You feel somewhat uncomfortable or skeptical about AI activities.,0.09118223567586188,MODERATE,You think current AI has reasonable but limited capability.
H_0119,-0.29348054762443765,MODERATE,You think AI tools can be somewhat useful for certain tasks.,-0.3133255764254331,MODERATE,You find most apps usable but sometimes need time to learn.,-0.5182437402858521,LOW,You rarely choose to adopt new digital tools in daily life.,0.4946510147516442,MODERATE,You have a neutral-to-positive attitude toward AI activities.,0.4179979356510923,MODERATE,You think current AI has reasonable but limited capability.
H_0120,0.6982126856880371,HIGH,You strongly believe AI tools improve efficiency and outcomes.,0.9708976695564877,HIGH,You pick up new technology quickly and find it intuitive.,-0.1969078962309344,MODERATE,You sometimes try new technology when it seems relevant.,0.2478864148540703,MODERATE,You have a neutral-to-positive attitude toward AI activities.,0.16251704746687196,MODERATE,You think current AI has reasonable but limited capability.
H_0121,-1.4665516876460132,LOW,You are skeptical that AI tools genuinely improve task performance.,-0.8055399181863477,LOW,You find new technology interfaces difficult and frustrating.,-0.6496496619336287,LOW,You rarely choose to adopt new digital tools in daily life.,-0.21172286924958825,MODERATE,You have a neutral-to-positive attitude toward AI activities.,0.5846212192211891,HIGH,You believe current AI is capable of complex information tasks.
H_0122,-0.44050900520410297,MODERATE,You think AI tools can be somewhat useful for certain tasks.,-0.6686873967539791,LOW,You find new technology interfaces difficult and frustrating.,-2.9951126616259836,LOW,You rarely choose to adopt new digital tools in daily life.,-1.4806299980611957,LOW,You feel somewhat uncomfortable or skeptical about AI activities.,-1.2425897403971902,LOW,You doubt that current AI handles complex real-world tasks well.
H_0123,0.10421803322809134,MODERATE,You think AI tools can be somewhat useful for certain tasks.,-0.9055602812492346,LOW,You find new technology interfaces difficult and frustrating.,-1.7338752874265477,LOW,You rarely choose to adopt new digital tools in daily life.,0.5531192960069719,HIGH,You feel enthusiastic and positive about AI-assisted activities.,-0.5577025843996025,LOW,You doubt that current AI handles complex real-world tasks well.
H_0124,-0.4151378298875274,MODERATE,You think AI tools can be somewhat useful for certain tasks.,-0.5304414402709213,LOW,You find new technology interfaces difficult and frustrating.,0.10628452407346421,MODERATE,You sometimes try new technology when it seems relevant.,0.26657791121400964,MODERATE,You have a neutral-to-positive attitude toward AI activities.,0.08913644077923927,MODERATE,You think current AI has reasonable but limited capability.
H_0125,-0.23798369609714226,MODERATE,You think AI tools can be somewhat useful for certain tasks.,-0.6472466464602326,LOW,You find new technology interfaces difficult and frustrating.,0.7710612671298641,HIGH,You actively seek out and adopt useful new technology tools.,2.1452598978042174,HIGH,You feel enthusiastic and positive about AI-assisted activities.,0.7449521250092288,HIGH,You believe current AI is capable of complex information tasks.
H_0126,0.3501539827513995,MODERATE,You think AI tools can be somewhat useful for certain tasks.,0.4992852306405026,MODERATE,You find most apps usable but sometimes need time to learn.,-0.4934999120886246,MODERATE,You sometimes try new technology when it seems relevant.,0.6819370012530954,HIGH,You feel enthusiastic and positive about AI-assisted activities.,0.9428173323415528,HIGH,You believe current AI is capable of complex information tasks.
H_0127,1.6606482875190414,HIGH,You strongly believe AI tools improve efficiency and outcomes.,1.0585685471867183,HIGH,You pick up new technology quickly and find it intuitive.,2.1923547613929397,HIGH,You actively seek out and adopt useful new technology tools.,1.104772500060581,HIGH,You feel enthusiastic and positive about AI-assisted activities.,-0.10344240381748762,MODERATE,You think current AI has reasonable but limited capability.
H_0128,2.1240197755694177,HIGH,You strongly believe AI tools improve efficiency and outcomes.,0.7757864748671913,HIGH,You pick up new technology quickly and find it intuitive.,1.910121528388651,HIGH,You actively seek out and adopt useful new technology tools.,0.6511257991616946,HIGH,You feel enthusiastic and positive about AI-assisted activities.,0.3602765672981551,MODERATE,You think current AI has reasonable but limited capability.
H_0129,1.2073445350223533,HIGH,You strongly believe AI tools improve efficiency and outcomes.,-0.008201031523594608,MODERATE,You find most apps usable but sometimes need time to learn.,0.6602822615217365,HIGH,You actively seek out and adopt useful new technology tools.,0.24972481231469948,MODERATE,You have a neutral-to-positive attitude toward AI activities.,-1.2425163699620694,LOW,You doubt that current AI handles complex real-world tasks well.
H_0130,0.29682783700196014,MODERATE,You think AI tools can be somewhat useful for certain tasks.,0.393347074989277,MODERATE,You find most apps usable but sometimes need time to learn.,-1.1908690787399554,LOW,You rarely choose to adopt new digital tools in daily life.,-0.1716409143679352,MODERATE,You have a neutral-to-positive attitude toward AI activities.,2.0392382622679905,HIGH,You believe current AI is capable of complex information tasks.
H_0131,-0.8257300452209595,LOW,You are skeptical that AI tools genuinely improve task performance.,-1.4140796641350557,LOW,You find new technology interfaces difficult and frustrating.,-2.3632119574332737,LOW,You rarely choose to adopt new digital tools in daily life.,-0.12831808878591627,MODERATE,You have a neutral-to-positive attitude toward AI activities.,-2.3080321775093045,LOW,You doubt that current AI handles complex real-world tasks well.
H_0132,-0.16247060613094108,MODERATE,You think AI tools can be somewhat useful for certain tasks.,0.01708368333376977,MODERATE,You find most apps usable but sometimes need time to learn.,0.05538005106144147,MODERATE,You sometimes try new technology when it seems relevant.,-0.0853750772520922,MODERATE,You have a neutral-to-positive attitude toward AI activities.,-0.021272699759282206,MODERATE,You think current AI has reasonable but limited capability.
H_0133,0.7819309595180317,HIGH,You strongly believe AI tools improve efficiency and outcomes.,0.37135621074676106,MODERATE,You find most apps usable but sometimes need time to learn.,0.42697221896328313,MODERATE,You sometimes try new technology when it seems relevant.,-0.14497133967270037,MODERATE,You have a neutral-to-positive attitude toward AI activities.,0.7142866330218088,HIGH,You believe current AI is capable of complex information tasks.
H_0134,1.418859847806964,HIGH,You strongly believe AI tools improve efficiency and outcomes.,-1.6456125194146298,LOW,You find new technology interfaces difficult and frustrating.,-0.7998971734355621,LOW,You rarely choose to adopt new digital tools in daily life.,0.2354388050938423,MODERATE,You have a neutral-to-positive attitude toward AI activities.,0.1555574569209893,MODERATE,You think current AI has reasonable but limited capability.
H_0135,-0.7940843887491759,LOW,You are skeptical that AI tools genuinely improve task performance.,-0.44166174762944976,MODERATE,You find most apps usable but sometimes need time to learn.,-1.2682580286037684,LOW,You rarely choose to adopt new digital tools in daily life.,-2.3388354061405936,LOW,You feel somewhat uncomfortable or skeptical about AI activities.,0.6705906564711643,HIGH,You believe current AI is capable of complex information tasks.
H_0136,-0.028105358680025026,MODERATE,You think AI tools can be somewhat useful for certain tasks.,-0.49420461398835236,MODERATE,You find most apps usable but sometimes need time to learn.,0.18850427368236525,MODERATE,You sometimes try new technology when it seems relevant.,1.4772274945126314,HIGH,You feel enthusiastic and positive about AI-assisted activities.,1.8147390457170334,HIGH,You believe current AI is capable of complex information tasks.
H_0137,-0.8608631042912348,LOW,You are skeptical that AI tools genuinely improve task performance.,0.11270337158678588,MODERATE,You find most apps usable but sometimes need time to learn.,-0.4731504926091745,MODERATE,You sometimes try new technology when it seems relevant.,-1.4819752985472812,LOW,You feel somewhat uncomfortable or skeptical about AI activities.,0.35369591709256387,MODERATE,You think current AI has reasonable but limited capability.
H_0138,-0.991758549610187,LOW,You are skeptical that AI tools genuinely improve task performance.,-0.06710516534458025,MODERATE,You find most apps usable but sometimes need time to learn.,-0.7806975683617138,LOW,You rarely choose to adopt new digital tools in daily life.,-0.34986624356243606,MODERATE,You have a neutral-to-positive attitude toward AI activities.,-0.3084590435267471,MODERATE,You think current AI has reasonable but limited capability.
H_0139,-0.021616368196077533,MODERATE,You think AI tools can be somewhat useful for certain tasks.,1.0126820777635397,HIGH,You pick up new technology quickly and find it intuitive.,0.3184624321587955,MODERATE,You sometimes try new technology when it seems relevant.,0.764385706864401,HIGH,You feel enthusiastic and positive about AI-assisted activities.,-0.8761375712180899,LOW,You doubt that current AI handles complex real-world tasks well.
H_0140,-0.24775413604143465,MODERATE,You think AI tools can be somewhat useful for certain tasks.,1.2493751134120101,HIGH,You pick up new technology quickly and find it intuitive.,0.3191319130663193,MODERATE,You sometimes try new technology when it seems relevant.,0.14447405345387462,MODERATE,You have a neutral-to-positive attitude toward AI activities.,-0.2712862005768282,MODERATE,You think current AI has reasonable but limited capability.
H_0141,1.3192577935456018,HIGH,You strongly believe AI tools improve efficiency and outcomes.,0.539629299031339,HIGH,You pick up new technology quickly and find it intuitive.,1.0523895296892718,HIGH,You actively seek out and adopt useful new technology tools.,-0.4871181041763748,MODERATE,You have a neutral-to-positive attitude toward AI activities.,-0.7178430217804646,LOW,You doubt that current AI handles complex real-world tasks well.
H_0142,0.6436369502412284,HIGH,You strongly believe AI tools improve efficiency and outcomes.,-1.9796348524864542,LOW,You find new technology interfaces difficult and frustrating.,-1.671120278538258,LOW,You rarely choose to adopt new digital tools in daily life.,0.03487389386964493,MODERATE,You have a neutral-to-positive attitude toward AI activities.,0.6953110304446333,HIGH,You believe current AI is capable of complex information tasks.
H_0143,-0.3890456876832386,MODERATE,You think AI tools can be somewhat useful for certain tasks.,0.33189978856926167,MODERATE,You find most apps usable but sometimes need time to learn.,-0.23318279972904923,MODERATE,You sometimes try new technology when it seems relevant.,-0.24820343329676392,MODERATE,You have a neutral-to-positive attitude toward AI activities.,-0.16132865378966546,MODERATE,You think current AI has reasonable but limited capability.
H_0144,-0.6729474376897263,LOW,You are skeptical that AI tools genuinely improve task performance.,-0.9210610229517785,LOW,You find new technology interfaces difficult and frustrating.,-0.7967119264631228,LOW,You rarely choose to adopt new digital tools in daily life.,-0.8991813156843834,LOW,You feel somewhat uncomfortable or skeptical about AI activities.,-0.7622065028424724,LOW,You doubt that current AI handles complex real-world tasks well.
H_0145,-0.6774855089401122,LOW,You are skeptical that AI tools genuinely improve task performance.,1.0392927588301086,HIGH,You pick up new technology quickly and find it intuitive.,-1.1412800978763926,LOW,You rarely choose to adopt new digital tools in daily life.,-0.7287064543420744,LOW,You feel somewhat uncomfortable or skeptical about AI activities.,0.7537975366453477,HIGH,You believe current AI is capable of complex information tasks.
H_0146,0.4653176954711249,MODERATE,You think AI tools can be somewhat useful for certain tasks.,-0.20734308449906338,MODERATE,You find most apps usable but sometimes need time to learn.,0.46844587653162684,MODERATE,You sometimes try new technology when it seems relevant.,-0.2640727199021051,MODERATE,You have a neutral-to-positive attitude toward AI activities.,0.1746344068456182,MODERATE,You think current AI has reasonable but limited capability.
H_0147,0.8084377187014631,HIGH,You strongly believe AI tools improve efficiency and outcomes.,-0.6817673685428307,LOW,You find new technology interfaces difficult and frustrating.,-1.1975952541937616,LOW,You rarely choose to adopt new digital tools in daily life.,-0.1024670815052471,MODERATE,You have a neutral-to-positive attitude toward AI activities.,0.43763411643586037,MODERATE,You think current AI has reasonable but limited capability.
H_0148,-1.4093291147655398,LOW,You are skeptical that AI tools genuinely improve task performance.,-0.75592989239949,LOW,You find new technology interfaces difficult and frustrating.,-0.16219125163432954,MODERATE,You sometimes try new technology when it seems relevant.,0.6862289329359451,HIGH,You feel enthusiastic and positive about AI-assisted activities.,-0.05743242010635162,MODERATE,You think current AI has reasonable but limited capability.
H_0149,1.454292143134263,HIGH,You strongly believe AI tools improve efficiency and outcomes.,1.7790755481951452,HIGH,You pick up new technology quickly and find it intuitive.,0.5295115243054261,HIGH,You actively seek out and adopt useful new technology tools.,1.2600497968998372,HIGH,You feel enthusiastic and positive about AI-assisted activities.,1.8622247093265827,HIGH,You believe current AI is capable of complex information tasks.
H_0150,0.9921371552293148,HIGH,You strongly believe AI tools improve efficiency and outcomes.,0.9310058000659056,HIGH,You pick up new technology quickly and find it intuitive.,0.9457584854347361,HIGH,You actively seek out and adopt useful new technology tools.,-0.3424078800613969,MODERATE,You have a neutral-to-positive attitude toward AI activities.,0.10587542167102836,MODERATE,You think current AI has reasonable but limited capability.
H_0151,0.13405770263114497,MODERATE,You think AI tools can be somewhat useful for certain tasks.,1.6520511176702077,HIGH,You pick up new technology quickly and find it intuitive.,0.5629112186348837,HIGH,You actively seek out and adopt useful new technology tools.,-0.10235020914800168,MODERATE,You have a neutral-to-positive attitude toward AI activities.,1.4569275949064284,HIGH,You believe current AI is capable of complex information tasks.
H_0152,-1.6099850669622255,LOW,You are skeptical that AI tools genuinely improve task performance.,-2.1124469941111275,LOW,You find new technology interfaces difficult and frustrating.,-2.2223776681493117,LOW,You rarely choose to adopt new digital tools in daily life.,-1.7051053150072724,LOW,You feel somewhat uncomfortable or skeptical about AI activities.,-2.0721395210049143,LOW,You doubt that current AI handles complex real-world tasks well.
H_0153,0.41973952945070914,MODERATE,You think AI tools can be somewhat useful for certain tasks.,-1.502103749605358,LOW,You find new technology interfaces difficult and frustrating.,0.5594632258695403,HIGH,You actively seek out and adopt useful new technology tools.,1.5508441764661605,HIGH,You feel enthusiastic and positive about AI-assisted activities.,0.9040869772660146,HIGH,You believe current AI is capable of complex information tasks.
H_0154,0.8544746957150418,HIGH,You strongly believe AI tools improve efficiency and outcomes.,-0.9555297598195449,LOW,You find new technology interfaces difficult and frustrating.,0.01988872965256107,MODERATE,You sometimes try new technology when it seems relevant.,1.6924222918175789,HIGH,You feel enthusiastic and positive about AI-assisted activities.,0.7753807188792896,HIGH,You believe current AI is capable of complex information tasks.
H_0155,-1.1864271300399347,LOW,You are skeptical that AI tools genuinely improve task performance.,-0.7110709758410915,LOW,You find new technology interfaces difficult and frustrating.,-0.6931434530823131,LOW,You rarely choose to adopt new digital tools in daily life.,-0.09205464670773301,MODERATE,You have a neutral-to-positive attitude toward AI activities.,0.2304147238596078,MODERATE,You think current AI has reasonable but limited capability.
H_0156,1.2931511059251357,HIGH,You strongly believe AI tools improve efficiency and outcomes.,1.2594551478223204,HIGH,You pick up new technology quickly and find it intuitive.,0.5617517275000072,HIGH,You actively seek out and adopt useful new technology tools.,1.2965272323713233,HIGH,You feel enthusiastic and positive about AI-assisted activities.,1.3824406939464489,HIGH,You believe current AI is capable of complex information tasks.
H_0157,-0.5514178903424246,LOW,You are skeptical that AI tools genuinely improve task performance.,-0.1755695694935423,MODERATE,You find most apps usable but sometimes need time to learn.,-0.6892266767027238,LOW,You rarely choose to adopt new digital tools in daily life.,-0.01571579628496605,MODERATE,You have a neutral-to-positive attitude toward AI activities.,1.0062320855171243,HIGH,You believe current AI is capable of complex information tasks.
H_0158,-0.8076042434333345,LOW,You are skeptical that AI tools genuinely improve task performance.,-1.0927504272687492,LOW,You find new technology interfaces difficult and frustrating.,0.3281786446229723,MODERATE,You sometimes try new technology when it seems relevant.,-1.3875146280061328,LOW,You feel somewhat uncomfortable or skeptical about AI activities.,-1.0587644616880882,LOW,You doubt that current AI handles complex real-world tasks well.
H_0159,0.4197180607471005,MODERATE,You think AI tools can be somewhat useful for certain tasks.,-0.7090993803806424,LOW,You find new technology interfaces difficult and frustrating.,0.055292748416368,MODERATE,You sometimes try new technology when it seems relevant.,-0.9926469377360012,LOW,You feel somewhat uncomfortable or skeptical about AI activities.,-0.43458207225317785,MODERATE,You think current AI has reasonable but limited capability.
H_0160,-0.8879538141575024,LOW,You are skeptical that AI tools genuinely improve task performance.,-1.1828980444924884,LOW,You find new technology interfaces difficult and frustrating.,-0.6580907317269714,LOW,You rarely choose to adopt new digital tools in daily life.,-0.6811751061047318,LOW,You feel somewhat uncomfortable or skeptical about AI activities.,-0.4292570466869648,MODERATE,You think current AI has reasonable but limited capability.
H_0161,-0.488146287891306,MODERATE,You think AI tools can be somewhat useful for certain tasks.,-0.726149905674402,LOW,You find new technology interfaces difficult and frustrating.,-0.7794137072035374,LOW,You rarely choose to adopt new digital tools in daily life.,-1.1455639821186505,LOW,You feel somewhat uncomfortable or skeptical about AI activities.,-0.21014586851283912,MODERATE,You think current AI has reasonable but limited capability.
H_0162,-0.4661027500460605,MODERATE,You think AI tools can be somewhat useful for certain tasks.,0.7865602066868705,HIGH,You pick up new technology quickly and find it intuitive.,0.8337751971804611,HIGH,You actively seek out and adopt useful new technology tools.,-0.024575190780677266,MODERATE,You have a neutral-to-positive attitude toward AI activities.,0.09853785952055794,MODERATE,You think current AI has reasonable but limited capability.
H_0163,-0.03737740568770914,MODERATE,You think AI tools can be somewhat useful for certain tasks.,-0.8607132894167483,LOW,You find new technology interfaces difficult and frustrating.,-0.10457610332239793,MODERATE,You sometimes try new technology when it seems relevant.,0.8736368917741967,HIGH,You feel enthusiastic and positive about AI-assisted activities.,0.803155666179821,HIGH,You believe current AI is capable of complex information tasks.
H_0164,1.1071071356112347,HIGH,You strongly believe AI tools improve efficiency and outcomes.,0.32226411310167175,MODERATE,You find most apps usable but sometimes need time to learn.,0.9802112173611731,HIGH,You actively seek out and adopt useful new technology tools.,1.9578875034903938,HIGH,You feel enthusiastic and positive about AI-assisted activities.,0.9213077715943945,HIGH,You believe current AI is capable of complex information tasks.
H_0165,0.5838340393634173,HIGH,You strongly believe AI tools improve efficiency and outcomes.,-1.4743682536678973,LOW,You find new technology interfaces difficult and frustrating.,1.5987025241011674,HIGH,You actively seek out and adopt useful new technology tools.,0.9359344654298873,HIGH,You feel enthusiastic and positive about AI-assisted activities.,-0.08061935662961665,MODERATE,You think current AI has reasonable but limited capability.
H_0166,-0.8655463160399851,LOW,You are skeptical that AI tools genuinely improve task performance.,-0.8057083343151333,LOW,You find new technology interfaces difficult and frustrating.,-0.5683345699098924,LOW,You rarely choose to adopt new digital tools in daily life.,-1.0597695232801527,LOW,You feel somewhat uncomfortable or skeptical about AI activities.,-2.2210140787843384,LOW,You doubt that current AI handles complex real-world tasks well.
H_0167,1.5534310492853862,HIGH,You strongly believe AI tools improve efficiency and outcomes.,1.5533210510005564,HIGH,You pick up new technology quickly and find it intuitive.,0.2985100626094237,MODERATE,You sometimes try new technology when it seems relevant.,0.4718675759846738,MODERATE,You have a neutral-to-positive attitude toward AI activities.,1.1234495164319178,HIGH,You believe current AI is capable of complex information tasks.
H_0168,-0.7046774386853463,LOW,You are skeptical that AI tools genuinely improve task performance.,0.6114063400172955,HIGH,You pick up new technology quickly and find it intuitive.,0.4619354624125588,MODERATE,You sometimes try new technology when it seems relevant.,0.07369778508025027,MODERATE,You have a neutral-to-positive attitude toward AI activities.,-1.4138800763469086,LOW,You doubt that current AI handles complex real-world tasks well.
H_0169,-0.1366187132991116,MODERATE,You think AI tools can be somewhat useful for certain tasks.,0.8436353308406813,HIGH,You pick up new technology quickly and find it intuitive.,0.031279971279277306,MODERATE,You sometimes try new technology when it seems relevant.,0.1352127001037289,MODERATE,You have a neutral-to-positive attitude toward AI activities.,-0.733639134531976,LOW,You doubt that current AI handles complex real-world tasks well.
H_0170,-0.0910049153983518,MODERATE,You think AI tools can be somewhat useful for certain tasks.,-2.2131974449036487,LOW,You find new technology interfaces difficult and frustrating.,0.4293584933237101,MODERATE,You sometimes try new technology when it seems relevant.,-0.19968834868265,MODERATE,You have a neutral-to-positive attitude toward AI activities.,0.12277239780593113,MODERATE,You think current AI has reasonable but limited capability.
H_0171,-0.21006458314860857,MODERATE,You think AI tools can be somewhat useful for certain tasks.,1.1047326508106525,HIGH,You pick up new technology quickly and find it intuitive.,-0.2939728657772916,MODERATE,You sometimes try new technology when it seems relevant.,1.1378100344451225,HIGH,You feel enthusiastic and positive about AI-assisted activities.,0.6743997975850375,HIGH,You believe current AI is capable of complex information tasks.
H_0172,0.7464468669504323,HIGH,You strongly believe AI tools improve efficiency and outcomes.,-0.0024735212753721966,MODERATE,You find most apps usable but sometimes need time to learn.,-0.1591122102594404,MODERATE,You sometimes try new technology when it seems relevant.,0.5514976627418317,HIGH,You feel enthusiastic and positive about AI-assisted activities.,0.9838190904712437,HIGH,You believe current AI is capable of complex information tasks.
H_0173,-1.3066999306043372,LOW,You are skeptical that AI tools genuinely improve task performance.,-0.7594915676362173,LOW,You find new technology interfaces difficult and frustrating.,0.23272661669772823,MODERATE,You sometimes try new technology when it seems relevant.,-0.22727142852481014,MODERATE,You have a neutral-to-positive attitude toward AI activities.,1.6553092525778734,HIGH,You believe current AI is capable of complex information tasks.
H_0174,-0.10808423846325241,MODERATE,You think AI tools can be somewhat useful for certain tasks.,0.06626449331066428,MODERATE,You find most apps usable but sometimes need time to learn.,-0.2787990285746863,MODERATE,You sometimes try new technology when it seems relevant.,1.5618083355351569,HIGH,You feel enthusiastic and positive about AI-assisted activities.,0.09350342132789707,MODERATE,You think current AI has reasonable but limited capability.
H_0175,0.6088936260896374,HIGH,You strongly believe AI tools improve efficiency and outcomes.,1.0372866975627117,HIGH,You pick up new technology quickly and find it intuitive.,-0.6184820136335771,LOW,You rarely choose to adopt new digital tools in daily life.,-0.4821021750133798,MODERATE,You have a neutral-to-positive attitude toward AI activities.,0.2162233643225404,MODERATE,You think current AI has reasonable but limited capability.
H_0176,-1.463631083999231,LOW,You are skeptical that AI tools genuinely improve task performance.,-1.3484971207023928,LOW,You find new technology interfaces difficult and frustrating.,-2.025810303008163,LOW,You rarely choose to adopt new digital tools in daily life.,-0.9049497933409313,LOW,You feel somewhat uncomfortable or skeptical about AI activities.,-0.7375367262475497,LOW,You doubt that current AI handles complex real-world tasks well.
H_0177,-2.6515831353527566,LOW,You are skeptical that AI tools genuinely improve task performance.,-1.1167354628584083,LOW,You find new technology interfaces difficult and frustrating.,-2.3305654961359927,LOW,You rarely choose to adopt new digital tools in daily life.,-1.6939294683612964,LOW,You feel somewhat uncomfortable or skeptical about AI activities.,-1.2213870385327414,LOW,You doubt that current AI handles complex real-world tasks well.
H_0178,-1.8229154661820555,LOW,You are skeptical that AI tools genuinely improve task performance.,-0.9469544202671285,LOW,You find new technology interfaces difficult and frustrating.,-1.6307718938669788,LOW,You rarely choose to adopt new digital tools in daily life.,-0.7176424316390215,LOW,You feel somewhat uncomfortable or skeptical about AI activities.,-1.6516268815379467,LOW,You doubt that current AI handles complex real-world tasks well.
H_0179,-1.396294651330536,LOW,You are skeptical that AI tools genuinely improve task performance.,-1.17217133856872,LOW,You find new technology interfaces difficult and frustrating.,-0.5628745028561137,LOW,You rarely choose to adopt new digital tools in daily life.,0.5906246567528527,HIGH,You feel enthusiastic and positive about AI-assisted activities.,-0.5111382966569602,LOW,You doubt that current AI handles complex real-world tasks well.
H_0180,-1.2369670776047748,LOW,You are skeptical that AI tools genuinely improve task performance.,-0.2780640033209056,MODERATE,You find most apps usable but sometimes need time to learn.,0.06470025368821496,MODERATE,You sometimes try new technology when it seems relevant.,-0.7201844847950444,LOW,You feel somewhat uncomfortable or skeptical about AI activities.,-0.04642405625157574,MODERATE,You think current AI has reasonable but limited capability.
H_0181,-1.06635542705013,LOW,You are skeptical that AI tools genuinely improve task performance.,0.000313965672052168,MODERATE,You find most apps usable but sometimes need time to learn.,-0.267611030841866,MODERATE,You sometimes try new technology when it seems relevant.,-0.06526122275874455,MODERATE,You have a neutral-to-positive attitude toward AI activities.,0.20997997156674675,MODERATE,You think current AI has reasonable but limited capability.
H_0182,-0.49792354247265397,MODERATE,You think AI tools can be somewhat useful for certain tasks.,-0.38214039128264343,MODERATE,You find most apps usable but sometimes need time to learn.,-1.2112396497691464,LOW,You rarely choose to adopt new digital tools in daily life.,0.9608483626762964,HIGH,You feel enthusiastic and positive about AI-assisted activities.,1.12205947106459,HIGH,You believe current AI is capable of complex information tasks.
H_0183,-0.6926963836294758,LOW,You are skeptical that AI tools genuinely improve task performance.,0.30503726112955504,MODERATE,You find most apps usable but sometimes need time to learn.,0.7115349942943119,HIGH,You actively seek out and adopt useful new technology tools.,0.5739712807081264,HIGH,You feel enthusiastic and positive about AI-assisted activities.,0.2972524768381665,MODERATE,You think current AI has reasonable but limited capability.
H_0184,0.04427329402642136,MODERATE,You think AI tools can be somewhat useful for certain tasks.,-0.46060657805684696,MODERATE,You find most apps usable but sometimes need time to learn.,-0.10215571295927832,MODERATE,You sometimes try new technology when it seems relevant.,-0.008876337083037006,MODERATE,You have a neutral-to-positive attitude toward AI activities.,-0.6252354867948604,LOW,You doubt that current AI handles complex real-world tasks well.
H_0185,-0.48536697510389837,MODERATE,You think AI tools can be somewhat useful for certain tasks.,-0.8852433832306165,LOW,You find new technology interfaces difficult and frustrating.,-1.8288733926451113,LOW,You rarely choose to adopt new digital tools in daily life.,-0.6014681561283689,LOW,You feel somewhat uncomfortable or skeptical about AI activities.,-0.03306299244571092,MODERATE,You think current AI has reasonable but limited capability.
H_0186,0.27075635569855155,MODERATE,You think AI tools can be somewhat useful for certain tasks.,1.0905202738707966,HIGH,You pick up new technology quickly and find it intuitive.,1.3452024625849535,HIGH,You actively seek out and adopt useful new technology tools.,1.3696570711610891,HIGH,You feel enthusiastic and positive about AI-assisted activities.,1.6427014303912892,HIGH,You believe current AI is capable of complex information tasks.
H_0187,1.8347445591319056,HIGH,You strongly believe AI tools improve efficiency and outcomes.,0.8216928055335389,HIGH,You pick up new technology quickly and find it intuitive.,0.19740194543546047,MODERATE,You sometimes try new technology when it seems relevant.,0.45977570859076633,MODERATE,You have a neutral-to-positive attitude toward AI activities.,-1.7142546297368593,LOW,You doubt that current AI handles complex real-world tasks well.
H_0188,0.21997151037251114,MODERATE,You think AI tools can be somewhat useful for certain tasks.,-0.022035636975567693,MODERATE,You find most apps usable but sometimes need time to learn.,0.4464756426253983,MODERATE,You sometimes try new technology when it seems relevant.,0.03802146706791747,MODERATE,You have a neutral-to-positive attitude toward AI activities.,1.3072667666753095,HIGH,You believe current AI is capable of complex information tasks.
H_0189,1.0615422723172545,HIGH,You strongly believe AI tools improve efficiency and outcomes.,0.24970896344658505,MODERATE,You find most apps usable but sometimes need time to learn.,0.6245363919959503,HIGH,You actively seek out and adopt useful new technology tools.,2.2605254201162777,HIGH,You feel enthusiastic and positive about AI-assisted activities.,0.22427278134209164,MODERATE,You think current AI has reasonable but limited capability.
H_0190,0.8780484700603164,HIGH,You strongly believe AI tools improve efficiency and outcomes.,1.326753388781481,HIGH,You pick up new technology quickly and find it intuitive.,-0.05544361867235164,MODERATE,You sometimes try new technology when it seems relevant.,0.42975408822992994,MODERATE,You have a neutral-to-positive attitude toward AI activities.,1.5528374802581404,HIGH,You believe current AI is capable of complex information tasks.
H_0191,-0.6118946539895952,LOW,You are skeptical that AI tools genuinely improve task performance.,1.2959592704564986,HIGH,You pick up new technology quickly and find it intuitive.,0.32939551110217835,MODERATE,You sometimes try new technology when it seems relevant.,0.2391050145764831,MODERATE,You have a neutral-to-positive attitude toward AI activities.,-0.2749453219713691,MODERATE,You think current AI has reasonable but limited capability.
H_0192,-1.2502716308145143,LOW,You are skeptical that AI tools genuinely improve task performance.,-1.0082183300936063,LOW,You find new technology interfaces difficult and frustrating.,-0.6948872790070819,LOW,You rarely choose to adopt new digital tools in daily life.,-0.3767234761633039,MODERATE,You have a neutral-to-positive attitude toward AI activities.,-0.7657281688208157,LOW,You doubt that current AI handles complex real-world tasks well.
H_0193,-0.9169306083914228,LOW,You are skeptical that AI tools genuinely improve task performance.,-0.550571674699999,LOW,You find new technology interfaces difficult and frustrating.,0.2429495542129358,MODERATE,You sometimes try new technology when it seems relevant.,-0.050523454333517126,MODERATE,You have a neutral-to-positive attitude toward AI activities.,-1.2130807459475388,LOW,You doubt that current AI handles complex real-world tasks well.
H_0194,-1.1935536318646363,LOW,You are skeptical that AI tools genuinely improve task performance.,-2.1611328106744185,LOW,You find new technology interfaces difficult and frustrating.,-0.3034421842164054,MODERATE,You sometimes try new technology when it seems relevant.,-1.6638831932156004,LOW,You feel somewhat uncomfortable or skeptical about AI activities.,0.17778611455005333,MODERATE,You think current AI has reasonable but limited capability.
H_0195,0.24674826060473526,MODERATE,You think AI tools can be somewhat useful for certain tasks.,-0.7372863113948452,LOW,You find new technology interfaces difficult and frustrating.,-0.08687364037868768,MODERATE,You sometimes try new technology when it seems relevant.,-0.44154320252578716,MODERATE,You have a neutral-to-positive attitude toward AI activities.,0.5938504941570696,HIGH,You believe current AI is capable of complex information tasks.
H_0196,2.5259315469633665,HIGH,You strongly believe AI tools improve efficiency and outcomes.,2.7188993836708915,HIGH,You pick up new technology quickly and find it intuitive.,0.054268789106758225,MODERATE,You sometimes try new technology when it seems relevant.,0.989421632184112,HIGH,You feel enthusiastic and positive about AI-assisted activities.,0.5833716751656264,HIGH,You believe current AI is capable of complex information tasks.
H_0197,-0.5608354873692186,LOW,You are skeptical that AI tools genuinely improve task performance.,0.11984622914764062,MODERATE,You find most apps usable but sometimes need time to learn.,-0.6641245537834176,LOW,You rarely choose to adopt new digital tools in daily life.,-0.7124582709781403,LOW,You feel somewhat uncomfortable or skeptical about AI activities.,-1.0675422144542592,LOW,You doubt that current AI handles complex real-world tasks well.
H_0198,1.0608926709469384,HIGH,You strongly believe AI tools improve efficiency and outcomes.,-0.024292709438474225,MODERATE,You find most apps usable but sometimes need time to learn.,1.6042871966797154,HIGH,You actively seek out and adopt useful new technology tools.,1.4399847368571592,HIGH,You feel enthusiastic and positive about AI-assisted activities.,-0.1582631412824773,MODERATE,You think current AI has reasonable but limited capability.
H_0199,0.21687602007610735,MODERATE,You think AI tools can be somewhat useful for certain tasks.,0.11270008402494149,MODERATE,You find most apps usable but sometimes need time to learn.,-0.6865761877776264,LOW,You rarely choose to adopt new digital tools in daily life.,-1.348361739346224,LOW,You feel somewhat uncomfortable or skeptical about AI activities.,1.2539835154261412,HIGH,You believe current AI is capable of complex information tasks.
H_0200,0.5719300568109438,HIGH,You strongly believe AI tools improve efficiency and outcomes.,-0.5465955231358754,LOW,You find new technology interfaces difficult and frustrating.,0.6944371394317702,HIGH,You actively seek out and adopt useful new technology tools.,0.9898709808819098,HIGH,You feel enthusiastic and positive about AI-assisted activities.,-1.0510209905258043,LOW,You doubt that current AI handles complex real-world tasks well.
H_0201,-0.7318135312189705,LOW,You are skeptical that AI tools genuinely improve task performance.,-1.196615880565231,LOW,You find new technology interfaces difficult and frustrating.,-1.1149612870202184,LOW,You rarely choose to adopt new digital tools in daily life.,-0.6169972939875839,LOW,You feel somewhat uncomfortable or skeptical about AI activities.,-1.6331687747115962,LOW,You doubt that current AI handles complex real-world tasks well.
H_0202,-0.9378129752688412,LOW,You are skeptical that AI tools genuinely improve task performance.,-0.5847905382752077,LOW,You find new technology interfaces difficult and frustrating.,0.6267077423174847,HIGH,You actively seek out and adopt useful new technology tools.,-0.04020639538026279,MODERATE,You have a neutral-to-positive attitude toward AI activities.,-0.5569290088215777,LOW,You doubt that current AI handles complex real-world tasks well.
H_0203,-0.7373004096368818,LOW,You are skeptical that AI tools genuinely improve task performance.,-2.5534611957554083,LOW,You find new technology interfaces difficult and frustrating.,-1.3227896919857443,LOW,You rarely choose to adopt new digital tools in daily life.,0.17641640223463576,MODERATE,You have a neutral-to-positive attitude toward AI activities.,-0.5576157559170138,LOW,You doubt that current AI handles complex real-world tasks well.
H_0204,0.030404395325529448,MODERATE,You think AI tools can be somewhat useful for certain tasks.,0.19904430878683463,MODERATE,You find most apps usable but sometimes need time to learn.,-0.7590851892238836,LOW,You rarely choose to adopt new digital tools in daily life.,-0.2607876300258878,MODERATE,You have a neutral-to-positive attitude toward AI activities.,0.15247724705235846,MODERATE,You think current AI has reasonable but limited capability.
H_0205,-1.7221424398180853,LOW,You are skeptical that AI tools genuinely improve task performance.,0.07202225212870846,MODERATE,You find most apps usable but sometimes need time to learn.,-0.9789694057394756,LOW,You rarely choose to adopt new digital tools in daily life.,0.6749688781307452,HIGH,You feel enthusiastic and positive about AI-assisted activities.,0.25021501460147033,MODERATE,You think current AI has reasonable but limited capability.
H_0206,-0.7068708273037984,LOW,You are skeptical that AI tools genuinely improve task performance.,-0.23994118293871902,MODERATE,You find most apps usable but sometimes need time to learn.,0.27711230720185304,MODERATE,You sometimes try new technology when it seems relevant.,-0.7128701752988301,LOW,You feel somewhat uncomfortable or skeptical about AI activities.,-0.13192911968708956,MODERATE,You think current AI has reasonable but limited capability.
H_0207,-0.21913943061979496,MODERATE,You think AI tools can be somewhat useful for certain tasks.,0.164294449535533,MODERATE,You find most apps usable but sometimes need time to learn.,-0.019397645747343463,MODERATE,You sometimes try new technology when it seems relevant.,-0.26895715664738845,MODERATE,You have a neutral-to-positive attitude toward AI activities.,1.5835011377824613,HIGH,You believe current AI is capable of complex information tasks.
H_0208,-1.382973757401397,LOW,You are skeptical that AI tools genuinely improve task performance.,0.11464309674067874,MODERATE,You find most apps usable but sometimes need time to learn.,-2.420167472041126,LOW,You rarely choose to adopt new digital tools in daily life.,-1.2764217910428575,LOW,You feel somewhat uncomfortable or skeptical about AI activities.,-0.521770116879389,LOW,You doubt that current AI handles complex real-world tasks well.
H_0209,-1.3750277291422919,LOW,You are skeptical that AI tools genuinely improve task performance.,-1.8592223150184224,LOW,You find new technology interfaces difficult and frustrating.,-1.125644185016698,LOW,You rarely choose to adopt new digital tools in daily life.,-1.3159848178674871,LOW,You feel somewhat uncomfortable or skeptical about AI activities.,-0.4008692897803275,MODERATE,You think current AI has reasonable but limited capability.
H_0210,-1.5343419193342949,LOW,You are skeptical that AI tools genuinely improve task performance.,0.7183667466015974,HIGH,You pick up new technology quickly and find it intuitive.,-1.116742369601444,LOW,You rarely choose to adopt new digital tools in daily life.,0.10272295205837596,MODERATE,You have a neutral-to-positive attitude toward AI activities.,-1.353770196526273,LOW,You doubt that current AI handles complex real-world tasks well.
H_0211,0.3446455429620193,MODERATE,You think AI tools can be somewhat useful for certain tasks.,0.09383947007408712,MODERATE,You find most apps usable but sometimes need time to learn.,1.0304328254547712,HIGH,You actively seek out and adopt useful new technology tools.,0.4605713619181702,MODERATE,You have a neutral-to-positive attitude toward AI activities.,0.2989334479894665,MODERATE,You think current AI has reasonable but limited capability.
H_0212,0.1795795227885341,MODERATE,You think AI tools can be somewhat useful for certain tasks.,-0.2756633976905548,MODERATE,You find most apps usable but sometimes need time to learn.,1.0366746496519006,HIGH,You actively seek out and adopt useful new technology tools.,0.664550910680195,HIGH,You feel enthusiastic and positive about AI-assisted activities.,0.8458019639804714,HIGH,You believe current AI is capable of complex information tasks.
H_0213,0.3204227580678295,MODERATE,You think AI tools can be somewhat useful for certain tasks.,-1.4048501545953762,LOW,You find new technology interfaces difficult and frustrating.,-1.5722574394382054,LOW,You rarely choose to adopt new digital tools in daily life.,-1.5812853652648868,LOW,You feel somewhat uncomfortable or skeptical about AI activities.,1.7157191153548423,HIGH,You believe current AI is capable of complex information tasks.
H_0214,1.1073001143790897,HIGH,You strongly believe AI tools improve efficiency and outcomes.,-0.06484799284679771,MODERATE,You find most apps usable but sometimes need time to learn.,0.3811479589151947,MODERATE,You sometimes try new technology when it seems relevant.,0.8748410666676893,HIGH,You feel enthusiastic and positive about AI-assisted activities.,1.875256493052459,HIGH,You believe current AI is capable of complex information tasks.
H_0215,0.795170171811137,HIGH,You strongly believe AI tools improve efficiency and outcomes.,-0.32959442187417093,MODERATE,You find most apps usable but sometimes need time to learn.,-0.44062659255658815,MODERATE,You sometimes try new technology when it seems relevant.,0.4468890620112006,MODERATE,You have a neutral-to-positive attitude toward AI activities.,-0.5061002124063435,LOW,You doubt that current AI handles complex real-world tasks well.
H_0216,-0.5199210824838049,LOW,You are skeptical that AI tools genuinely improve task performance.,1.0281818120666553,HIGH,You pick up new technology quickly and find it intuitive.,-0.4181366400075615,MODERATE,You sometimes try new technology when it seems relevant.,0.5942406026594654,HIGH,You feel enthusiastic and positive about AI-assisted activities.,1.4472967854295646,HIGH,You believe current AI is capable of complex information tasks.
H_0217,-0.9530459981214789,LOW,You are skeptical that AI tools genuinely improve task performance.,0.8701179271082079,HIGH,You pick up new technology quickly and find it intuitive.,0.2739588773103642,MODERATE,You sometimes try new technology when it seems relevant.,0.6735035646452301,HIGH,You feel enthusiastic and positive about AI-assisted activities.,0.6091161907500741,HIGH,You believe current AI is capable of complex information tasks.
H_0218,-0.1774075004797328,MODERATE,You think AI tools can be somewhat useful for certain tasks.,-0.590359398722984,LOW,You find new technology interfaces difficult and frustrating.,0.16466488598285492,MODERATE,You sometimes try new technology when it seems relevant.,-0.17248690400294162,MODERATE,You have a neutral-to-positive attitude toward AI activities.,-0.9652742323483027,LOW,You doubt that current AI handles complex real-world tasks well.
H_0219,-0.007672012210571775,MODERATE,You think AI tools can be somewhat useful for certain tasks.,-0.4779454282750406,MODERATE,You find most apps usable but sometimes need time to learn.,-0.10151573221885334,MODERATE,You sometimes try new technology when it seems relevant.,0.5668448976104502,HIGH,You feel enthusiastic and positive about AI-assisted activities.,0.2393547279912078,MODERATE,You think current AI has reasonable but limited capability.
H_0220,-0.4118476302002821,MODERATE,You think AI tools can be somewhat useful for certain tasks.,1.6363066941731934,HIGH,You pick up new technology quickly and find it intuitive.,-0.3586861716588074,MODERATE,You sometimes try new technology when it seems relevant.,0.017051007848040863,MODERATE,You have a neutral-to-positive attitude toward AI activities.,-0.47167565814576223,MODERATE,You think current AI has reasonable but limited capability.
H_0221,-0.8618485819956897,LOW,You are skeptical that AI tools genuinely improve task performance.,-1.9630672433280305,LOW,You find new technology interfaces difficult and frustrating.,-1.8877769017936878,LOW,You rarely choose to adopt new digital tools in daily life.,-0.5706986704680262,LOW,You feel somewhat uncomfortable or skeptical about AI activities.,1.9848491843474572,HIGH,You believe current AI is capable of complex information tasks.
H_0222,1.233446760588953,HIGH,You strongly believe AI tools improve efficiency and outcomes.,1.228920196794285,HIGH,You pick up new technology quickly and find it intuitive.,-0.183950363945446,MODERATE,You sometimes try new technology when it seems relevant.,1.608387178978978,HIGH,You feel enthusiastic and positive about AI-assisted activities.,-0.27774926234249964,MODERATE,You think current AI has reasonable but limited capability.
H_0223,-0.16887016486155768,MODERATE,You think AI tools can be somewhat useful for certain tasks.,-0.4243823694263494,MODERATE,You find most apps usable but sometimes need time to learn.,0.4581110530619262,MODERATE,You sometimes try new technology when it seems relevant.,0.5397798855888377,HIGH,You feel enthusiastic and positive about AI-assisted activities.,0.2542292792138358,MODERATE,You think current AI has reasonable but limited capability.
H_0224,-0.37474445761295794,MODERATE,You think AI tools can be somewhat useful for certain tasks.,-0.4004020887428913,MODERATE,You find most apps usable but sometimes need time to learn.,0.20968619597682825,MODERATE,You sometimes try new technology when it seems relevant.,0.8695955659290132,HIGH,You feel enthusiastic and positive about AI-assisted activities.,-2.0154052105305627,LOW,You doubt that current AI handles complex real-world tasks well.
H_0225,-0.22664286297364794,MODERATE,You think AI tools can be somewhat useful for certain tasks.,-1.5531737803304428,LOW,You find new technology interfaces difficult and frustrating.,-1.1598969627595443,LOW,You rarely choose to adopt new digital tools in daily life.,0.17622980584579173,MODERATE,You have a neutral-to-positive attitude toward AI activities.,-1.5928315901284287,LOW,You doubt that current AI handles complex real-world tasks well.
H_0226,0.9878455418823789,HIGH,You strongly believe AI tools improve efficiency and outcomes.,1.25848014250681,HIGH,You pick up new technology quickly and find it intuitive.,0.6482222234153678,HIGH,You actively seek out and adopt useful new technology tools.,0.9791526207849054,HIGH,You feel enthusiastic and positive about AI-assisted activities.,0.2517056757925413,MODERATE,You think current AI has reasonable but limited capability.
H_0227,-0.5727490492274482,LOW,You are skeptical that AI tools genuinely improve task performance.,-1.3132158778882317,LOW,You find new technology interfaces difficult and frustrating.,0.4899312454768345,MODERATE,You sometimes try new technology when it seems relevant.,0.13351748548779682,MODERATE,You have a neutral-to-positive attitude toward AI activities.,0.01427377133707966,MODERATE,You think current AI has reasonable but limited capability.
H_0228,-1.070815902484093,LOW,You are skeptical that AI tools genuinely improve task performance.,0.22273542468523552,MODERATE,You find most apps usable but sometimes need time to learn.,-0.7555699288710623,LOW,You rarely choose to adopt new digital tools in daily life.,-0.2469610394380806,MODERATE,You have a neutral-to-positive attitude toward AI activities.,-1.7641653789830143,LOW,You doubt that current AI handles complex real-world tasks well.
H_0229,0.19901371538763005,MODERATE,You think AI tools can be somewhat useful for certain tasks.,0.21497791577574107,MODERATE,You find most apps usable but sometimes need time to learn.,0.8169256002146128,HIGH,You actively seek out and adopt useful new technology tools.,0.48723069226509563,MODERATE,You have a neutral-to-positive attitude toward AI activities.,-0.8296052650744514,LOW,You doubt that current AI handles complex real-world tasks well.
H_0230,-0.921346979790388,LOW,You are skeptical that AI tools genuinely improve task performance.,1.4320860420226007,HIGH,You pick up new technology quickly and find it intuitive.,-0.100620821264102,MODERATE,You sometimes try new technology when it seems relevant.,-0.7222171539621415,LOW,You feel somewhat uncomfortable or skeptical about AI activities.,0.6237029687157626,HIGH,You believe current AI is capable of complex information tasks.
H_0231,1.5434152558608887,HIGH,You strongly believe AI tools improve efficiency and outcomes.,1.0164377628626644,HIGH,You pick up new technology quickly and find it intuitive.,-1.1962759170381192,LOW,You rarely choose to adopt new digital tools in daily life.,0.6955593740685351,HIGH,You feel enthusiastic and positive about AI-assisted activities.,1.7410224967286514,HIGH,You believe current AI is capable of complex information tasks.
H_0232,-1.4830356152527997,LOW,You are skeptical that AI tools genuinely improve task performance.,-2.033162708089169,LOW,You find new technology interfaces difficult and frustrating.,-0.17189377515517032,MODERATE,You sometimes try new technology when it seems relevant.,-0.5087740391612655,LOW,You feel somewhat uncomfortable or skeptical about AI activities.,0.6399715024068492,HIGH,You believe current AI is capable of complex information tasks.
H_0233,3.0678887554371235,HIGH,You strongly believe AI tools improve efficiency and outcomes.,2.1322182198989106,HIGH,You pick up new technology quickly and find it intuitive.,1.6836885870493739,HIGH,You actively seek out and adopt useful new technology tools.,2.488959592197966,HIGH,You feel enthusiastic and positive about AI-assisted activities.,-0.7609484621334263,LOW,You doubt that current AI handles complex real-world tasks well.
H_0234,-2.315350435444482,LOW,You are skeptical that AI tools genuinely improve task performance.,-2.06472767379437,LOW,You find new technology interfaces difficult and frustrating.,-1.441787334784878,LOW,You rarely choose to adopt new digital tools in daily life.,-0.9233258342384287,LOW,You feel somewhat uncomfortable or skeptical about AI activities.,-2.3251268507287413,LOW,You doubt that current AI handles complex real-world tasks well.
H_0235,-0.5622422989318866,LOW,You are skeptical that AI tools genuinely improve task performance.,-0.5982551224269026,LOW,You find new technology interfaces difficult and frustrating.,-0.12116020189552941,MODERATE,You sometimes try new technology when it seems relevant.,-0.8913195436811591,LOW,You feel somewhat uncomfortable or skeptical about AI activities.,-0.6083440202134363,LOW,You doubt that current AI handles complex real-world tasks well.
H_0236,0.7947829464595396,HIGH,You strongly believe AI tools improve efficiency and outcomes.,0.24864337073847387,MODERATE,You find most apps usable but sometimes need time to learn.,-0.16109241879295988,MODERATE,You sometimes try new technology when it seems relevant.,-0.9506929467377726,LOW,You feel somewhat uncomfortable or skeptical about AI activities.,1.3129320411021868,HIGH,You believe current AI is capable of complex information tasks.
H_0237,0.79471523240017,HIGH,You strongly believe AI tools improve efficiency and outcomes.,-1.163689498300676,LOW,You find new technology interfaces difficult and frustrating.,0.7551090262573767,HIGH,You actively seek out and adopt useful new technology tools.,-0.37334935553998905,MODERATE,You have a neutral-to-positive attitude toward AI activities.,-0.9987781295530004,LOW,You doubt that current AI handles complex real-world tasks well.
H_0238,-1.0833517605576954,LOW,You are skeptical that AI tools genuinely improve task performance.,-0.25591120768216175,MODERATE,You find most apps usable but sometimes need time to learn.,-0.6120346885330472,LOW,You rarely choose to adopt new digital tools in daily life.,-1.419815413348507,LOW,You feel somewhat uncomfortable or skeptical about AI activities.,0.18923186194805006,MODERATE,You think current AI has reasonable but limited capability.
H_0239,-0.2621740319345514,MODERATE,You think AI tools can be somewhat useful for certain tasks.,0.5752986728762397,HIGH,You pick up new technology quickly and find it intuitive.,0.02656080082935284,MODERATE,You sometimes try new technology when it seems relevant.,-1.2799360531805883,LOW,You feel somewhat uncomfortable or skeptical about AI activities.,0.8607994826787566,HIGH,You believe current AI is capable of complex information tasks.
H_0240,-0.5218759727820688,LOW,You are skeptical that AI tools genuinely improve task performance.,-0.6809568404653815,LOW,You find new technology interfaces difficult and frustrating.,-0.7676059368894397,LOW,You rarely choose to adopt new digital tools in daily life.,0.4794845683944019,MODERATE,You have a neutral-to-positive attitude toward AI activities.,-0.15214393526916867,MODERATE,You think current AI has reasonable but limited capability.
H_0241,-0.4365791964129774,MODERATE,You think AI tools can be somewhat useful for certain tasks.,-0.03395683151028394,MODERATE,You find most apps usable but sometimes need time to learn.,-0.15060943576266797,MODERATE,You sometimes try new technology when it seems relevant.,-0.06357504842105004,MODERATE,You have a neutral-to-positive attitude toward AI activities.,0.33097933137757557,MODERATE,You think current AI has reasonable but limited capability.
H_0242,0.7898483544195285,HIGH,You strongly believe AI tools improve efficiency and outcomes.,0.20053254672615045,MODERATE,You find most apps usable but sometimes need time to learn.,-1.4859442071269868,LOW,You rarely choose to adopt new digital tools in daily life.,0.2875250408975869,MODERATE,You have a neutral-to-positive attitude toward AI activities.,0.03134510058976512,MODERATE,You think current AI has reasonable but limited capability.
H_0243,0.482683919377706,MODERATE,You think AI tools can be somewhat useful for certain tasks.,1.5789911453507803,HIGH,You pick up new technology quickly and find it intuitive.,0.8011974803895673,HIGH,You actively seek out and adopt useful new technology tools.,0.6665872362991486,HIGH,You feel enthusiastic and positive about AI-assisted activities.,1.1937215574334927,HIGH,You believe current AI is capable of complex information tasks.
H_0244,-0.5537198818152608,LOW,You are skeptical that AI tools genuinely improve task performance.,-1.1862408357165026,LOW,You find new technology interfaces difficult and frustrating.,-2.233016180599592,LOW,You rarely choose to adopt new digital tools in daily life.,-0.16890717751682116,MODERATE,You have a neutral-to-positive attitude toward AI activities.,-0.42456911545860376,MODERATE,You think current AI has reasonable but limited capability.
H_0245,0.6946440933028524,HIGH,You strongly believe AI tools improve efficiency and outcomes.,0.3962564174862748,MODERATE,You find most apps usable but sometimes need time to learn.,1.3228295716232146,HIGH,You actively seek out and adopt useful new technology tools.,1.1169316520169326,HIGH,You feel enthusiastic and positive about AI-assisted activities.,0.7450203915593882,HIGH,You believe current AI is capable of complex information tasks.
H_0246,-0.4868548237327507,MODERATE,You think AI tools can be somewhat useful for certain tasks.,0.31044732021548094,MODERATE,You find most apps usable but sometimes need time to learn.,-0.7102697471094285,LOW,You rarely choose to adopt new digital tools in daily life.,1.3551696531165478,HIGH,You feel enthusiastic and positive about AI-assisted activities.,0.001595011423741394,MODERATE,You think current AI has reasonable but limited capability.
H_0247,-1.0990034077897053,LOW,You are skeptical that AI tools genuinely improve task performance.,1.0556820136147251,HIGH,You pick up new technology quickly and find it intuitive.,0.7092376370283731,HIGH,You actively seek out and adopt useful new technology tools.,0.12147853368721716,MODERATE,You have a neutral-to-positive attitude toward AI activities.,1.6687461063338664,HIGH,You believe current AI is capable of complex information tasks.
H_0248,-1.6205832045625808,LOW,You are skeptical that AI tools genuinely improve task performance.,-0.7814802755721101,LOW,You find new technology interfaces difficult and frustrating.,-1.332078174516319,LOW,You rarely choose to adopt new digital tools in daily life.,-0.0609807054226922,MODERATE,You have a neutral-to-positive attitude toward AI activities.,-2.40122151492288,LOW,You doubt that current AI handles complex real-world tasks well.
H_0249,0.9307644436147346,HIGH,You strongly believe AI tools improve efficiency and outcomes.,0.5142669060295482,HIGH,You pick up new technology quickly and find it intuitive.,0.16710726481319624,MODERATE,You sometimes try new technology when it seems relevant.,-0.3707444714341515,MODERATE,You have a neutral-to-positive attitude toward AI activities.,0.1321640597216512,MODERATE,You think current AI has reasonable but limited capability.
H_0250,0.8896471225454388,HIGH,You strongly believe AI tools improve efficiency and outcomes.,1.4490344068125685,HIGH,You pick up new technology quickly and find it intuitive.,1.4832823577728182,HIGH,You actively seek out and adopt useful new technology tools.,0.07991638311797732,MODERATE,You have a neutral-to-positive attitude toward AI activities.,0.6304558388701431,HIGH,You believe current AI is capable of complex information tasks.
H_0251,-0.4156252754747712,MODERATE,You think AI tools can be somewhat useful for certain tasks.,1.1688489725303075,HIGH,You pick up new technology quickly and find it intuitive.,-0.8668576383177155,LOW,You rarely choose to adopt new digital tools in daily life.,0.23127590287905805,MODERATE,You have a neutral-to-positive attitude toward AI activities.,-1.3856182885220532,LOW,You doubt that current AI handles complex real-world tasks well.
H_0252,1.4098138258344008,HIGH,You strongly believe AI tools improve efficiency and outcomes.,0.23470214861070918,MODERATE,You find most apps usable but sometimes need time to learn.,1.546248275974849,HIGH,You actively seek out and adopt useful new technology tools.,1.3060344370741255,HIGH,You feel enthusiastic and positive about AI-assisted activities.,-0.43092310225289465,MODERATE,You think current AI has reasonable but limited capability.
H_0253,0.0788849437936468,MODERATE,You think AI tools can be somewhat useful for certain tasks.,-0.9405820193346256,LOW,You find new technology interfaces difficult and frustrating.,-0.5122793292616767,LOW,You rarely choose to adopt new digital tools in daily life.,-0.38741117316223833,MODERATE,You have a neutral-to-positive attitude toward AI activities.,-0.3704330291125659,MODERATE,You think current AI has reasonable but limited capability.
H_0254,1.5881930623561167,HIGH,You strongly believe AI tools improve efficiency and outcomes.,1.4313366288755258,HIGH,You pick up new technology quickly and find it intuitive.,0.13224132429196778,MODERATE,You sometimes try new technology when it seems relevant.,1.3906293089132413,HIGH,You feel enthusiastic and positive about AI-assisted activities.,0.5427537739019336,HIGH,You believe current AI is capable of complex information tasks.
H_0255,-0.6523936287904609,LOW,You are skeptical that AI tools genuinely improve task performance.,-0.09226282704295002,MODERATE,You find most apps usable but sometimes need time to learn.,-1.4381367034378063,LOW,You rarely choose to adopt new digital tools in daily life.,-0.3702085408927075,MODERATE,You have a neutral-to-positive attitude toward AI activities.,-1.5240233821053826,LOW,You doubt that current AI handles complex real-world tasks well.
H_0256,-0.1921418761159981,MODERATE,You think AI tools can be somewhat useful for certain tasks.,-0.532539919622512,LOW,You find new technology interfaces difficult and frustrating.,1.0471536226294555,HIGH,You actively seek out and adopt useful new technology tools.,0.4331331945486288,MODERATE,You have a neutral-to-positive attitude toward AI activities.,-1.6168574631717072,LOW,You doubt that current AI handles complex real-world tasks well.
H_0257,-0.6943324845412666,LOW,You are skeptical that AI tools genuinely improve task performance.,-0.38331735564753333,MODERATE,You find most apps usable but sometimes need time to learn.,0.5306931812649217,HIGH,You actively seek out and adopt useful new technology tools.,-0.22796925531414863,MODERATE,You have a neutral-to-positive attitude toward AI activities.,0.38497363557515824,MODERATE,You think current AI has reasonable but limited capability.
H_0258,1.6948482159542093,HIGH,You strongly believe AI tools improve efficiency and outcomes.,0.5359366632114096,HIGH,You pick up new technology quickly and find it intuitive.,1.1585914163692048,HIGH,You actively seek out and adopt useful new technology tools.,-0.5848896527221515,LOW,You feel somewhat uncomfortable or skeptical about AI activities.,2.2777182231560356,HIGH,You believe current AI is capable of complex information tasks.
H_0259,-0.7613653993040702,LOW,You are skeptical that AI tools genuinely improve task performance.,-0.3169463969461164,MODERATE,You find most apps usable but sometimes need time to learn.,0.7828468005769372,HIGH,You actively seek out and adopt useful new technology tools.,0.5112753437386841,HIGH,You feel enthusiastic and positive about AI-assisted activities.,-1.949345409414882,LOW,You doubt that current AI handles complex real-world tasks well.
H_0260,-0.05455718545566775,MODERATE,You think AI tools can be somewhat useful for certain tasks.,0.2354618250398789,MODERATE,You find most apps usable but sometimes need time to learn.,0.26800852371167155,MODERATE,You sometimes try new technology when it seems relevant.,0.45943119546191796,MODERATE,You have a neutral-to-positive attitude toward AI activities.,-0.6707881243122136,LOW,You doubt that current AI handles complex real-world tasks well.
H_0261,1.0053746369121876,HIGH,You strongly believe AI tools improve efficiency and outcomes.,0.3310813848800148,MODERATE,You find most apps usable but sometimes need time to learn.,0.46728994732307205,MODERATE,You sometimes try new technology when it seems relevant.,0.8769567951030682,HIGH,You feel enthusiastic and positive about AI-assisted activities.,-0.4765638985770813,MODERATE,You think current AI has reasonable but limited capability.
H_0262,0.0726670721942611,MODERATE,You think AI tools can be somewhat useful for certain tasks.,0.7947468423269373,HIGH,You pick up new technology quickly and find it intuitive.,0.681368904995263,HIGH,You actively seek out and adopt useful new technology tools.,1.1368820160497717,HIGH,You feel enthusiastic and positive about AI-assisted activities.,0.6365235596906024,HIGH,You believe current AI is capable of complex information tasks.
H_0263,-0.34354022061288314,MODERATE,You think AI tools can be somewhat useful for certain tasks.,-0.943401503316866,LOW,You find new technology interfaces difficult and frustrating.,0.7586392097860067,HIGH,You actively seek out and adopt useful new technology tools.,0.6062813228880229,HIGH,You feel enthusiastic and positive about AI-assisted activities.,-0.12247500773712659,MODERATE,You think current AI has reasonable but limited capability.
H_0264,1.4076371487763846,HIGH,You strongly believe AI tools improve efficiency and outcomes.,1.0783639279992765,HIGH,You pick up new technology quickly and find it intuitive.,0.4781069598248981,MODERATE,You sometimes try new technology when it seems relevant.,0.5002066906235024,HIGH,You feel enthusiastic and positive about AI-assisted activities.,1.4316861581380587,HIGH,You believe current AI is capable of complex information tasks.
H_0265,-0.3221608608733508,MODERATE,You think AI tools can be somewhat useful for certain tasks.,0.055654153315147475,MODERATE,You find most apps usable but sometimes need time to learn.,0.2065861439915911,MODERATE,You sometimes try new technology when it seems relevant.,0.19236498959494172,MODERATE,You have a neutral-to-positive attitude toward AI activities.,-0.38267661531180064,MODERATE,You think current AI has reasonable but limited capability.
H_0266,2.285317446762353,HIGH,You strongly believe AI tools improve efficiency and outcomes.,1.2638253612183128,HIGH,You pick up new technology quickly and find it intuitive.,0.6075036267171544,HIGH,You actively seek out and adopt useful new technology tools.,1.3736587088333212,HIGH,You feel enthusiastic and positive about AI-assisted activities.,1.6782120909108886,HIGH,You believe current AI is capable of complex information tasks.
H_0267,-2.085233336569873,LOW,You are skeptical that AI tools genuinely improve task performance.,-0.7023086724672091,LOW,You find new technology interfaces difficult and frustrating.,-0.5246356814700663,LOW,You rarely choose to adopt new digital tools in daily life.,-0.6024243573631212,LOW,You feel somewhat uncomfortable or skeptical about AI activities.,-1.713334701789872,LOW,You doubt that current AI handles complex real-world tasks well.
H_0268,0.4978323576895696,MODERATE,You think AI tools can be somewhat useful for certain tasks.,0.41772229634690455,MODERATE,You find most apps usable but sometimes need time to learn.,-0.19929861961123613,MODERATE,You sometimes try new technology when it seems relevant.,0.06662361838416486,MODERATE,You have a neutral-to-positive attitude toward AI activities.,0.5112565317511574,HIGH,You believe current AI is capable of complex information tasks.
H_0269,-0.8618948177871113,LOW,You are skeptical that AI tools genuinely improve task performance.,-0.22241793249260708,MODERATE,You find most apps usable but sometimes need time to learn.,-0.21204712947411006,MODERATE,You sometimes try new technology when it seems relevant.,0.6432801072305937,HIGH,You feel enthusiastic and positive about AI-assisted activities.,0.11218407252429827,MODERATE,You think current AI has reasonable but limited capability.
H_0270,1.9240373117203173,HIGH,You strongly believe AI tools improve efficiency and outcomes.,0.2972511698055827,MODERATE,You find most apps usable but sometimes need time to learn.,0.20324189502371123,MODERATE,You sometimes try new technology when it seems relevant.,0.3560402405839398,MODERATE,You have a neutral-to-positive attitude toward AI activities.,2.8718668689506055,HIGH,You believe current AI is capable of complex information tasks.
H_0271,0.44121412015119055,MODERATE,You think AI tools can be somewhat useful for certain tasks.,0.7076485473947833,HIGH,You pick up new technology quickly and find it intuitive.,0.7137074364826105,HIGH,You actively seek out and adopt useful new technology tools.,0.4152761564587158,MODERATE,You have a neutral-to-positive attitude toward AI activities.,2.3013453579603795,HIGH,You believe current AI is capable of complex information tasks.
H_0272,2.9335797701702075,HIGH,You strongly believe AI tools improve efficiency and outcomes.,1.2191279836086255,HIGH,You pick up new technology quickly and find it intuitive.,1.4814538945593438,HIGH,You actively seek out and adopt useful new technology tools.,1.808563811984964,HIGH,You feel enthusiastic and positive about AI-assisted activities.,1.9128874987545785,HIGH,You believe current AI is capable of complex information tasks.
H_0273,0.5840224410128062,HIGH,You strongly believe AI tools improve efficiency and outcomes.,-0.337544594324924,MODERATE,You find most apps usable but sometimes need time to learn.,-0.4452648341813645,MODERATE,You sometimes try new technology when it seems relevant.,0.6104409091726842,HIGH,You feel enthusiastic and positive about AI-assisted activities.,-0.5612468915374913,LOW,You doubt that current AI handles complex real-world tasks well.
H_0274,0.43257325553078063,MODERATE,You think AI tools can be somewhat useful for certain tasks.,0.7152744116385543,HIGH,You pick up new technology quickly and find it intuitive.,0.1959309794307984,MODERATE,You sometimes try new technology when it seems relevant.,-0.5876143687101956,LOW,You feel somewhat uncomfortable or skeptical about AI activities.,-0.14700975249189682,MODERATE,You think current AI has reasonable but limited capability.
H_0275,1.162478790109585,HIGH,You strongly believe AI tools improve efficiency and outcomes.,0.6088401823723768,HIGH,You pick up new technology quickly and find it intuitive.,-0.4818038090359338,MODERATE,You sometimes try new technology when it seems relevant.,0.7486695012427296,HIGH,You feel enthusiastic and positive about AI-assisted activities.,-1.7923409104389316,LOW,You doubt that current AI handles complex real-world tasks well.
H_0276,0.457751308140609,MODERATE,You think AI tools can be somewhat useful for certain tasks.,-0.7050849031193067,LOW,You find new technology interfaces difficult and frustrating.,-0.7697683718393953,LOW,You rarely choose to adopt new digital tools in daily life.,1.0088384527166543,HIGH,You feel enthusiastic and positive about AI-assisted activities.,0.7282778983447395,HIGH,You believe current AI is capable of complex information tasks.
H_0277,-0.2783604268781863,MODERATE,You think AI tools can be somewhat useful for certain tasks.,-2.084050381891778,LOW,You find new technology interfaces difficult and frustrating.,-0.6318986033853038,LOW,You rarely choose to adopt new digital tools in daily life.,0.03979313145056584,MODERATE,You have a neutral-to-positive attitude toward AI activities.,0.4212923110620191,MODERATE,You think current AI has reasonable but limited capability.
H_0278,-0.27970981323669286,MODERATE,You think AI tools can be somewhat useful for certain tasks.,-1.4026603912864097,LOW,You find new technology interfaces difficult and frustrating.,0.9769144826874049,HIGH,You actively seek out and adopt useful new technology tools.,0.03537379606067695,MODERATE,You have a neutral-to-positive attitude toward AI activities.,-0.646612805723903,LOW,You doubt that current AI handles complex real-world tasks well.
H_0279,-0.5303073964006632,LOW,You are skeptical that AI tools genuinely improve task performance.,-1.652191212145833,LOW,You find new technology interfaces difficult and frustrating.,0.05097343533047836,MODERATE,You sometimes try new technology when it seems relevant.,-0.28947451368654903,MODERATE,You have a neutral-to-positive attitude toward AI activities.,0.8046205185197087,HIGH,You believe current AI is capable of complex information tasks.
H_0280,-0.8466691383084995,LOW,You are skeptical that AI tools genuinely improve task performance.,0.9277811722012013,HIGH,You pick up new technology quickly and find it intuitive.,-0.3717387054624646,MODERATE,You sometimes try new technology when it seems relevant.,-0.7987070080764519,LOW,You feel somewhat uncomfortable or skeptical about AI activities.,0.7731425958277844,HIGH,You believe current AI is capable of complex information tasks.
H_0281,0.3723743671079925,MODERATE,You think AI tools can be somewhat useful for certain tasks.,-0.08535241467159337,MODERATE,You find most apps usable but sometimes need time to learn.,0.971458057597906,HIGH,You actively seek out and adopt useful new technology tools.,1.8169378493541035,HIGH,You feel enthusiastic and positive about AI-assisted activities.,0.6191309568361018,HIGH,You believe current AI is capable of complex information tasks.
H_0282,0.7218999589528584,HIGH,You strongly believe AI tools improve efficiency and outcomes.,-0.49719319211524865,MODERATE,You find most apps usable but sometimes need time to learn.,0.42770306270252983,MODERATE,You sometimes try new technology when it seems relevant.,0.3527081561498773,MODERATE,You have a neutral-to-positive attitude toward AI activities.,1.8891233016692406,HIGH,You believe current AI is capable of complex information tasks.
H_0283,-2.350496016910161,LOW,You are skeptical that AI tools genuinely improve task performance.,-0.8415947658375413,LOW,You find new technology interfaces difficult and frustrating.,0.00486034987884793,MODERATE,You sometimes try new technology when it seems relevant.,-0.7555418021154467,LOW,You feel somewhat uncomfortable or skeptical about AI activities.,-0.7964735937562326,LOW,You doubt that current AI handles complex real-world tasks well.
H_0284,-1.6671088770598874,LOW,You are skeptical that AI tools genuinely improve task performance.,-0.5453671316877258,LOW,You find new technology interfaces difficult and frustrating.,-0.552970296716375,LOW,You rarely choose to adopt new digital tools in daily life.,-0.14085120731939882,MODERATE,You have a neutral-to-positive attitude toward AI activities.,-0.3814185065668534,MODERATE,You think current AI has reasonable but limited capability.
H_0285,0.11155334576577855,MODERATE,You think AI tools can be somewhat useful for certain tasks.,-0.3212742941293475,MODERATE,You find most apps usable but sometimes need time to learn.,0.22167049605182304,MODERATE,You sometimes try new technology when it seems relevant.,-0.8919216464821834,LOW,You feel somewhat uncomfortable or skeptical about AI activities.,-1.2540144349748092,LOW,You doubt that current AI handles complex real-world tasks well.
H_0286,1.7938181877361767,HIGH,You strongly believe AI tools improve efficiency and outcomes.,1.8905900651480796,HIGH,You pick up new technology quickly and find it intuitive.,2.0950271763889483,HIGH,You actively seek out and adopt useful new technology tools.,1.6673758608042577,HIGH,You feel enthusiastic and positive about AI-assisted activities.,-0.5949957645853674,LOW,You doubt that current AI handles complex real-world tasks well.
H_0287,0.08726188812514409,MODERATE,You think AI tools can be somewhat useful for certain tasks.,-0.9950415495778385,LOW,You find new technology interfaces difficult and frustrating.,0.24738976110616087,MODERATE,You sometimes try new technology when it seems relevant.,-0.04823652078449745,MODERATE,You have a neutral-to-positive attitude toward AI activities.,-0.6021058939624095,LOW,You doubt that current AI handles complex real-world tasks well.
H_0288,-0.5878967053671754,LOW,You are skeptical that AI tools genuinely improve task performance.,-1.2430750585807422,LOW,You find new technology interfaces difficult and frustrating.,-0.16260626462962605,MODERATE,You sometimes try new technology when it seems relevant.,0.48834874205345247,MODERATE,You have a neutral-to-positive attitude toward AI activities.,0.4721895788964527,MODERATE,You think current AI has reasonable but limited capability.
H_0289,0.24992740144039477,MODERATE,You think AI tools can be somewhat useful for certain tasks.,-0.9259119931296514,LOW,You find new technology interfaces difficult and frustrating.,-0.4253199862869664,MODERATE,You sometimes try new technology when it seems relevant.,-0.2137275866476169,MODERATE,You have a neutral-to-positive attitude toward AI activities.,-1.3876558183883063,LOW,You doubt that current AI handles complex real-world tasks well.
H_0290,-0.24313189300964444,MODERATE,You think AI tools can be somewhat useful for certain tasks.,0.2924693778365667,MODERATE,You find most apps usable but sometimes need time to learn.,0.6484042727530593,HIGH,You actively seek out and adopt useful new technology tools.,0.7209550051534425,HIGH,You feel enthusiastic and positive about AI-assisted activities.,1.0968168466570491,HIGH,You believe current AI is capable of complex information tasks.
H_0291,-1.7740373157629667,LOW,You are skeptical that AI tools genuinely improve task performance.,-0.05551646856121253,MODERATE,You find most apps usable but sometimes need time to learn.,0.7144551260778538,HIGH,You actively seek out and adopt useful new technology tools.,0.971563325035736,HIGH,You feel enthusiastic and positive about AI-assisted activities.,-1.0717367495401995,LOW,You doubt that current AI handles complex real-world tasks well.
H_0292,0.6430271613491367,HIGH,You strongly believe AI tools improve efficiency and outcomes.,1.0625141969068097,HIGH,You pick up new technology quickly and find it intuitive.,1.6531668653406064,HIGH,You actively seek out and adopt useful new technology tools.,2.2099231228138696,HIGH,You feel enthusiastic and positive about AI-assisted activities.,0.7655860651053241,HIGH,You believe current AI is capable of complex information tasks.
H_0293,0.6058149530313974,HIGH,You strongly believe AI tools improve efficiency and outcomes.,0.20430052334257603,MODERATE,You find most apps usable but sometimes need time to learn.,-0.3184308101902691,MODERATE,You sometimes try new technology when it seems relevant.,-0.6806854221508085,LOW,You feel somewhat uncomfortable or skeptical about AI activities.,0.8427479265779528,HIGH,You believe current AI is capable of complex information tasks.
H_0294,0.2515774082897762,MODERATE,You think AI tools can be somewhat useful for certain tasks.,-1.0541511298060784,LOW,You find new technology interfaces difficult and frustrating.,-0.12941475117814621,MODERATE,You sometimes try new technology when it seems relevant.,0.0528568819158207,MODERATE,You have a neutral-to-positive attitude toward AI activities.,-1.6320559290269159,LOW,You doubt that current AI handles complex real-world tasks well.
H_0295,-0.9688575265888217,LOW,You are skeptical that AI tools genuinely improve task performance.,-0.6284153403622151,LOW,You find new technology interfaces difficult and frustrating.,-0.8214441476890355,LOW,You rarely choose to adopt new digital tools in daily life.,-1.509966286093384,LOW,You feel somewhat uncomfortable or skeptical about AI activities.,-0.28834556174530057,MODERATE,You think current AI has reasonable but limited capability.
H_0296,-0.006036710370165976,MODERATE,You think AI tools can be somewhat useful for certain tasks.,-0.8766407564944221,LOW,You find new technology interfaces difficult and frustrating.,-0.41109399318008777,MODERATE,You sometimes try new technology when it seems relevant.,-0.8288595654951043,LOW,You feel somewhat uncomfortable or skeptical about AI activities.,-0.2787663226268038,MODERATE,You think current AI has reasonable but limited capability.
H_0297,-0.41334231968792284,MODERATE,You think AI tools can be somewhat useful for certain tasks.,-1.7645390228129156,LOW,You find new technology interfaces difficult and frustrating.,-0.45655732078446504,MODERATE,You sometimes try new technology when it seems relevant.,-0.27432625255590903,MODERATE,You have a neutral-to-positive attitude toward AI activities.,0.24444370142066524,MODERATE,You think current AI has reasonable but limited capability.
H_0298,0.17574923538789072,MODERATE,You think AI tools can be somewhat useful for certain tasks.,0.4401444597785321,MODERATE,You find most apps usable but sometimes need time to learn.,-2.5010432660761026,LOW,You rarely choose to adopt new digital tools in daily life.,-1.077809235164643,LOW,You feel somewhat uncomfortable or skeptical about AI activities.,-0.2936307917940621,MODERATE,You think current AI has reasonable but limited capability.
H_0299,0.3870073800746603,MODERATE,You think AI tools can be somewhat useful for certain tasks.,0.5451935779130134,HIGH,You pick up new technology quickly and find it intuitive.,0.6234431771668102,HIGH,You actively seek out and adopt useful new technology tools.,1.7700473134612624,HIGH,You feel enthusiastic and positive about AI-assisted activities.,-1.7324799446713148,LOW,You doubt that current AI handles complex real-world tasks well.
H_0300,-2.2279533871231325,LOW,You are skeptical that AI tools genuinely improve task performance.,-2.2070306723713977,LOW,You find new technology interfaces difficult and frustrating.,-0.5084899977798928,LOW,You rarely choose to adopt new digital tools in daily life.,-0.33835683707231534,MODERATE,You have a neutral-to-positive attitude toward AI activities.,-2.302043322245492,LOW,You doubt that current AI handles complex real-world tasks well.
H_0301,-0.6038943884099559,LOW,You are skeptical that AI tools genuinely improve task performance.,0.11559225608999096,MODERATE,You find most apps usable but sometimes need time to learn.,-0.917034702170056,LOW,You rarely choose to adopt new digital tools in daily life.,-0.9994780962999444,LOW,You feel somewhat uncomfortable or skeptical about AI activities.,-0.2996915959115195,MODERATE,You think current AI has reasonable but limited capability.
H_0302,0.27557673793829796,MODERATE,You think AI tools can be somewhat useful for certain tasks.,-0.46139369654644025,MODERATE,You find most apps usable but sometimes need time to learn.,0.2013008512548209,MODERATE,You sometimes try new technology when it seems relevant.,1.475804624573058,HIGH,You feel enthusiastic and positive about AI-assisted activities.,-0.030057415170631766,MODERATE,You think current AI has reasonable but limited capability.
H_0303,2.0478548615314955,HIGH,You strongly believe AI tools improve efficiency and outcomes.,0.9463391661321542,HIGH,You pick up new technology quickly and find it intuitive.,0.30693401929274505,MODERATE,You sometimes try new technology when it seems relevant.,0.33815205853142594,MODERATE,You have a neutral-to-positive attitude toward AI activities.,0.4227930352993239,MODERATE,You think current AI has reasonable but limited capability.
H_0304,0.6932194592065679,HIGH,You strongly believe AI tools improve efficiency and outcomes.,-0.738910360003295,LOW,You find new technology interfaces difficult and frustrating.,-0.18467943607598228,MODERATE,You sometimes try new technology when it seems relevant.,1.3517747408604899,HIGH,You feel enthusiastic and positive about AI-assisted activities.,-1.0723955542893606,LOW,You doubt that current AI handles complex real-world tasks well.
H_0305,-0.38776001154194184,MODERATE,You think AI tools can be somewhat useful for certain tasks.,-0.8739548407938494,LOW,You find new technology interfaces difficult and frustrating.,-0.7672939968007755,LOW,You rarely choose to adopt new digital tools in daily life.,-1.2095878365155959,LOW,You feel somewhat uncomfortable or skeptical about AI activities.,-1.3333154723782936,LOW,You doubt that current AI handles complex real-world tasks well.
H_0306,-0.5884481493995034,LOW,You are skeptical that AI tools genuinely improve task performance.,-2.0553467148831612,LOW,You find new technology interfaces difficult and frustrating.,0.6638675271603631,HIGH,You actively seek out and adopt useful new technology tools.,-0.7142251623682786,LOW,You feel somewhat uncomfortable or skeptical about AI activities.,-1.6034555662581802,LOW,You doubt that current AI handles complex real-world tasks well.
H_0307,-0.06670750936196487,MODERATE,You think AI tools can be somewhat useful for certain tasks.,-0.18750917998578395,MODERATE,You find most apps usable but sometimes need time to learn.,-0.53224525585732,LOW,You rarely choose to adopt new digital tools in daily life.,-0.7519485128009483,LOW,You feel somewhat uncomfortable or skeptical about AI activities.,1.2916356011176204,HIGH,You believe current AI is capable of complex information tasks.
H_0308,2.037107961462267,HIGH,You strongly believe AI tools improve efficiency and outcomes.,1.2583952170574346,HIGH,You pick up new technology quickly and find it intuitive.,2.3186887775718237,HIGH,You actively seek out and adopt useful new technology tools.,-0.36191527755395475,MODERATE,You have a neutral-to-positive attitude toward AI activities.,0.4807324730896495,MODERATE,You think current AI has reasonable but limited capability.
H_0309,0.27748205111579016,MODERATE,You think AI tools can be somewhat useful for certain tasks.,-1.3911921543898425,LOW,You find new technology interfaces difficult and frustrating.,1.2698518141778479,HIGH,You actively seek out and adopt useful new technology tools.,0.4212719114028519,MODERATE,You have a neutral-to-positive attitude toward AI activities.,-0.8257425669608427,LOW,You doubt that current AI handles complex real-world tasks well.
H_0310,-0.8756970689383817,LOW,You are skeptical that AI tools genuinely improve task performance.,-0.33156174146806217,MODERATE,You find most apps usable but sometimes need time to learn.,-1.0619250429209577,LOW,You rarely choose to adopt new digital tools in daily life.,0.18549607666378876,MODERATE,You have a neutral-to-positive attitude toward AI activities.,0.5427190878947337,HIGH,You believe current AI is capable of complex information tasks.
H_0311,0.6006367411322381,HIGH,You strongly believe AI tools improve efficiency and outcomes.,0.5635185983753748,HIGH,You pick up new technology quickly and find it intuitive.,-0.26360921804474285,MODERATE,You sometimes try new technology when it seems relevant.,-0.40514969852306526,MODERATE,You have a neutral-to-positive attitude toward AI activities.,-0.12300374618613329,MODERATE,You think current AI has reasonable but limited capability.
H_0312,-1.1323557273596814,LOW,You are skeptical that AI tools genuinely improve task performance.,0.5342739446508242,HIGH,You pick up new technology quickly and find it intuitive.,0.28281083733928275,MODERATE,You sometimes try new technology when it seems relevant.,-0.09306248882974898,MODERATE,You have a neutral-to-positive attitude toward AI activities.,-0.9155851172678509,LOW,You doubt that current AI handles complex real-world tasks well.
H_0313,-0.4462656074150871,MODERATE,You think AI tools can be somewhat useful for certain tasks.,1.95629326901023,HIGH,You pick up new technology quickly and find it intuitive.,-0.997882852720576,LOW,You rarely choose to adopt new digital tools in daily life.,-0.13424756688408507,MODERATE,You have a neutral-to-positive attitude toward AI activities.,-0.05450411282433541,MODERATE,You think current AI has reasonable but limited capability.
H_0314,1.1431720922540372,HIGH,You strongly believe AI tools improve efficiency and outcomes.,-0.4637538994599407,MODERATE,You find most apps usable but sometimes need time to learn.,0.29953662292080724,MODERATE,You sometimes try new technology when it seems relevant.,-0.19539241651375633,MODERATE,You have a neutral-to-positive attitude toward AI activities.,0.10844720356975024,MODERATE,You think current AI has reasonable but limited capability.
H_0315,0.12697573748332977,MODERATE,You think AI tools can be somewhat useful for certain tasks.,-0.8969822485677137,LOW,You find new technology interfaces difficult and frustrating.,-1.470421069163754,LOW,You rarely choose to adopt new digital tools in daily life.,-0.885765564198492,LOW,You feel somewhat uncomfortable or skeptical about AI activities.,0.3096835753245277,MODERATE,You think current AI has reasonable but limited capability.
H_0316,0.40122742508356274,MODERATE,You think AI tools can be somewhat useful for certain tasks.,-0.784397196460552,LOW,You find new technology interfaces difficult and frustrating.,-0.1011903744647588,MODERATE,You sometimes try new technology when it seems relevant.,-0.6806637001753085,LOW,You feel somewhat uncomfortable or skeptical about AI activities.,1.471736744429156,HIGH,You believe current AI is capable of complex information tasks.
H_0317,-0.1443420967250044,MODERATE,You think AI tools can be somewhat useful for certain tasks.,0.4926004977802708,MODERATE,You find most apps usable but sometimes need time to learn.,-0.12565351446650286,MODERATE,You sometimes try new technology when it seems relevant.,0.15524325321514518,MODERATE,You have a neutral-to-positive attitude toward AI activities.,-1.2546456617539465,LOW,You doubt that current AI handles complex real-world tasks well.
H_0318,-0.050141324277054575,MODERATE,You think AI tools can be somewhat useful for certain tasks.,-0.37284454720797794,MODERATE,You find most apps usable but sometimes need time to learn.,-0.7340716399775384,LOW,You rarely choose to adopt new digital tools in daily life.,-0.6739315045117511,LOW,You feel somewhat uncomfortable or skeptical about AI activities.,-0.762601072838364,LOW,You doubt that current AI handles complex real-world tasks well.
H_0319,0.2780069862217089,MODERATE,You think AI tools can be somewhat useful for certain tasks.,0.8870814881275938,HIGH,You pick up new technology quickly and find it intuitive.,0.9969779750397579,HIGH,You actively seek out and adopt useful new technology tools.,-0.8325068139141691,LOW,You feel somewhat uncomfortable or skeptical about AI activities.,3.139035657998671,HIGH,You believe current AI is capable of complex information tasks.
H_0320,0.7476275616838011,HIGH,You strongly believe AI tools improve efficiency and outcomes.,-0.8256006885851208,LOW,You find new technology interfaces difficult and frustrating.,1.8062335756948527,HIGH,You actively seek out and adopt useful new technology tools.,1.0002594321988503,HIGH,You feel enthusiastic and positive about AI-assisted activities.,0.7902644268303058,HIGH,You believe current AI is capable of complex information tasks.
H_0321,0.6767871020012723,HIGH,You strongly believe AI tools improve efficiency and outcomes.,0.3283320732270531,MODERATE,You find most apps usable but sometimes need time to learn.,0.5768945793902801,HIGH,You actively seek out and adopt useful new technology tools.,-0.017611599302692578,MODERATE,You have a neutral-to-positive attitude toward AI activities.,-1.1328267713164304,LOW,You doubt that current AI handles complex real-world tasks well.
H_0322,0.5227228189381867,HIGH,You strongly believe AI tools improve efficiency and outcomes.,-0.46715788065843666,MODERATE,You find most apps usable but sometimes need time to learn.,1.3191441908462649,HIGH,You actively seek out and adopt useful new technology tools.,1.0340938649795177,HIGH,You feel enthusiastic and positive about AI-assisted activities.,1.0047277829567955,HIGH,You believe current AI is capable of complex information tasks.
H_0323,0.2208696363486027,MODERATE,You think AI tools can be somewhat useful for certain tasks.,-0.3103792350404872,MODERATE,You find most apps usable but sometimes need time to learn.,-0.10779195884861414,MODERATE,You sometimes try new technology when it seems relevant.,-0.09379439527985842,MODERATE,You have a neutral-to-positive attitude toward AI activities.,1.558389369495317,HIGH,You believe current AI is capable of complex information tasks.
H_0324,-2.293262757211111,LOW,You are skeptical that AI tools genuinely improve task performance.,-1.732484132372097,LOW,You find new technology interfaces difficult and frustrating.,-3.056196368998924,LOW,You rarely choose to adopt new digital tools in daily life.,-2.0825795394434987,LOW,You feel somewhat uncomfortable or skeptical about AI activities.,-2.510342414951694,LOW,You doubt that current AI handles complex real-world tasks well.
H_0325,0.22408568535471013,MODERATE,You think AI tools can be somewhat useful for certain tasks.,-0.780867428683754,LOW,You find new technology interfaces difficult and frustrating.,-1.3693056996999995,LOW,You rarely choose to adopt new digital tools in daily life.,0.5495541337391203,HIGH,You feel enthusiastic and positive about AI-assisted activities.,1.0425129089601886,HIGH,You believe current AI is capable of complex information tasks.
H_0326,-0.9712976923987506,LOW,You are skeptical that AI tools genuinely improve task performance.,-1.6077675935140885,LOW,You find new technology interfaces difficult and frustrating.,-1.0482539987690103,LOW,You rarely choose to adopt new digital tools in daily life.,-0.2680275140616979,MODERATE,You have a neutral-to-positive attitude toward AI activities.,-0.02452828490740205,MODERATE,You think current AI has reasonable but limited capability.
H_0327,-0.9916767225206139,LOW,You are skeptical that AI tools genuinely improve task performance.,0.4094505354227595,MODERATE,You find most apps usable but sometimes need time to learn.,-0.5023578945951618,LOW,You rarely choose to adopt new digital tools in daily life.,-0.7109980930075925,LOW,You feel somewhat uncomfortable or skeptical about AI activities.,0.2782780826811642,MODERATE,You think current AI has reasonable but limited capability.
H_0328,-0.9221847918848921,LOW,You are skeptical that AI tools genuinely improve task performance.,0.4617745187823876,MODERATE,You find most apps usable but sometimes need time to learn.,0.8916127591798385,HIGH,You actively seek out and adopt useful new technology tools.,-0.014039537683457136,MODERATE,You have a neutral-to-positive attitude toward AI activities.,1.3680439734707737,HIGH,You believe current AI is capable of complex information tasks.
H_0329,-0.2453561863744283,MODERATE,You think AI tools can be somewhat useful for certain tasks.,0.03030056991467195,MODERATE,You find most apps usable but sometimes need time to learn.,1.0561151250707754,HIGH,You actively seek out and adopt useful new technology tools.,-0.12926331557994364,MODERATE,You have a neutral-to-positive attitude toward AI activities.,-0.9458384982532172,LOW,You doubt that current AI handles complex real-world tasks well.
H_0330,-1.116421120199421,LOW,You are skeptical that AI tools genuinely improve task performance.,-0.8199679486496514,LOW,You find new technology interfaces difficult and frustrating.,-1.0791608362720226,LOW,You rarely choose to adopt new digital tools in daily life.,1.3126943575319456,HIGH,You feel enthusiastic and positive about AI-assisted activities.,0.14615359416514268,MODERATE,You think current AI has reasonable but limited capability.
H_0331,-0.2601484737782005,MODERATE,You think AI tools can be somewhat useful for certain tasks.,-0.629066459913637,LOW,You find new technology interfaces difficult and frustrating.,-0.4815263042055405,MODERATE,You sometimes try new technology when it seems relevant.,-0.22641379189370403,MODERATE,You have a neutral-to-positive attitude toward AI activities.,-0.6008824861757739,LOW,You doubt that current AI handles complex real-world tasks well.
H_0332,0.7796215587540427,HIGH,You strongly believe AI tools improve efficiency and outcomes.,-0.9753196694540152,LOW,You find new technology interfaces difficult and frustrating.,-0.09177148536227106,MODERATE,You sometimes try new technology when it seems relevant.,0.931375155609364,HIGH,You feel enthusiastic and positive about AI-assisted activities.,0.24167725974255122,MODERATE,You think current AI has reasonable but limited capability.
H_0333,-0.6402230300837656,LOW,You are skeptical that AI tools genuinely improve task performance.,0.4986568451587656,MODERATE,You find most apps usable but sometimes need time to learn.,-2.2205768178775855,LOW,You rarely choose to adopt new digital tools in daily life.,-0.9458164391835142,LOW,You feel somewhat uncomfortable or skeptical about AI activities.,-1.4634146747821988,LOW,You doubt that current AI handles complex real-world tasks well.
H_0334,-0.48914641806915077,MODERATE,You think AI tools can be somewhat useful for certain tasks.,0.6047994520475103,HIGH,You pick up new technology quickly and find it intuitive.,-0.5677672187149914,LOW,You rarely choose to adopt new digital tools in daily life.,0.08372396681157615,MODERATE,You have a neutral-to-positive attitude toward AI activities.,0.6687790125504925,HIGH,You believe current AI is capable of complex information tasks.
H_0335,0.7279974448802483,HIGH,You strongly believe AI tools improve efficiency and outcomes.,0.25765660221983144,MODERATE,You find most apps usable but sometimes need time to learn.,-0.9340169828878854,LOW,You rarely choose to adopt new digital tools in daily life.,0.6625304599330238,HIGH,You feel enthusiastic and positive about AI-assisted activities.,0.10224805518210056,MODERATE,You think current AI has reasonable but limited capability.
H_0336,-0.3579253353495553,MODERATE,You think AI tools can be somewhat useful for certain tasks.,-0.7793627344913756,LOW,You find new technology interfaces difficult and frustrating.,1.443507129753711,HIGH,You actively seek out and adopt useful new technology tools.,0.8229701019611122,HIGH,You feel enthusiastic and positive about AI-assisted activities.,-0.11384140740077862,MODERATE,You think current AI has reasonable but limited capability.
H_0337,-0.4727200738644087,MODERATE,You think AI tools can be somewhat useful for certain tasks.,0.46866873036888135,MODERATE,You find most apps usable but sometimes need time to learn.,0.05222670557548615,MODERATE,You sometimes try new technology when it seems relevant.,-1.0356701403317095,LOW,You feel somewhat uncomfortable or skeptical about AI activities.,-0.37828430189884665,MODERATE,You think current AI has reasonable but limited capability.
H_0338,-1.1358837103998374,LOW,You are skeptical that AI tools genuinely improve task performance.,-0.8379652973908672,LOW,You find new technology interfaces difficult and frustrating.,-0.8611127108867992,LOW,You rarely choose to adopt new digital tools in daily life.,-1.089937539473949,LOW,You feel somewhat uncomfortable or skeptical about AI activities.,-0.2912213546115657,MODERATE,You think current AI has reasonable but limited capability.
H_0339,0.2865847857716134,MODERATE,You think AI tools can be somewhat useful for certain tasks.,-1.2275703167351355,LOW,You find new technology interfaces difficult and frustrating.,-0.7277094725199119,LOW,You rarely choose to adopt new digital tools in daily life.,-0.5782210228872896,LOW,You feel somewhat uncomfortable or skeptical about AI activities.,0.054382293536269714,MODERATE,You think current AI has reasonable but limited capability.
H_0340,-1.8613464215090585,LOW,You are skeptical that AI tools genuinely improve task performance.,-0.634361028476542,LOW,You find new technology interfaces difficult and frustrating.,-1.9895467187824796,LOW,You rarely choose to adopt new digital tools in daily life.,-1.7316913868158466,LOW,You feel somewhat uncomfortable or skeptical about AI activities.,-0.6077111192255805,LOW,You doubt that current AI handles complex real-world tasks well.
H_0341,-0.9577406987639303,LOW,You are skeptical that AI tools genuinely improve task performance.,-0.5339282957240684,LOW,You find new technology interfaces difficult and frustrating.,0.09936448784887168,MODERATE,You sometimes try new technology when it seems relevant.,0.3729435917716745,MODERATE,You have a neutral-to-positive attitude toward AI activities.,-0.281813894587283,MODERATE,You think current AI has reasonable but limited capability.
H_0342,0.23057966937792237,MODERATE,You think AI tools can be somewhat useful for certain tasks.,-1.2535573242030764,LOW,You find new technology interfaces difficult and frustrating.,1.2892160367853074,HIGH,You actively seek out and adopt useful new technology tools.,0.22910295216585022,MODERATE,You have a neutral-to-positive attitude toward AI activities.,0.22885773970349263,MODERATE,You think current AI has reasonable but limited capability.
H_0343,-1.3133148386301796,LOW,You are skeptical that AI tools genuinely improve task performance.,0.9940906315448075,HIGH,You pick up new technology quickly and find it intuitive.,-0.9983467029301433,LOW,You rarely choose to adopt new digital tools in daily life.,-1.4530666639945382,LOW,You feel somewhat uncomfortable or skeptical about AI activities.,-1.0680410521633463,LOW,You doubt that current AI handles complex real-world tasks well.
H_0344,-0.3437124764387687,MODERATE,You think AI tools can be somewhat useful for certain tasks.,0.039176188051941424,MODERATE,You find most apps usable but sometimes need time to learn.,0.5642420497119834,HIGH,You actively seek out and adopt useful new technology tools.,0.09920044562316697,MODERATE,You have a neutral-to-positive attitude toward AI activities.,-0.021246711312468504,MODERATE,You think current AI has reasonable but limited capability.
H_0345,-0.7981507604432073,LOW,You are skeptical that AI tools genuinely improve task performance.,-0.7094551028435923,LOW,You find new technology interfaces difficult and frustrating.,0.2121142497333583,MODERATE,You sometimes try new technology when it seems relevant.,-0.6810239247016519,LOW,You feel somewhat uncomfortable or skeptical about AI activities.,0.2038700479724845,MODERATE,You think current AI has reasonable but limited capability.
H_0346,-1.1501795005992206,LOW,You are skeptical that AI tools genuinely improve task performance.,-1.235904073642625,LOW,You find new technology interfaces difficult and frustrating.,-1.574497614003546,LOW,You rarely choose to adopt new digital tools in daily life.,0.15462622566147777,MODERATE,You have a neutral-to-positive attitude toward AI activities.,-0.11409938505441834,MODERATE,You think current AI has reasonable but limited capability.
H_0347,0.34436130270738624,MODERATE,You think AI tools can be somewhat useful for certain tasks.,0.11629649978095521,MODERATE,You find most apps usable but sometimes need time to learn.,-0.37784854952437635,MODERATE,You sometimes try new technology when it seems relevant.,0.4298145581819966,MODERATE,You have a neutral-to-positive attitude toward AI activities.,0.3041373932299771,MODERATE,You think current AI has reasonable but limited capability.
H_0348,0.7315979917106378,HIGH,You strongly believe AI tools improve efficiency and outcomes.,2.0672208940272454,HIGH,You pick up new technology quickly and find it intuitive.,-0.00842480146683764,MODERATE,You sometimes try new technology when it seems relevant.,1.8090010641566099,HIGH,You feel enthusiastic and positive about AI-assisted activities.,1.4826974251068412,HIGH,You believe current AI is capable of complex information tasks.
H_0349,-0.6014048954610067,LOW,You are skeptical that AI tools genuinely improve task performance.,0.2748557518971724,MODERATE,You find most apps usable but sometimes need time to learn.,0.6547749971711526,HIGH,You actively seek out and adopt useful new technology tools.,-0.2074184805590949,MODERATE,You have a neutral-to-positive attitude toward AI activities.,0.3986407650272653,MODERATE,You think current AI has reasonable but limited capability.
H_0350,-0.3134793127797429,MODERATE,You think AI tools can be somewhat useful for certain tasks.,-0.5922031569294848,LOW,You find new technology interfaces difficult and frustrating.,-0.09221739607290194,MODERATE,You sometimes try new technology when it seems relevant.,0.692368124348568,HIGH,You feel enthusiastic and positive about AI-assisted activities.,-0.7461978910854926,LOW,You doubt that current AI handles complex real-world tasks well.
H_0351,3.2897104010372487,HIGH,You strongly believe AI tools improve efficiency and outcomes.,1.8613251277392389,HIGH,You pick up new technology quickly and find it intuitive.,1.5809300395634123,HIGH,You actively seek out and adopt useful new technology tools.,2.100097447160813,HIGH,You feel enthusiastic and positive about AI-assisted activities.,0.7435352119332329,HIGH,You believe current AI is capable of complex information tasks.
H_0352,-2.1119023701073116,LOW,You are skeptical that AI tools genuinely improve task performance.,-1.3206193987358377,LOW,You find new technology interfaces difficult and frustrating.,-1.1423504679075431,LOW,You rarely choose to adopt new digital tools in daily life.,0.013985182874722673,MODERATE,You have a neutral-to-positive attitude toward AI activities.,-0.35962899308834007,MODERATE,You think current AI has reasonable but limited capability.
H_0353,-0.3516155207751585,MODERATE,You think AI tools can be somewhat useful for certain tasks.,-1.5064967017566055,LOW,You find new technology interfaces difficult and frustrating.,-1.1267184035906093,LOW,You rarely choose to adopt new digital tools in daily life.,-1.4866941450607978,LOW,You feel somewhat uncomfortable or skeptical about AI activities.,-1.7084332609727855,LOW,You doubt that current AI handles complex real-world tasks well.
H_0354,0.647444915309853,HIGH,You strongly believe AI tools improve efficiency and outcomes.,0.5102435918406455,HIGH,You pick up new technology quickly and find it intuitive.,1.2094360919354656,HIGH,You actively seek out and adopt useful new technology tools.,1.4730994697570445,HIGH,You feel enthusiastic and positive about AI-assisted activities.,-1.1166487134257759,LOW,You doubt that current AI handles complex real-world tasks well.
H_0355,-0.08688765209886772,MODERATE,You think AI tools can be somewhat useful for certain tasks.,0.3244628159979132,MODERATE,You find most apps usable but sometimes need time to learn.,0.8339918047910431,HIGH,You actively seek out and adopt useful new technology tools.,-0.06644007014676692,MODERATE,You have a neutral-to-positive attitude toward AI activities.,-1.3628504298562818,LOW,You doubt that current AI handles complex real-world tasks well.
H_0356,1.3125110965614033,HIGH,You strongly believe AI tools improve efficiency and outcomes.,0.8996947065936605,HIGH,You pick up new technology quickly and find it intuitive.,0.9768410120120353,HIGH,You actively seek out and adopt useful new technology tools.,0.4538759577612099,MODERATE,You have a neutral-to-positive attitude toward AI activities.,1.2330795930319691,HIGH,You believe current AI is capable of complex information tasks.
H_0357,0.7286227430125065,HIGH,You strongly believe AI tools improve efficiency and outcomes.,2.16163794075169,HIGH,You pick up new technology quickly and find it intuitive.,0.7824841111525729,HIGH,You actively seek out and adopt useful new technology tools.,0.9564545632100984,HIGH,You feel enthusiastic and positive about AI-assisted activities.,0.5960485165933491,HIGH,You believe current AI is capable of complex information tasks.
H_0358,0.9867195662741509,HIGH,You strongly believe AI tools improve efficiency and outcomes.,1.5631920740521132,HIGH,You pick up new technology quickly and find it intuitive.,0.2761719467054897,MODERATE,You sometimes try new technology when it seems relevant.,1.640987710813314,HIGH,You feel enthusiastic and positive about AI-assisted activities.,0.8775864044553161,HIGH,You believe current AI is capable of complex information tasks.
H_0359,1.1135677249075833,HIGH,You strongly believe AI tools improve efficiency and outcomes.,1.4775326198398975,HIGH,You pick up new technology quickly and find it intuitive.,1.4539737969124802,HIGH,You actively seek out and adopt useful new technology tools.,1.6929035689389744,HIGH,You feel enthusiastic and positive about AI-assisted activities.,1.09812634040717,HIGH,You believe current AI is capable of complex information tasks.
H_0360,-0.01351161846959628,MODERATE,You think AI tools can be somewhat useful for certain tasks.,1.298840602814817,HIGH,You pick up new technology quickly and find it intuitive.,0.45010092217942993,MODERATE,You sometimes try new technology when it seems relevant.,0.548871642708568,HIGH,You feel enthusiastic and positive about AI-assisted activities.,0.6024599831997985,HIGH,You believe current AI is capable of complex information tasks.
H_0361,-0.5850218688478936,LOW,You are skeptical that AI tools genuinely improve task performance.,-0.9950581840871178,LOW,You find new technology interfaces difficult and frustrating.,-1.1157479002929198,LOW,You rarely choose to adopt new digital tools in daily life.,-2.8133943396289935,LOW,You feel somewhat uncomfortable or skeptical about AI activities.,-1.4093231753294961,LOW,You doubt that current AI handles complex real-world tasks well.
H_0362,2.189321815071783,HIGH,You strongly believe AI tools improve efficiency and outcomes.,0.3546952351792473,MODERATE,You find most apps usable but sometimes need time to learn.,0.7293422149250548,HIGH,You actively seek out and adopt useful new technology tools.,1.5845595304505082,HIGH,You feel enthusiastic and positive about AI-assisted activities.,0.6835966567692301,HIGH,You believe current AI is capable of complex information tasks.
H_0363,-0.19475911567046938,MODERATE,You think AI tools can be somewhat useful for certain tasks.,-0.6673828490269105,LOW,You find new technology interfaces difficult and frustrating.,1.0847680421723143,HIGH,You actively seek out and adopt useful new technology tools.,0.7602723038433808,HIGH,You feel enthusiastic and positive about AI-assisted activities.,0.7642986710515026,HIGH,You believe current AI is capable of complex information tasks.
H_0364,0.8349349932828302,HIGH,You strongly believe AI tools improve efficiency and outcomes.,1.2817731911487487,HIGH,You pick up new technology quickly and find it intuitive.,0.07213825218257457,MODERATE,You sometimes try new technology when it seems relevant.,-0.5178006559684412,LOW,You feel somewhat uncomfortable or skeptical about AI activities.,1.936682436751788,HIGH,You believe current AI is capable of complex information tasks.
H_0365,0.49893122711286414,MODERATE,You think AI tools can be somewhat useful for certain tasks.,0.11623975683650306,MODERATE,You find most apps usable but sometimes need time to learn.,-0.11967151520603997,MODERATE,You sometimes try new technology when it seems relevant.,0.048665454296755346,MODERATE,You have a neutral-to-positive attitude toward AI activities.,-0.1255560884466734,MODERATE,You think current AI has reasonable but limited capability.
H_0366,-0.3676702232876321,MODERATE,You think AI tools can be somewhat useful for certain tasks.,-1.2278334209662713,LOW,You find new technology interfaces difficult and frustrating.,-0.4477966426878069,MODERATE,You sometimes try new technology when it seems relevant.,-0.3490890180408895,MODERATE,You have a neutral-to-positive attitude toward AI activities.,0.8969383531551298,HIGH,You believe current AI is capable of complex information tasks.
H_0367,-0.761334075928623,LOW,You are skeptical that AI tools genuinely improve task performance.,-1.1051179572491425,LOW,You find new technology interfaces difficult and frustrating.,0.10109095948930495,MODERATE,You sometimes try new technology when it seems relevant.,-0.5626680597991368,LOW,You feel somewhat uncomfortable or skeptical about AI activities.,-0.2713469977948202,MODERATE,You think current AI has reasonable but limited capability.
H_0368,-0.2948976685627597,MODERATE,You think AI tools can be somewhat useful for certain tasks.,-0.22108277815505556,MODERATE,You find most apps usable but sometimes need time to learn.,-0.6012504173087665,LOW,You rarely choose to adopt new digital tools in daily life.,-0.661263381034795,LOW,You feel somewhat uncomfortable or skeptical about AI activities.,0.6430110879873207,HIGH,You believe current AI is capable of complex information tasks.
H_0369,0.028160081940405254,MODERATE,You think AI tools can be somewhat useful for certain tasks.,0.653842487863997,HIGH,You pick up new technology quickly and find it intuitive.,-0.8068792862611432,LOW,You rarely choose to adopt new digital tools in daily life.,-0.38872474976166216,MODERATE,You have a neutral-to-positive attitude toward AI activities.,1.2915228403468688,HIGH,You believe current AI is capable of complex information tasks.
H_0370,0.30064304304526407,MODERATE,You think AI tools can be somewhat useful for certain tasks.,1.3658229266762163,HIGH,You pick up new technology quickly and find it intuitive.,1.0519206531751637,HIGH,You actively seek out and adopt useful new technology tools.,1.3364182424921174,HIGH,You feel enthusiastic and positive about AI-assisted activities.,-0.430067759158317,MODERATE,You think current AI has reasonable but limited capability.
H_0371,0.0391242235845848,MODERATE,You think AI tools can be somewhat useful for certain tasks.,1.2764684699760522,HIGH,You pick up new technology quickly and find it intuitive.,0.6215468162849933,HIGH,You actively seek out and adopt useful new technology tools.,1.3780027289667183,HIGH,You feel enthusiastic and positive about AI-assisted activities.,-1.1634481266926862,LOW,You doubt that current AI handles complex real-world tasks well.
H_0372,0.4008710047674918,MODERATE,You think AI tools can be somewhat useful for certain tasks.,0.5535239678036943,HIGH,You pick up new technology quickly and find it intuitive.,0.9216859286061592,HIGH,You actively seek out and adopt useful new technology tools.,1.0092311959662634,HIGH,You feel enthusiastic and positive about AI-assisted activities.,-0.6438017791079175,LOW,You doubt that current AI handles complex real-world tasks well.
H_0373,1.1199840227960913,HIGH,You strongly believe AI tools improve efficiency and outcomes.,-0.9066928083470357,LOW,You find new technology interfaces difficult and frustrating.,-0.3006458980111647,MODERATE,You sometimes try new technology when it seems relevant.,0.8157288939800617,HIGH,You feel enthusiastic and positive about AI-assisted activities.,-0.5679139060886554,LOW,You doubt that current AI handles complex real-world tasks well.
H_0374,1.9694519554947554,HIGH,You strongly believe AI tools improve efficiency and outcomes.,0.02453187882078882,MODERATE,You find most apps usable but sometimes need time to learn.,1.8922957924651969,HIGH,You actively seek out and adopt useful new technology tools.,1.3964499244749524,HIGH,You feel enthusiastic and positive about AI-assisted activities.,0.4817573502313333,MODERATE,You think current AI has reasonable but limited capability.
H_0375,0.4172663594753154,MODERATE,You think AI tools can be somewhat useful for certain tasks.,1.0891666762223904,HIGH,You pick up new technology quickly and find it intuitive.,0.25022400983083565,MODERATE,You sometimes try new technology when it seems relevant.,1.5423260803298329,HIGH,You feel enthusiastic and positive about AI-assisted activities.,0.7735564260239156,HIGH,You believe current AI is capable of complex information tasks.
H_0376,-0.11662094514465433,MODERATE,You think AI tools can be somewhat useful for certain tasks.,-1.0277467173162709,LOW,You find new technology interfaces difficult and frustrating.,-1.279129345595945,LOW,You rarely choose to adopt new digital tools in daily life.,-1.9753702414054417,LOW,You feel somewhat uncomfortable or skeptical about AI activities.,-0.6713972876364809,LOW,You doubt that current AI handles complex real-world tasks well.
H_0377,-0.34801393820931725,MODERATE,You think AI tools can be somewhat useful for certain tasks.,-0.012715980587376422,MODERATE,You find most apps usable but sometimes need time to learn.,-0.4969817159997973,MODERATE,You sometimes try new technology when it seems relevant.,-0.7115317598357478,LOW,You feel somewhat uncomfortable or skeptical about AI activities.,-2.179036457473166,LOW,You doubt that current AI handles complex real-world tasks well.
H_0378,0.025548525155839927,MODERATE,You think AI tools can be somewhat useful for certain tasks.,-0.5080864758646557,LOW,You find new technology interfaces difficult and frustrating.,-0.504928765929251,LOW,You rarely choose to adopt new digital tools in daily life.,-0.4299189353281841,MODERATE,You have a neutral-to-positive attitude toward AI activities.,0.4748747036757909,MODERATE,You think current AI has reasonable but limited capability.
H_0379,-0.357510576613497,MODERATE,You think AI tools can be somewhat useful for certain tasks.,-0.07215245667454756,MODERATE,You find most apps usable but sometimes need time to learn.,-0.4939994949664532,MODERATE,You sometimes try new technology when it seems relevant.,-0.5776165348332024,LOW,You feel somewhat uncomfortable or skeptical about AI activities.,-0.4714526653180741,MODERATE,You think current AI has reasonable but limited capability.
H_0380,-0.09339653665554294,MODERATE,You think AI tools can be somewhat useful for certain tasks.,-0.7600702676122731,LOW,You find new technology interfaces difficult and frustrating.,0.7896372383456101,HIGH,You actively seek out and adopt useful new technology tools.,0.4942314673598706,MODERATE,You have a neutral-to-positive attitude toward AI activities.,0.9452331018372612,HIGH,You believe current AI is capable of complex information tasks.
H_0381,-0.8258882785747075,LOW,You are skeptical that AI tools genuinely improve task performance.,-1.2033699649223513,LOW,You find new technology interfaces difficult and frustrating.,-0.2628344270418,MODERATE,You sometimes try new technology when it seems relevant.,-0.38682287451469977,MODERATE,You have a neutral-to-positive attitude toward AI activities.,0.18941850354976558,MODERATE,You think current AI has reasonable but limited capability.
H_0382,0.35577143884576423,MODERATE,You think AI tools can be somewhat useful for certain tasks.,0.41531249993514013,MODERATE,You find most apps usable but sometimes need time to learn.,-1.491146463092989,LOW,You rarely choose to adopt new digital tools in daily life.,-1.1103798155216826,LOW,You feel somewhat uncomfortable or skeptical about AI activities.,0.3948119120891789,MODERATE,You think current AI has reasonable but limited capability.
H_0383,-1.6472977642438178,LOW,You are skeptical that AI tools genuinely improve task performance.,-1.667050044401422,LOW,You find new technology interfaces difficult and frustrating.,0.5827043578815085,HIGH,You actively seek out and adopt useful new technology tools.,-1.4805456114721687,LOW,You feel somewhat uncomfortable or skeptical about AI activities.,-2.3456674932457013,LOW,You doubt that current AI handles complex real-world tasks well.
H_0384,0.5472291885527322,HIGH,You strongly believe AI tools improve efficiency and outcomes.,0.8552749864196965,HIGH,You pick up new technology quickly and find it intuitive.,0.13750965780199395,MODERATE,You sometimes try new technology when it seems relevant.,-0.16207643184161027,MODERATE,You have a neutral-to-positive attitude toward AI activities.,0.7380281332550839,HIGH,You believe current AI is capable of complex information tasks.
H_0385,1.47735770416546,HIGH,You strongly believe AI tools improve efficiency and outcomes.,2.0156715788269888,HIGH,You pick up new technology quickly and find it intuitive.,0.6634979186706591,HIGH,You actively seek out and adopt useful new technology tools.,2.6065266042649164,HIGH,You feel enthusiastic and positive about AI-assisted activities.,0.2941519739079129,MODERATE,You think current AI has reasonable but limited capability.
H_0386,0.02276694196016498,MODERATE,You think AI tools can be somewhat useful for certain tasks.,1.1922726688387293,HIGH,You pick up new technology quickly and find it intuitive.,-0.9985101891324354,LOW,You rarely choose to adopt new digital tools in daily life.,1.1940998023113822,HIGH,You feel enthusiastic and positive about AI-assisted activities.,2.3443790121919417,HIGH,You believe current AI is capable of complex information tasks.
H_0387,1.0473121109153811,HIGH,You strongly believe AI tools improve efficiency and outcomes.,1.0232377234199563,HIGH,You pick up new technology quickly and find it intuitive.,-0.17129727559297594,MODERATE,You sometimes try new technology when it seems relevant.,2.3000812892398743,HIGH,You feel enthusiastic and positive about AI-assisted activities.,0.10930066157992296,MODERATE,You think current AI has reasonable but limited capability.
H_0388,0.5505214535855018,HIGH,You strongly believe AI tools improve efficiency and outcomes.,0.8484534497100077,HIGH,You pick up new technology quickly and find it intuitive.,1.5015697547886844,HIGH,You actively seek out and adopt useful new technology tools.,1.5756686606242754,HIGH,You feel enthusiastic and positive about AI-assisted activities.,0.9996695970931677,HIGH,You believe current AI is capable of complex information tasks.
H_0389,-0.06787412278519835,MODERATE,You think AI tools can be somewhat useful for certain tasks.,-0.4443106979053338,MODERATE,You find most apps usable but sometimes need time to learn.,-0.65679155036055,LOW,You rarely choose to adopt new digital tools in daily life.,-0.0366922652347059,MODERATE,You have a neutral-to-positive attitude toward AI activities.,0.0924151716146177,MODERATE,You think current AI has reasonable but limited capability.
H_0390,-0.3625938488157766,MODERATE,You think AI tools can be somewhat useful for certain tasks.,0.44650753006355065,MODERATE,You find most apps usable but sometimes need time to learn.,0.6498457437472368,HIGH,You actively seek out and adopt useful new technology tools.,0.5502008824603897,HIGH,You feel enthusiastic and positive about AI-assisted activities.,0.08620401330656623,MODERATE,You think current AI has reasonable but limited capability.
H_0391,1.876230568708229,HIGH,You strongly believe AI tools improve efficiency and outcomes.,1.616653950446827,HIGH,You pick up new technology quickly and find it intuitive.,1.7497533122829156,HIGH,You actively seek out and adopt useful new technology tools.,1.1195198024750042,HIGH,You feel enthusiastic and positive about AI-assisted activities.,-0.11884237868222733,MODERATE,You think current AI has reasonable but limited capability.
H_0392,-1.8859147546790613,LOW,You are skeptical that AI tools genuinely improve task performance.,-2.784423579907049,LOW,You find new technology interfaces difficult and frustrating.,-1.0218168057032022,LOW,You rarely choose to adopt new digital tools in daily life.,-0.6980733392142412,LOW,You feel somewhat uncomfortable or skeptical about AI activities.,1.6884058298428322,HIGH,You believe current AI is capable of complex information tasks.
H_0393,-0.3577879522653653,MODERATE,You think AI tools can be somewhat useful for certain tasks.,-0.2543989813702298,MODERATE,You find most apps usable but sometimes need time to learn.,0.1498883014093593,MODERATE,You sometimes try new technology when it seems relevant.,0.6090900111914249,HIGH,You feel enthusiastic and positive about AI-assisted activities.,0.01963248037957497,MODERATE,You think current AI has reasonable but limited capability.
H_0394,0.032402014234903624,MODERATE,You think AI tools can be somewhat useful for certain tasks.,-0.0003855047426355319,MODERATE,You find most apps usable but sometimes need time to learn.,-0.7131357691112271,LOW,You rarely choose to adopt new digital tools in daily life.,0.38166680663048114,MODERATE,You have a neutral-to-positive attitude toward AI activities.,-0.041083339441254176,MODERATE,You think current AI has reasonable but limited capability.
H_0395,-0.6736180111226007,LOW,You are skeptical that AI tools genuinely improve task performance.,-0.5741937923210515,LOW,You find new technology interfaces difficult and frustrating.,-1.3782020751099413,LOW,You rarely choose to adopt new digital tools in daily life.,-1.0545631698976006,LOW,You feel somewhat uncomfortable or skeptical about AI activities.,1.9704605811406601,HIGH,You believe current AI is capable of complex information tasks.
H_0396,0.755797479045111,HIGH,You strongly believe AI tools improve efficiency and outcomes.,-0.6688992321783158,LOW,You find new technology interfaces difficult and frustrating.,0.6239524171016855,HIGH,You actively seek out and adopt useful new technology tools.,0.8472347327406147,HIGH,You feel enthusiastic and positive about AI-assisted activities.,-0.42690947224971176,MODERATE,You think current AI has reasonable but limited capability.
H_0397,0.2524435014955598,MODERATE,You think AI tools can be somewhat useful for certain tasks.,1.35260031154043,HIGH,You pick up new technology quickly and find it intuitive.,-0.20049056949905408,MODERATE,You sometimes try new technology when it seems relevant.,0.9148638868485428,HIGH,You feel enthusiastic and positive about AI-assisted activities.,1.4753927826127495,HIGH,You believe current AI is capable of complex information tasks.
H_0398,-0.03982607525605568,MODERATE,You think AI tools can be somewhat useful for certain tasks.,-0.9051245154211931,LOW,You find new technology interfaces difficult and frustrating.,-0.2974162278831616,MODERATE,You sometimes try new technology when it seems relevant.,-0.012463312247336518,MODERATE,You have a neutral-to-positive attitude toward AI activities.,-0.7995412985779197,LOW,You doubt that current AI handles complex real-world tasks well.
H_0399,-1.0942210759667912,LOW,You are skeptical that AI tools genuinely improve task performance.,-1.3266865667558234,LOW,You find new technology interfaces difficult and frustrating.,-0.05775095745312204,MODERATE,You sometimes try new technology when it seems relevant.,0.09840533641464658,MODERATE,You have a neutral-to-positive attitude toward AI activities.,-0.6422849542023746,LOW,You doubt that current AI handles complex real-world tasks well.
H_0400,-0.7244402931760016,LOW,You are skeptical that AI tools genuinely improve task performance.,-0.09425788356745889,MODERATE,You find most apps usable but sometimes need time to learn.,-0.7283342974594315,LOW,You rarely choose to adopt new digital tools in daily life.,-1.4233048129516312,LOW,You feel somewhat uncomfortable or skeptical about AI activities.,-0.8647446382041312,LOW,You doubt that current AI handles complex real-world tasks well.
H_0401,0.7714317573349059,HIGH,You strongly believe AI tools improve efficiency and outcomes.,1.0214688599841277,HIGH,You pick up new technology quickly and find it intuitive.,1.042280016889632,HIGH,You actively seek out and adopt useful new technology tools.,-0.6635915987107268,LOW,You feel somewhat uncomfortable or skeptical about AI activities.,0.36814047794351534,MODERATE,You think current AI has reasonable but limited capability.
H_0402,-0.5448298822269056,LOW,You are skeptical that AI tools genuinely improve task performance.,0.5395786530144224,HIGH,You pick up new technology quickly and find it intuitive.,-0.6408102948793819,LOW,You rarely choose to adopt new digital tools in daily life.,0.25265228822987706,MODERATE,You have a neutral-to-positive attitude toward AI activities.,-0.33202429036750974,MODERATE,You think current AI has reasonable but limited capability.
H_0403,1.8522390859520217,HIGH,You strongly believe AI tools improve efficiency and outcomes.,1.493439312526659,HIGH,You pick up new technology quickly and find it intuitive.,0.2005023385285568,MODERATE,You sometimes try new technology when it seems relevant.,1.1662997870901983,HIGH,You feel enthusiastic and positive about AI-assisted activities.,1.1693671804550578,HIGH,You believe current AI is capable of complex information tasks.
H_0404,-0.14297362575783876,MODERATE,You think AI tools can be somewhat useful for certain tasks.,1.734302931092631,HIGH,You pick up new technology quickly and find it intuitive.,0.23750678709800077,MODERATE,You sometimes try new technology when it seems relevant.,-0.822716133997469,LOW,You feel somewhat uncomfortable or skeptical about AI activities.,-0.10104368817921056,MODERATE,You think current AI has reasonable but limited capability.
H_0405,0.7209295656614821,HIGH,You strongly believe AI tools improve efficiency and outcomes.,-1.20181654151891,LOW,You find new technology interfaces difficult and frustrating.,1.461874524496845,HIGH,You actively seek out and adopt useful new technology tools.,-1.4407949321668563,LOW,You feel somewhat uncomfortable or skeptical about AI activities.,0.1499735735944418,MODERATE,You think current AI has reasonable but limited capability.
H_0406,-0.27422146296992456,MODERATE,You think AI tools can be somewhat useful for certain tasks.,-1.1118818366653271,LOW,You find new technology interfaces difficult and frustrating.,1.098060569106298,HIGH,You actively seek out and adopt useful new technology tools.,0.3494777448764701,MODERATE,You have a neutral-to-positive attitude toward AI activities.,-1.0193955828948655,LOW,You doubt that current AI handles complex real-world tasks well.
H_0407,-0.9965424117056341,LOW,You are skeptical that AI tools genuinely improve task performance.,-0.7288358341731943,LOW,You find new technology interfaces difficult and frustrating.,-1.2423328798213795,LOW,You rarely choose to adopt new digital tools in daily life.,-0.16767746847715254,MODERATE,You have a neutral-to-positive attitude toward AI activities.,0.3423276509773368,MODERATE,You think current AI has reasonable but limited capability.
H_0408,-2.156851616347946,LOW,You are skeptical that AI tools genuinely improve task performance.,-1.4741819955883015,LOW,You find new technology interfaces difficult and frustrating.,-1.2800458692875205,LOW,You rarely choose to adopt new digital tools in daily life.,-3.0569290814294625,LOW,You feel somewhat uncomfortable or skeptical about AI activities.,-2.032597357117264,LOW,You doubt that current AI handles complex real-world tasks well.
H_0409,0.4871444830785436,MODERATE,You think AI tools can be somewhat useful for certain tasks.,0.923828411655402,HIGH,You pick up new technology quickly and find it intuitive.,0.6339834470252127,HIGH,You actively seek out and adopt useful new technology tools.,-0.046723682073396056,MODERATE,You have a neutral-to-positive attitude toward AI activities.,0.642997767560372,HIGH,You believe current AI is capable of complex information tasks.
H_0410,-0.7074745415399154,LOW,You are skeptical that AI tools genuinely improve task performance.,-0.807870874304194,LOW,You find new technology interfaces difficult and frustrating.,-0.9777882025080288,LOW,You rarely choose to adopt new digital tools in daily life.,-0.8616682413356339,LOW,You feel somewhat uncomfortable or skeptical about AI activities.,-0.7424677039805402,LOW,You doubt that current AI handles complex real-world tasks well.
H_0411,-0.4617623329219564,MODERATE,You think AI tools can be somewhat useful for certain tasks.,-0.028239600388244666,MODERATE,You find most apps usable but sometimes need time to learn.,-0.5758766104215425,LOW,You rarely choose to adopt new digital tools in daily life.,-1.7234532797175248,LOW,You feel somewhat uncomfortable or skeptical about AI activities.,-0.026309451831650184,MODERATE,You think current AI has reasonable but limited capability.
H_0412,0.4602308675027293,MODERATE,You think AI tools can be somewhat useful for certain tasks.,0.008169073558044916,MODERATE,You find most apps usable but sometimes need time to learn.,0.6048867935619764,HIGH,You actively seek out and adopt useful new technology tools.,0.8396740605772273,HIGH,You feel enthusiastic and positive about AI-assisted activities.,1.1146686838736377,HIGH,You believe current AI is capable of complex information tasks.
H_0413,-0.6417531605153384,LOW,You are skeptical that AI tools genuinely improve task performance.,-0.8619400499655422,LOW,You find new technology interfaces difficult and frustrating.,-0.7392727771563955,LOW,You rarely choose to adopt new digital tools in daily life.,-0.510460483030746,LOW,You feel somewhat uncomfortable or skeptical about AI activities.,-0.3437895508118953,MODERATE,You think current AI has reasonable but limited capability.
H_0414,-0.43070161858550665,MODERATE,You think AI tools can be somewhat useful for certain tasks.,0.937596152977907,HIGH,You pick up new technology quickly and find it intuitive.,-0.6685782942322258,LOW,You rarely choose to adopt new digital tools in daily life.,0.5239088045841935,HIGH,You feel enthusiastic and positive about AI-assisted activities.,2.209163654978186,HIGH,You believe current AI is capable of complex information tasks.
H_0415,-0.8645156527845124,LOW,You are skeptical that AI tools genuinely improve task performance.,-0.7628708733248645,LOW,You find new technology interfaces difficult and frustrating.,0.0745642762502286,MODERATE,You sometimes try new technology when it seems relevant.,-0.7016230933984462,LOW,You feel somewhat uncomfortable or skeptical about AI activities.,-1.4075184322800693,LOW,You doubt that current AI handles complex real-world tasks well.
H_0416,0.31202513613157934,MODERATE,You think AI tools can be somewhat useful for certain tasks.,-0.7162874426367767,LOW,You find new technology interfaces difficult and frustrating.,0.9290671375298954,HIGH,You actively seek out and adopt useful new technology tools.,0.3951857074615211,MODERATE,You have a neutral-to-positive attitude toward AI activities.,0.09236331993878066,MODERATE,You think current AI has reasonable but limited capability.
H_0417,1.4315941497955744,HIGH,You strongly believe AI tools improve efficiency and outcomes.,0.565412623608591,HIGH,You pick up new technology quickly and find it intuitive.,-0.2956579416467426,MODERATE,You sometimes try new technology when it seems relevant.,-0.8111142057310783,LOW,You feel somewhat uncomfortable or skeptical about AI activities.,-1.0857830863754734,LOW,You doubt that current AI handles complex real-world tasks well.
H_0418,1.2287889323618706,HIGH,You strongly believe AI tools improve efficiency and outcomes.,0.8435326907528113,HIGH,You pick up new technology quickly and find it intuitive.,-0.030667153524417713,MODERATE,You sometimes try new technology when it seems relevant.,1.4467312241475758,HIGH,You feel enthusiastic and positive about AI-assisted activities.,0.943942301954091,HIGH,You believe current AI is capable of complex information tasks.
H_0419,0.3862955449107639,MODERATE,You think AI tools can be somewhat useful for certain tasks.,-0.9279394539354158,LOW,You find new technology interfaces difficult and frustrating.,-0.654396592965441,LOW,You rarely choose to adopt new digital tools in daily life.,0.26413673108098834,MODERATE,You have a neutral-to-positive attitude toward AI activities.,-0.4416907757417788,MODERATE,You think current AI has reasonable but limited capability.
H_0420,1.0250699532264644,HIGH,You strongly believe AI tools improve efficiency and outcomes.,0.4476473046528682,MODERATE,You find most apps usable but sometimes need time to learn.,-0.5863836952424536,LOW,You rarely choose to adopt new digital tools in daily life.,0.15304301074986015,MODERATE,You have a neutral-to-positive attitude toward AI activities.,-0.9712137985382067,LOW,You doubt that current AI handles complex real-world tasks well.
H_0421,-0.9449536996714154,LOW,You are skeptical that AI tools genuinely improve task performance.,0.6880856058274579,HIGH,You pick up new technology quickly and find it intuitive.,-0.10189304906263452,MODERATE,You sometimes try new technology when it seems relevant.,-1.0952293322087323,LOW,You feel somewhat uncomfortable or skeptical about AI activities.,0.38148573140159664,MODERATE,You think current AI has reasonable but limited capability.
H_0422,-1.1717101554559848,LOW,You are skeptical that AI tools genuinely improve task performance.,-1.553038443214708,LOW,You find new technology interfaces difficult and frustrating.,-1.7622343183095217,LOW,You rarely choose to adopt new digital tools in daily life.,-1.1463892835435376,LOW,You feel somewhat uncomfortable or skeptical about AI activities.,-0.25645348104817445,MODERATE,You think current AI has reasonable but limited capability.
H_0423,1.0193491844957876,HIGH,You strongly believe AI tools improve efficiency and outcomes.,0.1426892081230474,MODERATE,You find most apps usable but sometimes need time to learn.,-0.1546710669110235,MODERATE,You sometimes try new technology when it seems relevant.,0.5896026344480291,HIGH,You feel enthusiastic and positive about AI-assisted activities.,0.30208393288394975,MODERATE,You think current AI has reasonable but limited capability.
H_0424,1.966246889325602,HIGH,You strongly believe AI tools improve efficiency and outcomes.,0.6006361151039193,HIGH,You pick up new technology quickly and find it intuitive.,-0.328455861828557,MODERATE,You sometimes try new technology when it seems relevant.,-0.3948083520637634,MODERATE,You have a neutral-to-positive attitude toward AI activities.,-0.09517123273942192,MODERATE,You think current AI has reasonable but limited capability.
H_0425,-1.7664840308165084,LOW,You are skeptical that AI tools genuinely improve task performance.,-1.7164625317700308,LOW,You find new technology interfaces difficult and frustrating.,-1.5836543514154988,LOW,You rarely choose to adopt new digital tools in daily life.,-1.7343202480969955,LOW,You feel somewhat uncomfortable or skeptical about AI activities.,-2.094480367102932,LOW,You doubt that current AI handles complex real-world tasks well.
H_0426,-0.9348184152555681,LOW,You are skeptical that AI tools genuinely improve task performance.,-0.9448590627810212,LOW,You find new technology interfaces difficult and frustrating.,-0.786513824379468,LOW,You rarely choose to adopt new digital tools in daily life.,-0.022859314171226507,MODERATE,You have a neutral-to-positive attitude toward AI activities.,0.8748742504796879,HIGH,You believe current AI is capable of complex information tasks.
H_0427,-0.722878343284929,LOW,You are skeptical that AI tools genuinely improve task performance.,-0.6560257232146413,LOW,You find new technology interfaces difficult and frustrating.,0.10042922951390054,MODERATE,You sometimes try new technology when it seems relevant.,-0.27877704261211417,MODERATE,You have a neutral-to-positive attitude toward AI activities.,-0.005762214707122824,MODERATE,You think current AI has reasonable but limited capability.
H_0428,1.1611176221259674,HIGH,You strongly believe AI tools improve efficiency and outcomes.,-0.9248174399212947,LOW,You find new technology interfaces difficult and frustrating.,1.2484843479278789,HIGH,You actively seek out and adopt useful new technology tools.,-0.16314593388357979,MODERATE,You have a neutral-to-positive attitude toward AI activities.,0.6424910654779317,HIGH,You believe current AI is capable of complex information tasks.
H_0429,-0.27978827872903606,MODERATE,You think AI tools can be somewhat useful for certain tasks.,-0.18713706381924386,MODERATE,You find most apps usable but sometimes need time to learn.,0.07941376487665687,MODERATE,You sometimes try new technology when it seems relevant.,-0.1508684183355737,MODERATE,You have a neutral-to-positive attitude toward AI activities.,-0.048187795133291,MODERATE,You think current AI has reasonable but limited capability.
H_0430,-1.120237796315572,LOW,You are skeptical that AI tools genuinely improve task performance.,-0.24240139625639945,MODERATE,You find most apps usable but sometimes need time to learn.,-1.2313276922038263,LOW,You rarely choose to adopt new digital tools in daily life.,-2.578631562238316,LOW,You feel somewhat uncomfortable or skeptical about AI activities.,0.08846279707675087,MODERATE,You think current AI has reasonable but limited capability.
H_0431,0.050695803830072335,MODERATE,You think AI tools can be somewhat useful for certain tasks.,0.03448520574856604,MODERATE,You find most apps usable but sometimes need time to learn.,1.3718407808049031,HIGH,You actively seek out and adopt useful new technology tools.,-0.026375594296070587,MODERATE,You have a neutral-to-positive attitude toward AI activities.,-0.99085999880225,LOW,You doubt that current AI handles complex real-world tasks well.
H_0432,-0.26841474926409903,MODERATE,You think AI tools can be somewhat useful for certain tasks.,0.8958234284217373,HIGH,You pick up new technology quickly and find it intuitive.,0.2412943288873019,MODERATE,You sometimes try new technology when it seems relevant.,0.8272426252669495,HIGH,You feel enthusiastic and positive about AI-assisted activities.,0.6878492026910163,HIGH,You believe current AI is capable of complex information tasks.
H_0433,0.1858076428669101,MODERATE,You think AI tools can be somewhat useful for certain tasks.,0.537351193527274,HIGH,You pick up new technology quickly and find it intuitive.,0.5695399263470169,HIGH,You actively seek out and adopt useful new technology tools.,2.022174451475269,HIGH,You feel enthusiastic and positive about AI-assisted activities.,0.6962362903152967,HIGH,You believe current AI is capable of complex information tasks.
H_0434,0.9771854260643515,HIGH,You strongly believe AI tools improve efficiency and outcomes.,1.591370190183531,HIGH,You pick up new technology quickly and find it intuitive.,-0.0885068974604306,MODERATE,You sometimes try new technology when it seems relevant.,0.5330445795700689,HIGH,You feel enthusiastic and positive about AI-assisted activities.,0.8086498630281989,HIGH,You believe current AI is capable of complex information tasks.
H_0435,-0.8644313857233664,LOW,You are skeptical that AI tools genuinely improve task performance.,-0.37509820004893996,MODERATE,You find most apps usable but sometimes need time to learn.,-0.45447258385206324,MODERATE,You sometimes try new technology when it seems relevant.,-1.2488613456407498,LOW,You feel somewhat uncomfortable or skeptical about AI activities.,-0.5781583600777279,LOW,You doubt that current AI handles complex real-world tasks well.
H_0436,-2.919068898219909,LOW,You are skeptical that AI tools genuinely improve task performance.,-1.012832855651096,LOW,You find new technology interfaces difficult and frustrating.,-1.7760605772909108,LOW,You rarely choose to adopt new digital tools in daily life.,-1.6548958179273248,LOW,You feel somewhat uncomfortable or skeptical about AI activities.,0.1721426337043282,MODERATE,You think current AI has reasonable but limited capability.
H_0437,-0.6384977670545583,LOW,You are skeptical that AI tools genuinely improve task performance.,0.5998073109640534,HIGH,You pick up new technology quickly and find it intuitive.,1.191688818034104,HIGH,You actively seek out and adopt useful new technology tools.,-0.8425023192512993,LOW,You feel somewhat uncomfortable or skeptical about AI activities.,0.6151945305206548,HIGH,You believe current AI is capable of complex information tasks.
H_0438,-1.0028112869479007,LOW,You are skeptical that AI tools genuinely improve task performance.,-0.8066183678911516,LOW,You find new technology interfaces difficult and frustrating.,-2.1053711337119374,LOW,You rarely choose to adopt new digital tools in daily life.,-1.3984620483904222,LOW,You feel somewhat uncomfortable or skeptical about AI activities.,-0.07356228573536443,MODERATE,You think current AI has reasonable but limited capability.
H_0439,2.02998074996787,HIGH,You strongly believe AI tools improve efficiency and outcomes.,-0.6765895920002508,LOW,You find new technology interfaces difficult and frustrating.,1.520832293206472,HIGH,You actively seek out and adopt useful new technology tools.,1.6331525219264504,HIGH,You feel enthusiastic and positive about AI-assisted activities.,1.0386644046090223,HIGH,You believe current AI is capable of complex information tasks.
H_0440,0.9151512993718686,HIGH,You strongly believe AI tools improve efficiency and outcomes.,0.25986203717958956,MODERATE,You find most apps usable but sometimes need time to learn.,0.3336191768374431,MODERATE,You sometimes try new technology when it seems relevant.,0.7632645108013891,HIGH,You feel enthusiastic and positive about AI-assisted activities.,0.00024940361431296555,MODERATE,You think current AI has reasonable but limited capability.
H_0441,-0.7000470032536403,LOW,You are skeptical that AI tools genuinely improve task performance.,-1.9200486997333408,LOW,You find new technology interfaces difficult and frustrating.,-1.0881495827370162,LOW,You rarely choose to adopt new digital tools in daily life.,-2.0241776552504307,LOW,You feel somewhat uncomfortable or skeptical about AI activities.,-0.877851603835266,LOW,You doubt that current AI handles complex real-world tasks well.
H_0442,-0.17663851241920256,MODERATE,You think AI tools can be somewhat useful for certain tasks.,-0.7565101349646914,LOW,You find new technology interfaces difficult and frustrating.,0.2382889298687123,MODERATE,You sometimes try new technology when it seems relevant.,0.020659190675448323,MODERATE,You have a neutral-to-positive attitude toward AI activities.,-1.304912274695675,LOW,You doubt that current AI handles complex real-world tasks well.
H_0443,1.2596588583304795,HIGH,You strongly believe AI tools improve efficiency and outcomes.,0.0812219320631565,MODERATE,You find most apps usable but sometimes need time to learn.,1.5049463005394454,HIGH,You actively seek out and adopt useful new technology tools.,0.9974777078940686,HIGH,You feel enthusiastic and positive about AI-assisted activities.,0.5503289101910427,HIGH,You believe current AI is capable of complex information tasks.
H_0444,-1.464073383897584,LOW,You are skeptical that AI tools genuinely improve task performance.,0.3049121047140245,MODERATE,You find most apps usable but sometimes need time to learn.,0.11690158261829384,MODERATE,You sometimes try new technology when it seems relevant.,-0.0902013693160706,MODERATE,You have a neutral-to-positive attitude toward AI activities.,0.4023425356871076,MODERATE,You think current AI has reasonable but limited capability.
H_0445,0.36400371061137504,MODERATE,You think AI tools can be somewhat useful for certain tasks.,-0.2530184787337245,MODERATE,You find most apps usable but sometimes need time to learn.,0.4478746446509154,MODERATE,You sometimes try new technology when it seems relevant.,-0.08971564058750296,MODERATE,You have a neutral-to-positive attitude toward AI activities.,0.9111906381978233,HIGH,You believe current AI is capable of complex information tasks.
H_0446,0.08451576474094144,MODERATE,You think AI tools can be somewhat useful for certain tasks.,-0.951006881858891,LOW,You find new technology interfaces difficult and frustrating.,-1.3845974351553567,LOW,You rarely choose to adopt new digital tools in daily life.,-0.6201322127805308,LOW,You feel somewhat uncomfortable or skeptical about AI activities.,-2.292415835750328,LOW,You doubt that current AI handles complex real-world tasks well.
H_0447,0.1181286667637961,MODERATE,You think AI tools can be somewhat useful for certain tasks.,1.9942045876383805,HIGH,You pick up new technology quickly and find it intuitive.,1.0566526288804279,HIGH,You actively seek out and adopt useful new technology tools.,-0.10482656154969704,MODERATE,You have a neutral-to-positive attitude toward AI activities.,-0.523368160835344,LOW,You doubt that current AI handles complex real-world tasks well.
H_0448,-0.3195976030981613,MODERATE,You think AI tools can be somewhat useful for certain tasks.,0.0981007993084706,MODERATE,You find most apps usable but sometimes need time to learn.,-1.1474316628409662,LOW,You rarely choose to adopt new digital tools in daily life.,-0.48878067749245213,MODERATE,You have a neutral-to-positive attitude toward AI activities.,-0.8141383731431034,LOW,You doubt that current AI handles complex real-world tasks well.
H_0449,0.7682439328914792,HIGH,You strongly believe AI tools improve efficiency and outcomes.,-1.866446065818801,LOW,You find new technology interfaces difficult and frustrating.,-0.3942694388914081,MODERATE,You sometimes try new technology when it seems relevant.,0.9942056936403642,HIGH,You feel enthusiastic and positive about AI-assisted activities.,-0.21769653280351212,MODERATE,You think current AI has reasonable but limited capability.
H_0450,0.046707769585152464,MODERATE,You think AI tools can be somewhat useful for certain tasks.,0.8991970395114223,HIGH,You pick up new technology quickly and find it intuitive.,-1.1759455073033058,LOW,You rarely choose to adopt new digital tools in daily life.,-0.1475983820561008,MODERATE,You have a neutral-to-positive attitude toward AI activities.,0.14187812570731467,MODERATE,You think current AI has reasonable but limited capability.
H_0451,0.20436876191272904,MODERATE,You think AI tools can be somewhat useful for certain tasks.,1.0212908944154724,HIGH,You pick up new technology quickly and find it intuitive.,0.8835075935414468,HIGH,You actively seek out and adopt useful new technology tools.,-0.43449910461510083,MODERATE,You have a neutral-to-positive attitude toward AI activities.,-1.3516296637282355,LOW,You doubt that current AI handles complex real-world tasks well.
H_0452,1.2842947388257608,HIGH,You strongly believe AI tools improve efficiency and outcomes.,-0.5096244439665806,LOW,You find new technology interfaces difficult and frustrating.,-0.6067218229177109,LOW,You rarely choose to adopt new digital tools in daily life.,-0.4992152419887578,MODERATE,You have a neutral-to-positive attitude toward AI activities.,-1.3106576257501927,LOW,You doubt that current AI handles complex real-world tasks well.
H_0453,0.24233424719255922,MODERATE,You think AI tools can be somewhat useful for certain tasks.,-1.4268335737618765,LOW,You find new technology interfaces difficult and frustrating.,-0.38335572729197476,MODERATE,You sometimes try new technology when it seems relevant.,0.15909602235552503,MODERATE,You have a neutral-to-positive attitude toward AI activities.,-0.3856796259115278,MODERATE,You think current AI has reasonable but limited capability.
H_0454,-0.704358617707111,LOW,You are skeptical that AI tools genuinely improve task performance.,-0.9634910826849092,LOW,You find new technology interfaces difficult and frustrating.,-1.5663112186838448,LOW,You rarely choose to adopt new digital tools in daily life.,-1.451079930763145,LOW,You feel somewhat uncomfortable or skeptical about AI activities.,0.5848660447475391,HIGH,You believe current AI is capable of complex information tasks.
H_0455,-0.2735292907760986,MODERATE,You think AI tools can be somewhat useful for certain tasks.,0.3268822040797948,MODERATE,You find most apps usable but sometimes need time to learn.,-0.12421603394112539,MODERATE,You sometimes try new technology when it seems relevant.,-1.068008815792543,LOW,You feel somewhat uncomfortable or skeptical about AI activities.,0.0147534959615685,MODERATE,You think current AI has reasonable but limited capability.
H_0456,0.5252105815880477,HIGH,You strongly believe AI tools improve efficiency and outcomes.,1.5998958299218606,HIGH,You pick up new technology quickly and find it intuitive.,0.7322729122566646,HIGH,You actively seek out and adopt useful new technology tools.,1.1422197890705343,HIGH,You feel enthusiastic and positive about AI-assisted activities.,-0.08708460168686911,MODERATE,You think current AI has reasonable but limited capability.
H_0457,1.9194317520479545,HIGH,You strongly believe AI tools improve efficiency and outcomes.,0.18847878415889938,MODERATE,You find most apps usable but sometimes need time to learn.,1.34355939637686,HIGH,You actively seek out and adopt useful new technology tools.,1.0193029449259912,HIGH,You feel enthusiastic and positive about AI-assisted activities.,1.7941882838856527,HIGH,You believe current AI is capable of complex information tasks.
H_0458,-0.00809516977566651,MODERATE,You think AI tools can be somewhat useful for certain tasks.,-0.3450715795614486,MODERATE,You find most apps usable but sometimes need time to learn.,-0.8433624696516334,LOW,You rarely choose to adopt new digital tools in daily life.,0.39130418759308927,MODERATE,You have a neutral-to-positive attitude toward AI activities.,-1.073745002773614,LOW,You doubt that current AI handles complex real-world tasks well.
H_0459,-0.891512698672866,LOW,You are skeptical that AI tools genuinely improve task performance.,-1.4371711094221142,LOW,You find new technology interfaces difficult and frustrating.,-0.7033244997390204,LOW,You rarely choose to adopt new digital tools in daily life.,-1.6560817402765096,LOW,You feel somewhat uncomfortable or skeptical about AI activities.,-1.809357328395432,LOW,You doubt that current AI handles complex real-world tasks well.
H_0460,-0.8298542882581083,LOW,You are skeptical that AI tools genuinely improve task performance.,-1.2266215862690066,LOW,You find new technology interfaces difficult and frustrating.,0.8765577235674201,HIGH,You actively seek out and adopt useful new technology tools.,-0.6619165712369337,LOW,You feel somewhat uncomfortable or skeptical about AI activities.,-0.07249155244061989,MODERATE,You think current AI has reasonable but limited capability.
H_0461,-1.0226322496920661,LOW,You are skeptical that AI tools genuinely improve task performance.,-0.3475703533217715,MODERATE,You find most apps usable but sometimes need time to learn.,-2.096893969966047,LOW,You rarely choose to adopt new digital tools in daily life.,-0.11520816731852536,MODERATE,You have a neutral-to-positive attitude toward AI activities.,-0.1134042258314812,MODERATE,You think current AI has reasonable but limited capability.
H_0462,-2.807803414280309,LOW,You are skeptical that AI tools genuinely improve task performance.,-1.9238951646540696,LOW,You find new technology interfaces difficult and frustrating.,-2.447741029850158,LOW,You rarely choose to adopt new digital tools in daily life.,-1.7887712324607985,LOW,You feel somewhat uncomfortable or skeptical about AI activities.,-2.392637656512799,LOW,You doubt that current AI handles complex real-world tasks well.
H_0463,-0.017776774824890783,MODERATE,You think AI tools can be somewhat useful for certain tasks.,-0.029745961965318844,MODERATE,You find most apps usable but sometimes need time to learn.,0.7856919448043795,HIGH,You actively seek out and adopt useful new technology tools.,1.1710595415314506,HIGH,You feel enthusiastic and positive about AI-assisted activities.,-1.0147045044963134,LOW,You doubt that current AI handles complex real-world tasks well.
H_0464,0.043316639393007936,MODERATE,You think AI tools can be somewhat useful for certain tasks.,0.010945332587888877,MODERATE,You find most apps usable but sometimes need time to learn.,0.2377110583120861,MODERATE,You sometimes try new technology when it seems relevant.,-0.8884451439412828,LOW,You feel somewhat uncomfortable or skeptical about AI activities.,-1.0460146028010824,LOW,You doubt that current AI handles complex real-world tasks well.
H_0465,-1.3479442204453767,LOW,You are skeptical that AI tools genuinely improve task performance.,-0.37602242228154004,MODERATE,You find most apps usable but sometimes need time to learn.,0.389905723590415,MODERATE,You sometimes try new technology when it seems relevant.,0.23209212513320365,MODERATE,You have a neutral-to-positive attitude toward AI activities.,-0.5041095994120506,LOW,You doubt that current AI handles complex real-world tasks well.
H_0466,-0.9680511205903659,LOW,You are skeptical that AI tools genuinely improve task performance.,0.03155471276818931,MODERATE,You find most apps usable but sometimes need time to learn.,-1.2576063723224824,LOW,You rarely choose to adopt new digital tools in daily life.,-0.3335325158576967,MODERATE,You have a neutral-to-positive attitude toward AI activities.,0.30755488448429913,MODERATE,You think current AI has reasonable but limited capability.
H_0467,0.48979090867502206,MODERATE,You think AI tools can be somewhat useful for certain tasks.,1.1974170964089839,HIGH,You pick up new technology quickly and find it intuitive.,-0.6193957822061712,LOW,You rarely choose to adopt new digital tools in daily life.,0.2921827375302268,MODERATE,You have a neutral-to-positive attitude toward AI activities.,-0.28232617012037764,MODERATE,You think current AI has reasonable but limited capability.
H_0468,-0.45077439908319245,MODERATE,You think AI tools can be somewhat useful for certain tasks.,-0.4449872806066693,MODERATE,You find most apps usable but sometimes need time to learn.,0.06089878337304182,MODERATE,You sometimes try new technology when it seems relevant.,-0.6435064713429614,LOW,You feel somewhat uncomfortable or skeptical about AI activities.,-0.6658739448061491,LOW,You doubt that current AI handles complex real-world tasks well.
H_0469,-0.2338133461813268,MODERATE,You think AI tools can be somewhat useful for certain tasks.,-0.8973717391464279,LOW,You find new technology interfaces difficult and frustrating.,0.5967646959387507,HIGH,You actively seek out and adopt useful new technology tools.,-1.5107332295107507,LOW,You feel somewhat uncomfortable or skeptical about AI activities.,-0.5430220153547541,LOW,You doubt that current AI handles complex real-world tasks well.
H_0470,-1.2683712057524108,LOW,You are skeptical that AI tools genuinely improve task performance.,0.06365115040359845,MODERATE,You find most apps usable but sometimes need time to learn.,-0.9127837746511591,LOW,You rarely choose to adopt new digital tools in daily life.,-1.2298093553351732,LOW,You feel somewhat uncomfortable or skeptical about AI activities.,-0.4642170654161205,MODERATE,You think current AI has reasonable but limited capability.
H_0471,-0.06576872563363856,MODERATE,You think AI tools can be somewhat useful for certain tasks.,-1.5360652048734396,LOW,You find new technology interfaces difficult and frustrating.,-1.1903249210162055,LOW,You rarely choose to adopt new digital tools in daily life.,-0.17250355422433872,MODERATE,You have a neutral-to-positive attitude toward AI activities.,-1.143113136355895,LOW,You doubt that current AI handles complex real-world tasks well.
H_0472,0.8279158798914157,HIGH,You strongly believe AI tools improve efficiency and outcomes.,-0.5866573421991774,LOW,You find new technology interfaces difficult and frustrating.,-0.8166140585573788,LOW,You rarely choose to adopt new digital tools in daily life.,-0.37519834704352734,MODERATE,You have a neutral-to-positive attitude toward AI activities.,-0.09199294506057987,MODERATE,You think current AI has reasonable but limited capability.
H_0473,0.19974381789831874,MODERATE,You think AI tools can be somewhat useful for certain tasks.,2.116182728635317,HIGH,You pick up new technology quickly and find it intuitive.,0.3848874299469056,MODERATE,You sometimes try new technology when it seems relevant.,0.04180043789123465,MODERATE,You have a neutral-to-positive attitude toward AI activities.,1.3602982919103732,HIGH,You believe current AI is capable of complex information tasks.
H_0474,-0.534273791150137,LOW,You are skeptical that AI tools genuinely improve task performance.,0.0006982215376905824,MODERATE,You find most apps usable but sometimes need time to learn.,-2.515356972667312,LOW,You rarely choose to adopt new digital tools in daily life.,-1.2579986314853662,LOW,You feel somewhat uncomfortable or skeptical about AI activities.,-1.2374081423554422,LOW,You doubt that current AI handles complex real-world tasks well.
H_0475,-0.2017047459346883,MODERATE,You think AI tools can be somewhat useful for certain tasks.,0.10194381526269178,MODERATE,You find most apps usable but sometimes need time to learn.,-0.45213579751832916,MODERATE,You sometimes try new technology when it seems relevant.,0.6608817762655759,HIGH,You feel enthusiastic and positive about AI-assisted activities.,0.5365570406043266,HIGH,You believe current AI is capable of complex information tasks.
H_0476,-0.8821491023279568,LOW,You are skeptical that AI tools genuinely improve task performance.,-0.07371159922254035,MODERATE,You find most apps usable but sometimes need time to learn.,-1.7342579845867745,LOW,You rarely choose to adopt new digital tools in daily life.,-1.4350844853238909,LOW,You feel somewhat uncomfortable or skeptical about AI activities.,-1.0666519062851016,LOW,You doubt that current AI handles complex real-world tasks well.
H_0477,0.7719244686994995,HIGH,You strongly believe AI tools improve efficiency and outcomes.,0.4715578737822416,MODERATE,You find most apps usable but sometimes need time to learn.,0.41734121484477005,MODERATE,You sometimes try new technology when it seems relevant.,0.5911034343279625,HIGH,You feel enthusiastic and positive about AI-assisted activities.,1.3754368851270653,HIGH,You believe current AI is capable of complex information tasks.
H_0478,0.09692630924552015,MODERATE,You think AI tools can be somewhat useful for certain tasks.,1.3262791432681176,HIGH,You pick up new technology quickly and find it intuitive.,-0.020977581416307636,MODERATE,You sometimes try new technology when it seems relevant.,1.0247206049885444,HIGH,You feel enthusiastic and positive about AI-assisted activities.,0.42773558015898033,MODERATE,You think current AI has reasonable but limited capability.
H_0479,1.9041707961079783,HIGH,You strongly believe AI tools improve efficiency and outcomes.,2.264593997566085,HIGH,You pick up new technology quickly and find it intuitive.,0.600988941214718,HIGH,You actively seek out and adopt useful new technology tools.,0.7609972335724864,HIGH,You feel enthusiastic and positive about AI-assisted activities.,1.320605909855396,HIGH,You believe current AI is capable of complex information tasks.
H_0480,1.0577112426657933,HIGH,You strongly believe AI tools improve efficiency and outcomes.,1.8027829718194666,HIGH,You pick up new technology quickly and find it intuitive.,0.5132230943250583,HIGH,You actively seek out and adopt useful new technology tools.,0.7754078522208306,HIGH,You feel enthusiastic and positive about AI-assisted activities.,1.303228082890858,HIGH,You believe current AI is capable of complex information tasks.
H_0481,0.7450594123779172,HIGH,You strongly believe AI tools improve efficiency and outcomes.,0.7637959000343011,HIGH,You pick up new technology quickly and find it intuitive.,-0.30114650577402824,MODERATE,You sometimes try new technology when it seems relevant.,1.2905737726475357,HIGH,You feel enthusiastic and positive about AI-assisted activities.,0.03891823609916096,MODERATE,You think current AI has reasonable but limited capability.
H_0482,-1.600780773780029,LOW,You are skeptical that AI tools genuinely improve task performance.,-1.1954812190249853,LOW,You find new technology interfaces difficult and frustrating.,-0.6602519387200141,LOW,You rarely choose to adopt new digital tools in daily life.,-1.6478004776030675,LOW,You feel somewhat uncomfortable or skeptical about AI activities.,0.5076787556958401,HIGH,You believe current AI is capable of complex information tasks.
H_0483,-0.05478648520218592,MODERATE,You think AI tools can be somewhat useful for certain tasks.,-0.07577539814339473,MODERATE,You find most apps usable but sometimes need time to learn.,-0.909473809904735,LOW,You rarely choose to adopt new digital tools in daily life.,-0.12948590867722984,MODERATE,You have a neutral-to-positive attitude toward AI activities.,-2.099009154798412,LOW,You doubt that current AI handles complex real-world tasks well.
H_0484,-0.4362130694581902,MODERATE,You think AI tools can be somewhat useful for certain tasks.,-0.3653899805342167,MODERATE,You find most apps usable but sometimes need time to learn.,0.7421023757473041,HIGH,You actively seek out and adopt useful new technology tools.,-0.5999307951974744,LOW,You feel somewhat uncomfortable or skeptical about AI activities.,-0.3508467274318881,MODERATE,You think current AI has reasonable but limited capability.
H_0485,-0.7673229504950546,LOW,You are skeptical that AI tools genuinely improve task performance.,-0.6059359583787127,LOW,You find new technology interfaces difficult and frustrating.,0.268682230009585,MODERATE,You sometimes try new technology when it seems relevant.,-1.3442446544957043,LOW,You feel somewhat uncomfortable or skeptical about AI activities.,-1.4769141542715827,LOW,You doubt that current AI handles complex real-world tasks well.
H_0486,-1.0635990476875279,LOW,You are skeptical that AI tools genuinely improve task performance.,-0.13068881689596196,MODERATE,You find most apps usable but sometimes need time to learn.,0.17352447725591463,MODERATE,You sometimes try new technology when it seems relevant.,-0.24250409921057872,MODERATE,You have a neutral-to-positive attitude toward AI activities.,-0.5937127883871239,LOW,You doubt that current AI handles complex real-world tasks well.
H_0487,-0.3720820416249265,MODERATE,You think AI tools can be somewhat useful for certain tasks.,-0.31071513579757554,MODERATE,You find most apps usable but sometimes need time to learn.,-0.9546439231701955,LOW,You rarely choose to adopt new digital tools in daily life.,-0.6238935464375199,LOW,You feel somewhat uncomfortable or skeptical about AI activities.,0.3499431760882787,MODERATE,You think current AI has reasonable but limited capability.
H_0488,0.542861891454747,HIGH,You strongly believe AI tools improve efficiency and outcomes.,-0.3715185112606276,MODERATE,You find most apps usable but sometimes need time to learn.,1.0461915591763316,HIGH,You actively seek out and adopt useful new technology tools.,-0.4564257420289262,MODERATE,You have a neutral-to-positive attitude toward AI activities.,0.5893403500319008,HIGH,You believe current AI is capable of complex information tasks.
H_0489,-1.7372137986932195,LOW,You are skeptical that AI tools genuinely improve task performance.,-0.22444261526016596,MODERATE,You find most apps usable but sometimes need time to learn.,-0.7440246834821443,LOW,You rarely choose to adopt new digital tools in daily life.,-1.4132037596732179,LOW,You feel somewhat uncomfortable or skeptical about AI activities.,-2.327525011519586,LOW,You doubt that current AI handles complex real-world tasks well.
H_0490,0.2754651847802842,MODERATE,You think AI tools can be somewhat useful for certain tasks.,-0.16232832160854824,MODERATE,You find most apps usable but sometimes need time to learn.,0.015821030348736404,MODERATE,You sometimes try new technology when it seems relevant.,-0.6604681117790561,LOW,You feel somewhat uncomfortable or skeptical about AI activities.,-0.4975692985418254,MODERATE,You think current AI has reasonable but limited capability.
H_0491,1.1393904131663293,HIGH,You strongly believe AI tools improve efficiency and outcomes.,0.5813944482402865,HIGH,You pick up new technology quickly and find it intuitive.,-0.07662295890274679,MODERATE,You sometimes try new technology when it seems relevant.,0.711450138050719,HIGH,You feel enthusiastic and positive about AI-assisted activities.,1.0239081170743722,HIGH,You believe current AI is capable of complex information tasks.
H_0492,-1.516918991935796,LOW,You are skeptical that AI tools genuinely improve task performance.,-1.0341301313768858,LOW,You find new technology interfaces difficult and frustrating.,-1.4031176950881934,LOW,You rarely choose to adopt new digital tools in daily life.,-0.9441365073008676,LOW,You feel somewhat uncomfortable or skeptical about AI activities.,-0.39605319746485956,MODERATE,You think current AI has reasonable but limited capability.
H_0493,0.6620657201616074,HIGH,You strongly believe AI tools improve efficiency and outcomes.,-0.7125876746514204,LOW,You find new technology interfaces difficult and frustrating.,-0.2720121963616357,MODERATE,You sometimes try new technology when it seems relevant.,0.44295232923445843,MODERATE,You have a neutral-to-positive attitude toward AI activities.,-0.6487701850394005,LOW,You doubt that current AI handles complex real-world tasks well.
H_0494,-1.132852716926724,LOW,You are skeptical that AI tools genuinely improve task performance.,-0.4214747031689539,MODERATE,You find most apps usable but sometimes need time to learn.,-0.734319652541707,LOW,You rarely choose to adopt new digital tools in daily life.,-0.8677924253478785,LOW,You feel somewhat uncomfortable or skeptical about AI activities.,0.110626278006874,MODERATE,You think current AI has reasonable but limited capability.
H_0495,0.028870973470216405,MODERATE,You think AI tools can be somewhat useful for certain tasks.,-0.6254767496156507,LOW,You find new technology interfaces difficult and frustrating.,-0.47852402889057655,MODERATE,You sometimes try new technology when it seems relevant.,-0.4900660402441288,MODERATE,You have a neutral-to-positive attitude toward AI activities.,-2.776725702421573,LOW,You doubt that current AI handles complex real-world tasks well.
H_0496,0.1520083925811448,MODERATE,You think AI tools can be somewhat useful for certain tasks.,-1.7678232844003665,LOW,You find new technology interfaces difficult and frustrating.,-0.846703502529134,LOW,You rarely choose to adopt new digital tools in daily life.,-0.22209874696726414,MODERATE,You have a neutral-to-positive attitude toward AI activities.,-0.07400332013471188,MODERATE,You think current AI has reasonable but limited capability.
H_0497,0.9128130025492325,HIGH,You strongly believe AI tools improve efficiency and outcomes.,-1.295672960574078,LOW,You find new technology interfaces difficult and frustrating.,1.6829254862159988,HIGH,You actively seek out and adopt useful new technology tools.,0.9005185523840457,HIGH,You feel enthusiastic and positive about AI-assisted activities.,-0.3790349873343186,MODERATE,You think current AI has reasonable but limited capability.
H_0498,-0.6903312398736051,LOW,You are skeptical that AI tools genuinely improve task performance.,-0.45432801096226394,MODERATE,You find most apps usable but sometimes need time to learn.,0.039542386933034315,MODERATE,You sometimes try new technology when it seems relevant.,-1.735997122014541,LOW,You feel somewhat uncomfortable or skeptical about AI activities.,-0.1527317273134773,MODERATE,You think current AI has reasonable but limited capability.
H_0499,-0.8285094620577949,LOW,You are skeptical that AI tools genuinely improve task performance.,0.7226436746135539,HIGH,You pick up new technology quickly and find it intuitive.,0.4514662585849662,MODERATE,You sometimes try new technology when it seems relevant.,-0.6380313376922541,LOW,You feel somewhat uncomfortable or skeptical about AI activities.,0.6155914204139364,HIGH,You believe current AI is capable of complex information tasks.
H_0500,-1.1223485982928632,LOW,You are skeptical that AI tools genuinely improve task performance.,-0.18116237983216574,MODERATE,You find most apps usable but sometimes need time to learn.,-0.7882728712585166,LOW,You rarely choose to adopt new digital tools in daily life.,-0.4575590748350427,MODERATE,You have a neutral-to-positive attitude toward AI activities.,-0.30038247803577095,MODERATE,You think current AI has reasonable but limited capability.
H_0501,-0.05198633017068175,MODERATE,You think AI tools can be somewhat useful for certain tasks.,-0.3145515454552178,MODERATE,You find most apps usable but sometimes need time to learn.,0.22524536209609622,MODERATE,You sometimes try new technology when it seems relevant.,-0.9175996615468721,LOW,You feel somewhat uncomfortable or skeptical about AI activities.,-1.1592531191545727,LOW,You doubt that current AI handles complex real-world tasks well.
H_0502,1.4954461535881582,HIGH,You strongly believe AI tools improve efficiency and outcomes.,-0.8099916561814767,LOW,You find new technology interfaces difficult and frustrating.,2.3754089914380567,HIGH,You actively seek out and adopt useful new technology tools.,0.7471590664032288,HIGH,You feel enthusiastic and positive about AI-assisted activities.,-1.3703420452961332,LOW,You doubt that current AI handles complex real-world tasks well.
H_0503,-0.24268283966143836,MODERATE,You think AI tools can be somewhat useful for certain tasks.,-0.8058022365713391,LOW,You find new technology interfaces difficult and frustrating.,-0.017464503004569084,MODERATE,You sometimes try new technology when it seems relevant.,-0.2373983772968265,MODERATE,You have a neutral-to-positive attitude toward AI activities.,-0.5645596698766396,LOW,You doubt that current AI handles complex real-world tasks well.
H_0504,-0.03827189337430884,MODERATE,You think AI tools can be somewhat useful for certain tasks.,1.3378910151689671,HIGH,You pick up new technology quickly and find it intuitive.,-0.4043456868916792,MODERATE,You sometimes try new technology when it seems relevant.,-1.1437108333722394,LOW,You feel somewhat uncomfortable or skeptical about AI activities.,-0.863021917010525,LOW,You doubt that current AI handles complex real-world tasks well.
H_0505,0.08147268431621778,MODERATE,You think AI tools can be somewhat useful for certain tasks.,-0.7201087595197873,LOW,You find new technology interfaces difficult and frustrating.,0.6364384952618182,HIGH,You actively seek out and adopt useful new technology tools.,1.0966988888093985,HIGH,You feel enthusiastic and positive about AI-assisted activities.,-2.2566167964428034,LOW,You doubt that current AI handles complex real-world tasks well.
H_0506,-1.6092132052138104,LOW,You are skeptical that AI tools genuinely improve task performance.,-0.3800595758706227,MODERATE,You find most apps usable but sometimes need time to learn.,0.8200598628017493,HIGH,You actively seek out and adopt useful new technology tools.,-0.3581665511867006,MODERATE,You have a neutral-to-positive attitude toward AI activities.,-0.1205389259516896,MODERATE,You think current AI has reasonable but limited capability.
H_0507,0.1318623309079061,MODERATE,You think AI tools can be somewhat useful for certain tasks.,-0.7936874072592356,LOW,You find new technology interfaces difficult and frustrating.,-0.5711454307250109,LOW,You rarely choose to adopt new digital tools in daily life.,-0.8637692688677474,LOW,You feel somewhat uncomfortable or skeptical about AI activities.,0.4451295357004766,MODERATE,You think current AI has reasonable but limited capability.
H_0508,0.9635276682256989,HIGH,You strongly believe AI tools improve efficiency and outcomes.,-0.7767601929883731,LOW,You find new technology interfaces difficult and frustrating.,0.5559611921987866,HIGH,You actively seek out and adopt useful new technology tools.,0.47241798316822164,MODERATE,You have a neutral-to-positive attitude toward AI activities.,-0.42305633479530674,MODERATE,You think current AI has reasonable but limited capability.
H_0509,0.7087117551244217,HIGH,You strongly believe AI tools improve efficiency and outcomes.,0.6180003949273816,HIGH,You pick up new technology quickly and find it intuitive.,-1.1215486189280246,LOW,You rarely choose to adopt new digital tools in daily life.,1.353335351894048,HIGH,You feel enthusiastic and positive about AI-assisted activities.,1.1162660854627136,HIGH,You believe current AI is capable of complex information tasks.
H_0510,-0.9854664044796357,LOW,You are skeptical that AI tools genuinely improve task performance.,0.3694916412273686,MODERATE,You find most apps usable but sometimes need time to learn.,-1.7143823637293727,LOW,You rarely choose to adopt new digital tools in daily life.,0.41931606130680826,MODERATE,You have a neutral-to-positive attitude toward AI activities.,0.581230059285027,HIGH,You believe current AI is capable of complex information tasks.
H_0511,0.9501312629216034,HIGH,You strongly believe AI tools improve efficiency and outcomes.,-0.01862103764503254,MODERATE,You find most apps usable but sometimes need time to learn.,1.368770099682472,HIGH,You actively seek out and adopt useful new technology tools.,0.7774009790886557,HIGH,You feel enthusiastic and positive about AI-assisted activities.,2.9558482870604186,HIGH,You believe current AI is capable of complex information tasks.
H_0512,-0.6870528017647695,LOW,You are skeptical that AI tools genuinely improve task performance.,-0.0946197956124742,MODERATE,You find most apps usable but sometimes need time to learn.,-1.7591054172599914,LOW,You rarely choose to adopt new digital tools in daily life.,-0.5674573427235952,LOW,You feel somewhat uncomfortable or skeptical about AI activities.,1.5682746329801809,HIGH,You believe current AI is capable of complex information tasks.
H_0513,0.7070860255122013,HIGH,You strongly believe AI tools improve efficiency and outcomes.,1.4021490729696198,HIGH,You pick up new technology quickly and find it intuitive.,1.022027229110769,HIGH,You actively seek out and adopt useful new technology tools.,0.23057483930855388,MODERATE,You have a neutral-to-positive attitude toward AI activities.,0.38620664707036134,MODERATE,You think current AI has reasonable but limited capability.
H_0514,-0.22170562885672931,MODERATE,You think AI tools can be somewhat useful for certain tasks.,0.05984375163387015,MODERATE,You find most apps usable but sometimes need time to learn.,0.34204281084255383,MODERATE,You sometimes try new technology when it seems relevant.,0.23077004319004066,MODERATE,You have a neutral-to-positive attitude toward AI activities.,1.2712704149624618,HIGH,You believe current AI is capable of complex information tasks.
H_0515,-0.04860965145156543,MODERATE,You think AI tools can be somewhat useful for certain tasks.,0.23669471800788253,MODERATE,You find most apps usable but sometimes need time to learn.,-1.8154095552787206,LOW,You rarely choose to adopt new digital tools in daily life.,0.843412394248184,HIGH,You feel enthusiastic and positive about AI-assisted activities.,0.7902830833257971,HIGH,You believe current AI is capable of complex information tasks.
H_0516,0.7013724513247102,HIGH,You strongly believe AI tools improve efficiency and outcomes.,-0.08858628280221831,MODERATE,You find most apps usable but sometimes need time to learn.,0.9155249873081058,HIGH,You actively seek out and adopt useful new technology tools.,2.3694223494932847,HIGH,You feel enthusiastic and positive about AI-assisted activities.,-0.16050334238109207,MODERATE,You think current AI has reasonable but limited capability.
H_0517,-1.0282930489948128,LOW,You are skeptical that AI tools genuinely improve task performance.,-0.04482324039576773,MODERATE,You find most apps usable but sometimes need time to learn.,-0.3968794981835844,MODERATE,You sometimes try new technology when it seems relevant.,0.5561581753795596,HIGH,You feel enthusiastic and positive about AI-assisted activities.,-0.43848874848726554,MODERATE,You think current AI has reasonable but limited capability.
H_0518,0.9594338281025913,HIGH,You strongly believe AI tools improve efficiency and outcomes.,0.529934452398792,HIGH,You pick up new technology quickly and find it intuitive.,-0.20323978119060895,MODERATE,You sometimes try new technology when it seems relevant.,-0.05401338262586539,MODERATE,You have a neutral-to-positive attitude toward AI activities.,1.1910627601315997,HIGH,You believe current AI is capable of complex information tasks.
H_0519,-1.0458628350057653,LOW,You are skeptical that AI tools genuinely improve task performance.,-0.7681811968908546,LOW,You find new technology interfaces difficult and frustrating.,-1.4814505507731126,LOW,You rarely choose to adopt new digital tools in daily life.,-0.6622070184488437,LOW,You feel somewhat uncomfortable or skeptical about AI activities.,-0.4839729850247475,MODERATE,You think current AI has reasonable but limited capability.
H_0520,1.0788982951321384,HIGH,You strongly believe AI tools improve efficiency and outcomes.,1.6398857555953317,HIGH,You pick up new technology quickly and find it intuitive.,1.9531170188749605,HIGH,You actively seek out and adopt useful new technology tools.,1.6163242405195595,HIGH,You feel enthusiastic and positive about AI-assisted activities.,2.0567128231512326,HIGH,You believe current AI is capable of complex information tasks.
H_0521,2.2557746451478184,HIGH,You strongly believe AI tools improve efficiency and outcomes.,1.449161222361922,HIGH,You pick up new technology quickly and find it intuitive.,1.5573141535924506,HIGH,You actively seek out and adopt useful new technology tools.,0.9846449583553485,HIGH,You feel enthusiastic and positive about AI-assisted activities.,0.4218921924507913,MODERATE,You think current AI has reasonable but limited capability.
H_0522,-0.3337393438878318,MODERATE,You think AI tools can be somewhat useful for certain tasks.,1.885348018550934,HIGH,You pick up new technology quickly and find it intuitive.,-1.0025464114489795,LOW,You rarely choose to adopt new digital tools in daily life.,0.34444396003166816,MODERATE,You have a neutral-to-positive attitude toward AI activities.,-0.024451464198237346,MODERATE,You think current AI has reasonable but limited capability.
H_0523,-0.5419044470194182,LOW,You are skeptical that AI tools genuinely improve task performance.,-0.20988499436067476,MODERATE,You find most apps usable but sometimes need time to learn.,-1.239957284848719,LOW,You rarely choose to adopt new digital tools in daily life.,-0.5418179498383318,LOW,You feel somewhat uncomfortable or skeptical about AI activities.,0.33187570672470246,MODERATE,You think current AI has reasonable but limited capability.
H_0524,-0.8423342424198529,LOW,You are skeptical that AI tools genuinely improve task performance.,-0.3942726882130536,MODERATE,You find most apps usable but sometimes need time to learn.,-1.320940592511659,LOW,You rarely choose to adopt new digital tools in daily life.,0.11228905991998375,MODERATE,You have a neutral-to-positive attitude toward AI activities.,0.11694262445532604,MODERATE,You think current AI has reasonable but limited capability.
H_0525,-1.3955005947441386,LOW,You are skeptical that AI tools genuinely improve task performance.,-0.3468652747002371,MODERATE,You find most apps usable but sometimes need time to learn.,-0.1257262793397085,MODERATE,You sometimes try new technology when it seems relevant.,0.11334469430159022,MODERATE,You have a neutral-to-positive attitude toward AI activities.,-0.8341005947499104,LOW,You doubt that current AI handles complex real-world tasks well.
H_0526,0.9638600460080535,HIGH,You strongly believe AI tools improve efficiency and outcomes.,-0.11445916612572325,MODERATE,You find most apps usable but sometimes need time to learn.,1.4802364576380918,HIGH,You actively seek out and adopt useful new technology tools.,0.8539463348773925,HIGH,You feel enthusiastic and positive about AI-assisted activities.,-0.3179588412793646,MODERATE,You think current AI has reasonable but limited capability.
H_0527,-0.43993241905313435,MODERATE,You think AI tools can be somewhat useful for certain tasks.,-0.36519844210487284,MODERATE,You find most apps usable but sometimes need time to learn.,-0.68812923192874,LOW,You rarely choose to adopt new digital tools in daily life.,0.826633643889305,HIGH,You feel enthusiastic and positive about AI-assisted activities.,-0.5199811007704731,LOW,You doubt that current AI handles complex real-world tasks well.
H_0528,-0.2814177985820631,MODERATE,You think AI tools can be somewhat useful for certain tasks.,-1.6078792570521105,LOW,You find new technology interfaces difficult and frustrating.,-0.8825235447464588,LOW,You rarely choose to adopt new digital tools in daily life.,-0.5864192013055589,LOW,You feel somewhat uncomfortable or skeptical about AI activities.,-0.6840939585585488,LOW,You doubt that current AI handles complex real-world tasks well.
H_0529,-1.0291070351639484,LOW,You are skeptical that AI tools genuinely improve task performance.,-0.6784680913009291,LOW,You find new technology interfaces difficult and frustrating.,-1.2917970618893246,LOW,You rarely choose to adopt new digital tools in daily life.,-2.3025910280091764,LOW,You feel somewhat uncomfortable or skeptical about AI activities.,-1.2125432132086238,LOW,You doubt that current AI handles complex real-world tasks well.
H_0530,0.6528843551032649,HIGH,You strongly believe AI tools improve efficiency and outcomes.,1.5402641889838473,HIGH,You pick up new technology quickly and find it intuitive.,-0.27287045464109433,MODERATE,You sometimes try new technology when it seems relevant.,0.6951721854636351,HIGH,You feel enthusiastic and positive about AI-assisted activities.,0.3126143465899109,MODERATE,You think current AI has reasonable but limited capability.
H_0531,0.13713116333315464,MODERATE,You think AI tools can be somewhat useful for certain tasks.,0.3195622255624487,MODERATE,You find most apps usable but sometimes need time to learn.,1.869682545530803,HIGH,You actively seek out and adopt useful new technology tools.,1.0501201219482612,HIGH,You feel enthusiastic and positive about AI-assisted activities.,-0.2365145536023553,MODERATE,You think current AI has reasonable but limited capability.
H_0532,-0.8476253911349829,LOW,You are skeptical that AI tools genuinely improve task performance.,-1.0949939325169593,LOW,You find new technology interfaces difficult and frustrating.,-1.0661629710706593,LOW,You rarely choose to adopt new digital tools in daily life.,-0.46345733241706194,MODERATE,You have a neutral-to-positive attitude toward AI activities.,0.5017514697501914,HIGH,You believe current AI is capable of complex information tasks.
H_0533,1.4639477880200125,HIGH,You strongly believe AI tools improve efficiency and outcomes.,0.24798719115450105,MODERATE,You find most apps usable but sometimes need time to learn.,0.3034650593951086,MODERATE,You sometimes try new technology when it seems relevant.,0.8819649365722128,HIGH,You feel enthusiastic and positive about AI-assisted activities.,1.3986306789353995,HIGH,You believe current AI is capable of complex information tasks.
H_0534,0.8233971395320165,HIGH,You strongly believe AI tools improve efficiency and outcomes.,1.8076971067221075,HIGH,You pick up new technology quickly and find it intuitive.,0.8968901854087801,HIGH,You actively seek out and adopt useful new technology tools.,1.4506610971398652,HIGH,You feel enthusiastic and positive about AI-assisted activities.,-0.08203833339439334,MODERATE,You think current AI has reasonable but limited capability.
H_0535,0.8936199842353981,HIGH,You strongly believe AI tools improve efficiency and outcomes.,0.15506500773316295,MODERATE,You find most apps usable but sometimes need time to learn.,1.1527124776190334,HIGH,You actively seek out and adopt useful new technology tools.,0.1489861915328692,MODERATE,You have a neutral-to-positive attitude toward AI activities.,0.07138980961129285,MODERATE,You think current AI has reasonable but limited capability.
H_0536,1.5849113523308618,HIGH,You strongly believe AI tools improve efficiency and outcomes.,2.4240906697810267,HIGH,You pick up new technology quickly and find it intuitive.,1.3821536259262606,HIGH,You actively seek out and adopt useful new technology tools.,1.2023500367732234,HIGH,You feel enthusiastic and positive about AI-assisted activities.,0.5475752453459427,HIGH,You believe current AI is capable of complex information tasks.
H_0537,-0.9785554735642943,LOW,You are skeptical that AI tools genuinely improve task performance.,-0.06482584568285198,MODERATE,You find most apps usable but sometimes need time to learn.,-0.7163230063532177,LOW,You rarely choose to adopt new digital tools in daily life.,-0.38072561450567827,MODERATE,You have a neutral-to-positive attitude toward AI activities.,-0.22165135102112782,MODERATE,You think current AI has reasonable but limited capability.
H_0538,-0.6473863625646109,LOW,You are skeptical that AI tools genuinely improve task performance.,0.9701428079811187,HIGH,You pick up new technology quickly and find it intuitive.,-0.5464059865905764,LOW,You rarely choose to adopt new digital tools in daily life.,0.0015948093707627148,MODERATE,You have a neutral-to-positive attitude toward AI activities.,-0.9045809782553753,LOW,You doubt that current AI handles complex real-world tasks well.
H_0539,0.8895734170659115,HIGH,You strongly believe AI tools improve efficiency and outcomes.,0.6951313934720179,HIGH,You pick up new technology quickly and find it intuitive.,0.4928656997558511,MODERATE,You sometimes try new technology when it seems relevant.,0.8719894876496092,HIGH,You feel enthusiastic and positive about AI-assisted activities.,0.7579120182398104,HIGH,You believe current AI is capable of complex information tasks.
H_0540,-1.467161847349251,LOW,You are skeptical that AI tools genuinely improve task performance.,-0.031509241854116236,MODERATE,You find most apps usable but sometimes need time to learn.,-1.440568535334145,LOW,You rarely choose to adopt new digital tools in daily life.,-0.3402939259329701,MODERATE,You have a neutral-to-positive attitude toward AI activities.,-2.029770406470102,LOW,You doubt that current AI handles complex real-world tasks well.
H_0541,-0.9700895059789951,LOW,You are skeptical that AI tools genuinely improve task performance.,-1.6060623140698251,LOW,You find new technology interfaces difficult and frustrating.,0.680680136089483,HIGH,You actively seek out and adopt useful new technology tools.,0.6765917836491568,HIGH,You feel enthusiastic and positive about AI-assisted activities.,-0.35779648421069205,MODERATE,You think current AI has reasonable but limited capability.
H_0542,-0.6465755541140751,LOW,You are skeptical that AI tools genuinely improve task performance.,-0.8341303082039057,LOW,You find new technology interfaces difficult and frustrating.,-1.4799025487507826,LOW,You rarely choose to adopt new digital tools in daily life.,-0.05981194458792502,MODERATE,You have a neutral-to-positive attitude toward AI activities.,-0.8722093491497862,LOW,You doubt that current AI handles complex real-world tasks well.
H_0543,1.4973936508701808,HIGH,You strongly believe AI tools improve efficiency and outcomes.,-0.21275362438547,MODERATE,You find most apps usable but sometimes need time to learn.,0.9004281438309915,HIGH,You actively seek out and adopt useful new technology tools.,1.0700203417651268,HIGH,You feel enthusiastic and positive about AI-assisted activities.,-0.655896181176402,LOW,You doubt that current AI handles complex real-world tasks well.
H_0544,2.0192918278368577,HIGH,You strongly believe AI tools improve efficiency and outcomes.,0.6038060369468492,HIGH,You pick up new technology quickly and find it intuitive.,1.8682102966783252,HIGH,You actively seek out and adopt useful new technology tools.,1.942445810852955,HIGH,You feel enthusiastic and positive about AI-assisted activities.,1.0099012372775367,HIGH,You believe current AI is capable of complex information tasks.
H_0545,-2.4451354077272294,LOW,You are skeptical that AI tools genuinely improve task performance.,-0.2808252928480606,MODERATE,You find most apps usable but sometimes need time to learn.,-2.5027829054639694,LOW,You rarely choose to adopt new digital tools in daily life.,-0.6358695557508799,LOW,You feel somewhat uncomfortable or skeptical about AI activities.,-1.0629745575058176,LOW,You doubt that current AI handles complex real-world tasks well.
H_0546,0.4166225471326788,MODERATE,You think AI tools can be somewhat useful for certain tasks.,-1.174016080839065,LOW,You find new technology interfaces difficult and frustrating.,0.7745891187229147,HIGH,You actively seek out and adopt useful new technology tools.,0.1491376753235023,MODERATE,You have a neutral-to-positive attitude toward AI activities.,-0.424263386678303,MODERATE,You think current AI has reasonable but limited capability.
H_0547,-0.47508595418216604,MODERATE,You think AI tools can be somewhat useful for certain tasks.,-1.585964289659111,LOW,You find new technology interfaces difficult and frustrating.,-1.1872920529841287,LOW,You rarely choose to adopt new digital tools in daily life.,0.41104608679495624,MODERATE,You have a neutral-to-positive attitude toward AI activities.,-2.039555751753444,LOW,You doubt that current AI handles complex real-world tasks well.
H_0548,-0.5244222806069425,LOW,You are skeptical that AI tools genuinely improve task performance.,0.4069001703199974,MODERATE,You find most apps usable but sometimes need time to learn.,0.26789018970030537,MODERATE,You sometimes try new technology when it seems relevant.,1.0974262067736666,HIGH,You feel enthusiastic and positive about AI-assisted activities.,0.8066050507351894,HIGH,You believe current AI is capable of complex information tasks.
H_0549,-0.6287256141087636,LOW,You are skeptical that AI tools genuinely improve task performance.,-0.17908740328249573,MODERATE,You find most apps usable but sometimes need time to learn.,1.0898957610365922,HIGH,You actively seek out and adopt useful new technology tools.,-1.3656203154990083,LOW,You feel somewhat uncomfortable or skeptical about AI activities.,-0.3710050366604641,MODERATE,You think current AI has reasonable but limited capability.
H_0550,0.05618795574055762,MODERATE,You think AI tools can be somewhat useful for certain tasks.,1.076873322119683,HIGH,You pick up new technology quickly and find it intuitive.,0.20843280867924385,MODERATE,You sometimes try new technology when it seems relevant.,0.029438422681895126,MODERATE,You have a neutral-to-positive attitude toward AI activities.,-0.25413264949247005,MODERATE,You think current AI has reasonable but limited capability.
H_0551,-1.272680090471352,LOW,You are skeptical that AI tools genuinely improve task performance.,-1.0030248470314356,LOW,You find new technology interfaces difficult and frustrating.,-0.8264573237457592,LOW,You rarely choose to adopt new digital tools in daily life.,-1.1365836057738015,LOW,You feel somewhat uncomfortable or skeptical about AI activities.,-2.3655368155839627,LOW,You doubt that current AI handles complex real-world tasks well.
H_0552,1.057647544421282,HIGH,You strongly believe AI tools improve efficiency and outcomes.,0.5999488346549566,HIGH,You pick up new technology quickly and find it intuitive.,-0.24677401768820767,MODERATE,You sometimes try new technology when it seems relevant.,0.366714675681954,MODERATE,You have a neutral-to-positive attitude toward AI activities.,-0.24561563955515564,MODERATE,You think current AI has reasonable but limited capability.
H_0553,-0.18085800793210396,MODERATE,You think AI tools can be somewhat useful for certain tasks.,-1.1150591956383957,LOW,You find new technology interfaces difficult and frustrating.,-0.803043930531203,LOW,You rarely choose to adopt new digital tools in daily life.,-0.5027100211651224,LOW,You feel somewhat uncomfortable or skeptical about AI activities.,0.3528390476794005,MODERATE,You think current AI has reasonable but limited capability.
H_0554,-0.36683559839361024,MODERATE,You think AI tools can be somewhat useful for certain tasks.,-0.9614574177601037,LOW,You find new technology interfaces difficult and frustrating.,-0.5357018855530292,LOW,You rarely choose to adopt new digital tools in daily life.,-0.7499150795923025,LOW,You feel somewhat uncomfortable or skeptical about AI activities.,-0.40667178377543367,MODERATE,You think current AI has reasonable but limited capability.
H_0555,1.0818694201868748,HIGH,You strongly believe AI tools improve efficiency and outcomes.,0.05261107403280361,MODERATE,You find most apps usable but sometimes need time to learn.,-0.246284287359957,MODERATE,You sometimes try new technology when it seems relevant.,-0.577385691611671,LOW,You feel somewhat uncomfortable or skeptical about AI activities.,0.45770487353677364,MODERATE,You think current AI has reasonable but limited capability.
H_0556,0.2635456248931605,MODERATE,You think AI tools can be somewhat useful for certain tasks.,0.3611971588212399,MODERATE,You find most apps usable but sometimes need time to learn.,-0.1620081070236844,MODERATE,You sometimes try new technology when it seems relevant.,0.33929803078668486,MODERATE,You have a neutral-to-positive attitude toward AI activities.,0.2598124953884765,MODERATE,You think current AI has reasonable but limited capability.
H_0557,-0.049339622319593365,MODERATE,You think AI tools can be somewhat useful for certain tasks.,0.1495190326480526,MODERATE,You find most apps usable but sometimes need time to learn.,-1.1726420426022781,LOW,You rarely choose to adopt new digital tools in daily life.,-1.5158840835800604,LOW,You feel somewhat uncomfortable or skeptical about AI activities.,-0.5032433144558364,LOW,You doubt that current AI handles complex real-world tasks well.
H_0558,0.5815528761202244,HIGH,You strongly believe AI tools improve efficiency and outcomes.,1.1380295778017795,HIGH,You pick up new technology quickly and find it intuitive.,-0.49887879143133873,MODERATE,You sometimes try new technology when it seems relevant.,-0.16597464362631542,MODERATE,You have a neutral-to-positive attitude toward AI activities.,0.3482336319625323,MODERATE,You think current AI has reasonable but limited capability.
H_0559,0.07587522460390367,MODERATE,You think AI tools can be somewhat useful for certain tasks.,-0.22639174935888387,MODERATE,You find most apps usable but sometimes need time to learn.,-0.9193831995136608,LOW,You rarely choose to adopt new digital tools in daily life.,-0.867732213601077,LOW,You feel somewhat uncomfortable or skeptical about AI activities.,-0.18901390927840356,MODERATE,You think current AI has reasonable but limited capability.
H_0560,0.9656195274021855,HIGH,You strongly believe AI tools improve efficiency and outcomes.,1.718480307831671,HIGH,You pick up new technology quickly and find it intuitive.,0.24203450787821898,MODERATE,You sometimes try new technology when it seems relevant.,0.5425359681795681,HIGH,You feel enthusiastic and positive about AI-assisted activities.,-0.4494750612120766,MODERATE,You think current AI has reasonable but limited capability.
H_0561,0.49081958552153676,MODERATE,You think AI tools can be somewhat useful for certain tasks.,-0.7903293305739321,LOW,You find new technology interfaces difficult and frustrating.,0.8313032697878702,HIGH,You actively seek out and adopt useful new technology tools.,0.3843372288110436,MODERATE,You have a neutral-to-positive attitude toward AI activities.,-2.082547831758033,LOW,You doubt that current AI handles complex real-world tasks well.
H_0562,0.9173231577035654,HIGH,You strongly believe AI tools improve efficiency and outcomes.,1.9742065771913662,HIGH,You pick up new technology quickly and find it intuitive.,1.5268396291232993,HIGH,You actively seek out and adopt useful new technology tools.,1.0931182779188477,HIGH,You feel enthusiastic and positive about AI-assisted activities.,1.0633498603518605,HIGH,You believe current AI is capable of complex information tasks.
H_0563,0.19070782474735523,MODERATE,You think AI tools can be somewhat useful for certain tasks.,-1.2163157849117652,LOW,You find new technology interfaces difficult and frustrating.,-0.6125253796607538,LOW,You rarely choose to adopt new digital tools in daily life.,1.136906330155848,HIGH,You feel enthusiastic and positive about AI-assisted activities.,0.8757114567647669,HIGH,You believe current AI is capable of complex information tasks.
H_0564,-0.8697045011965814,LOW,You are skeptical that AI tools genuinely improve task performance.,-0.7261232096282405,LOW,You find new technology interfaces difficult and frustrating.,0.5769832428012821,HIGH,You actively seek out and adopt useful new technology tools.,-1.337603579038125,LOW,You feel somewhat uncomfortable or skeptical about AI activities.,-0.5936357048840974,LOW,You doubt that current AI handles complex real-world tasks well.
H_0565,1.077581206029037,HIGH,You strongly believe AI tools improve efficiency and outcomes.,-0.11222528924925812,MODERATE,You find most apps usable but sometimes need time to learn.,0.283940421079811,MODERATE,You sometimes try new technology when it seems relevant.,0.152229194603801,MODERATE,You have a neutral-to-positive attitude toward AI activities.,-0.6212128033259102,LOW,You doubt that current AI handles complex real-world tasks well.
H_0566,-1.9032439231424336,LOW,You are skeptical that AI tools genuinely improve task performance.,-1.0159670233362281,LOW,You find new technology interfaces difficult and frustrating.,-0.48370348542814423,MODERATE,You sometimes try new technology when it seems relevant.,-1.0523173955403997,LOW,You feel somewhat uncomfortable or skeptical about AI activities.,-1.8352616982083962,LOW,You doubt that current AI handles complex real-world tasks well.
H_0567,1.4616230982132594,HIGH,You strongly believe AI tools improve efficiency and outcomes.,0.05779692192462899,MODERATE,You find most apps usable but sometimes need time to learn.,1.3538266840677982,HIGH,You actively seek out and adopt useful new technology tools.,1.2466850708178212,HIGH,You feel enthusiastic and positive about AI-assisted activities.,2.135673640460971,HIGH,You believe current AI is capable of complex information tasks.
H_0568,-1.093800047592551,LOW,You are skeptical that AI tools genuinely improve task performance.,-0.7082017513728004,LOW,You find new technology interfaces difficult and frustrating.,1.8230978429823717,HIGH,You actively seek out and adopt useful new technology tools.,1.348606110402029,HIGH,You feel enthusiastic and positive about AI-assisted activities.,-0.4630673160452294,MODERATE,You think current AI has reasonable but limited capability.
H_0569,0.37181540026605814,MODERATE,You think AI tools can be somewhat useful for certain tasks.,-1.3446411556501823,LOW,You find new technology interfaces difficult and frustrating.,-0.7721278246855147,LOW,You rarely choose to adopt new digital tools in daily life.,-0.4162165550946571,MODERATE,You have a neutral-to-positive attitude toward AI activities.,1.1734773567505496,HIGH,You believe current AI is capable of complex information tasks.
H_0570,1.266258560144871,HIGH,You strongly believe AI tools improve efficiency and outcomes.,1.283215703117874,HIGH,You pick up new technology quickly and find it intuitive.,0.5290578303761099,HIGH,You actively seek out and adopt useful new technology tools.,0.17053671642407656,MODERATE,You have a neutral-to-positive attitude toward AI activities.,0.8261227376243385,HIGH,You believe current AI is capable of complex information tasks.
H_0571,0.3510255552592574,MODERATE,You think AI tools can be somewhat useful for certain tasks.,1.093259907355629,HIGH,You pick up new technology quickly and find it intuitive.,-0.01910859537084064,MODERATE,You sometimes try new technology when it seems relevant.,1.067359588427079,HIGH,You feel enthusiastic and positive about AI-assisted activities.,-0.6138744053635293,LOW,You doubt that current AI handles complex real-world tasks well.
H_0572,-0.2965553927365746,MODERATE,You think AI tools can be somewhat useful for certain tasks.,0.7846327993842214,HIGH,You pick up new technology quickly and find it intuitive.,0.19293825699786998,MODERATE,You sometimes try new technology when it seems relevant.,0.4776495480239278,MODERATE,You have a neutral-to-positive attitude toward AI activities.,0.9045038534654246,HIGH,You believe current AI is capable of complex information tasks.
H_0573,0.065736669457453,MODERATE,You think AI tools can be somewhat useful for certain tasks.,1.2170418566001144,HIGH,You pick up new technology quickly and find it intuitive.,0.2759805412985934,MODERATE,You sometimes try new technology when it seems relevant.,0.642212956092562,HIGH,You feel enthusiastic and positive about AI-assisted activities.,-0.26977048592872305,MODERATE,You think current AI has reasonable but limited capability.
H_0574,-0.06973467719601734,MODERATE,You think AI tools can be somewhat useful for certain tasks.,0.9795603870314138,HIGH,You pick up new technology quickly and find it intuitive.,-0.7373016167604525,LOW,You rarely choose to adopt new digital tools in daily life.,0.5592960662377935,HIGH,You feel enthusiastic and positive about AI-assisted activities.,0.5467777667057113,HIGH,You believe current AI is capable of complex information tasks.
H_0575,0.9415433447695181,HIGH,You strongly believe AI tools improve efficiency and outcomes.,1.7690686103836806,HIGH,You pick up new technology quickly and find it intuitive.,0.07177813189196351,MODERATE,You sometimes try new technology when it seems relevant.,0.08261266406891782,MODERATE,You have a neutral-to-positive attitude toward AI activities.,-0.5893041292386731,LOW,You doubt that current AI handles complex real-world tasks well.
H_0576,0.5642652331940465,HIGH,You strongly believe AI tools improve efficiency and outcomes.,1.225415455960884,HIGH,You pick up new technology quickly and find it intuitive.,0.3074333211090466,MODERATE,You sometimes try new technology when it seems relevant.,0.3014387123179463,MODERATE,You have a neutral-to-positive attitude toward AI activities.,1.0990223782420625,HIGH,You believe current AI is capable of complex information tasks.
H_0577,1.5366040483009324,HIGH,You strongly believe AI tools improve efficiency and outcomes.,2.2694750317564263,HIGH,You pick up new technology quickly and find it intuitive.,2.0252646162063446,HIGH,You actively seek out and adopt useful new technology tools.,-0.1922296966719988,MODERATE,You have a neutral-to-positive attitude toward AI activities.,2.9550272818221925,HIGH,You believe current AI is capable of complex information tasks.
H_0578,0.566970183941676,HIGH,You strongly believe AI tools improve efficiency and outcomes.,-0.6937907639082971,LOW,You find new technology interfaces difficult and frustrating.,0.260905616805484,MODERATE,You sometimes try new technology when it seems relevant.,0.660488788267229,HIGH,You feel enthusiastic and positive about AI-assisted activities.,1.0078762119772786,HIGH,You believe current AI is capable of complex information tasks.
H_0579,-0.31621460642037197,MODERATE,You think AI tools can be somewhat useful for certain tasks.,-0.431889701411391,MODERATE,You find most apps usable but sometimes need time to learn.,-0.9271138108226754,LOW,You rarely choose to adopt new digital tools in daily life.,-0.20539970519834747,MODERATE,You have a neutral-to-positive attitude toward AI activities.,1.6675011012377297,HIGH,You believe current AI is capable of complex information tasks.
H_0580,-3.0889141578016823,LOW,You are skeptical that AI tools genuinely improve task performance.,-3.737323161142016,LOW,You find new technology interfaces difficult and frustrating.,-3.539108551870963,LOW,You rarely choose to adopt new digital tools in daily life.,-3.172671024118142,LOW,You feel somewhat uncomfortable or skeptical about AI activities.,-0.48266684404081833,MODERATE,You think current AI has reasonable but limited capability.
H_0581,-0.13060284812721543,MODERATE,You think AI tools can be somewhat useful for certain tasks.,0.574792565794004,HIGH,You pick up new technology quickly and find it intuitive.,0.4655963273062405,MODERATE,You sometimes try new technology when it seems relevant.,-0.8854279207789688,LOW,You feel somewhat uncomfortable or skeptical about AI activities.,0.30080971467442486,MODERATE,You think current AI has reasonable but limited capability.
H_0582,-0.31879986074537364,MODERATE,You think AI tools can be somewhat useful for certain tasks.,0.22513833375634268,MODERATE,You find most apps usable but sometimes need time to learn.,-1.6276341723459102,LOW,You rarely choose to adopt new digital tools in daily life.,-0.37088392139519605,MODERATE,You have a neutral-to-positive attitude toward AI activities.,-0.6006122615786746,LOW,You doubt that current AI handles complex real-world tasks well.
H_0583,0.005025321083001921,MODERATE,You think AI tools can be somewhat useful for certain tasks.,0.9724968996379371,HIGH,You pick up new technology quickly and find it intuitive.,0.21079124997547227,MODERATE,You sometimes try new technology when it seems relevant.,0.8393997758482294,HIGH,You feel enthusiastic and positive about AI-assisted activities.,-0.07908722154618744,MODERATE,You think current AI has reasonable but limited capability.
H_0584,-1.5849944483140883,LOW,You are skeptical that AI tools genuinely improve task performance.,-1.713442973762176,LOW,You find new technology interfaces difficult and frustrating.,-1.856749106773794,LOW,You rarely choose to adopt new digital tools in daily life.,-0.698475478668962,LOW,You feel somewhat uncomfortable or skeptical about AI activities.,-0.8867423723761361,LOW,You doubt that current AI handles complex real-world tasks well.
H_0585,0.6362658539345488,HIGH,You strongly believe AI tools improve efficiency and outcomes.,0.5408269315050063,HIGH,You pick up new technology quickly and find it intuitive.,0.7306463248586551,HIGH,You actively seek out and adopt useful new technology tools.,0.7487147029657443,HIGH,You feel enthusiastic and positive about AI-assisted activities.,-0.16327708608387198,MODERATE,You think current AI has reasonable but limited capability.
H_0586,-1.1606502278376074,LOW,You are skeptical that AI tools genuinely improve task performance.,-0.043366510044855595,MODERATE,You find most apps usable but sometimes need time to learn.,-0.3225423863944524,MODERATE,You sometimes try new technology when it seems relevant.,0.5821633505375792,HIGH,You feel enthusiastic and positive about AI-assisted activities.,0.12515938660707313,MODERATE,You think current AI has reasonable but limited capability.
H_0587,-1.2534857976913565,LOW,You are skeptical that AI tools genuinely improve task performance.,0.24895241914508062,MODERATE,You find most apps usable but sometimes need time to learn.,-1.2458426057963026,LOW,You rarely choose to adopt new digital tools in daily life.,-0.37147155724412334,MODERATE,You have a neutral-to-positive attitude toward AI activities.,-0.38650364988251507,MODERATE,You think current AI has reasonable but limited capability.
H_0588,-0.20934090013251846,MODERATE,You think AI tools can be somewhat useful for certain tasks.,-1.0635726324545256,LOW,You find new technology interfaces difficult and frustrating.,-1.5313844129262224,LOW,You rarely choose to adopt new digital tools in daily life.,-1.836405054839676,LOW,You feel somewhat uncomfortable or skeptical about AI activities.,-0.7118811818245664,LOW,You doubt that current AI handles complex real-world tasks well.
H_0589,-0.7228932498259132,LOW,You are skeptical that AI tools genuinely improve task performance.,-1.1272231377880793,LOW,You find new technology interfaces difficult and frustrating.,-0.9589886617488965,LOW,You rarely choose to adopt new digital tools in daily life.,-0.6441161433999536,LOW,You feel somewhat uncomfortable or skeptical about AI activities.,-0.13952693914794018,MODERATE,You think current AI has reasonable but limited capability.
H_0590,1.1575730862686542,HIGH,You strongly believe AI tools improve efficiency and outcomes.,2.903821030949054,HIGH,You pick up new technology quickly and find it intuitive.,0.8783333524852129,HIGH,You actively seek out and adopt useful new technology tools.,-0.5207630766484836,LOW,You feel somewhat uncomfortable or skeptical about AI activities.,-0.1190316338494036,MODERATE,You think current AI has reasonable but limited capability.
H_0591,-1.8624511422986272,LOW,You are skeptical that AI tools genuinely improve task performance.,-0.8988416121417281,LOW,You find new technology interfaces difficult and frustrating.,0.1983240798845072,MODERATE,You sometimes try new technology when it seems relevant.,-0.866084003058216,LOW,You feel somewhat uncomfortable or skeptical about AI activities.,-0.9394494348465259,LOW,You doubt that current AI handles complex real-world tasks well.
H_0592,-2.0392181020195426,LOW,You are skeptical that AI tools genuinely improve task performance.,-0.8395313345813926,LOW,You find new technology interfaces difficult and frustrating.,-0.3188464785732418,MODERATE,You sometimes try new technology when it seems relevant.,-1.5380290432480337,LOW,You feel somewhat uncomfortable or skeptical about AI activities.,-1.6192395094737235,LOW,You doubt that current AI handles complex real-world tasks well.
H_0593,1.2825765165671004,HIGH,You strongly believe AI tools improve efficiency and outcomes.,0.7531863935425476,HIGH,You pick up new technology quickly and find it intuitive.,-0.4697487098809321,MODERATE,You sometimes try new technology when it seems relevant.,0.814569228859651,HIGH,You feel enthusiastic and positive about AI-assisted activities.,0.6057300662955477,HIGH,You believe current AI is capable of complex information tasks.
H_0594,1.312972675075799,HIGH,You strongly believe AI tools improve efficiency and outcomes.,0.2037481491249554,MODERATE,You find most apps usable but sometimes need time to learn.,-0.2618366856543119,MODERATE,You sometimes try new technology when it seems relevant.,-0.0035409526449856955,MODERATE,You have a neutral-to-positive attitude toward AI activities.,-0.49035122158787614,MODERATE,You think current AI has reasonable but limited capability.
H_0595,0.392636445287353,MODERATE,You think AI tools can be somewhat useful for certain tasks.,2.608394240721566,HIGH,You pick up new technology quickly and find it intuitive.,1.0672678593291496,HIGH,You actively seek out and adopt useful new technology tools.,2.012148459535322,HIGH,You feel enthusiastic and positive about AI-assisted activities.,1.0384330724130009,HIGH,You believe current AI is capable of complex information tasks.
H_0596,-0.35531952400284234,MODERATE,You think AI tools can be somewhat useful for certain tasks.,0.5206414838989439,HIGH,You pick up new technology quickly and find it intuitive.,0.22043716534302768,MODERATE,You sometimes try new technology when it seems relevant.,0.26218772534586804,MODERATE,You have a neutral-to-positive attitude toward AI activities.,-1.1611179223742014,LOW,You doubt that current AI handles complex real-world tasks well.
H_0597,-0.36534132963691596,MODERATE,You think AI tools can be somewhat useful for certain tasks.,-0.7132058166391959,LOW,You find new technology interfaces difficult and frustrating.,1.2415569148069137,HIGH,You actively seek out and adopt useful new technology tools.,-0.5151865240807167,LOW,You feel somewhat uncomfortable or skeptical about AI activities.,-0.7532339510629923,LOW,You doubt that current AI handles complex real-world tasks well.
H_0598,1.4097941147593411,HIGH,You strongly believe AI tools improve efficiency and outcomes.,0.3127422638908957,MODERATE,You find most apps usable but sometimes need time to learn.,-0.5706018246463526,LOW,You rarely choose to adopt new digital tools in daily life.,1.7487325946788808,HIGH,You feel enthusiastic and positive about AI-assisted activities.,0.4358469413419249,MODERATE,You think current AI has reasonable but limited capability.
H_0599,-1.072323432450616,LOW,You are skeptical that AI tools genuinely improve task performance.,-1.1321505482257332,LOW,You find new technology interfaces difficult and frustrating.,-0.5183720554886208,LOW,You rarely choose to adopt new digital tools in daily life.,-1.5362008200163704,LOW,You feel somewhat uncomfortable or skeptical about AI activities.,-1.3239686560008461,LOW,You doubt that current AI handles complex real-world tasks well.
H_0600,-0.21049207557797786,MODERATE,You think AI tools can be somewhat useful for certain tasks.,0.8792153148012608,HIGH,You pick up new technology quickly and find it intuitive.,-0.12030862756936891,MODERATE,You sometimes try new technology when it seems relevant.,-0.2627645555164473,MODERATE,You have a neutral-to-positive attitude toward AI activities.,-0.5310562787532935,LOW,You doubt that current AI handles complex real-world tasks well.
H_0601,0.403140424359244,MODERATE,You think AI tools can be somewhat useful for certain tasks.,1.9825503843023635,HIGH,You pick up new technology quickly and find it intuitive.,1.1212172039100137,HIGH,You actively seek out and adopt useful new technology tools.,1.8043717066123668,HIGH,You feel enthusiastic and positive about AI-assisted activities.,1.8824932902305491,HIGH,You believe current AI is capable of complex information tasks.
H_0602,0.4991128723557313,MODERATE,You think AI tools can be somewhat useful for certain tasks.,2.1699022133723256,HIGH,You pick up new technology quickly and find it intuitive.,1.2408289233091863,HIGH,You actively seek out and adopt useful new technology tools.,0.8161299840592916,HIGH,You feel enthusiastic and positive about AI-assisted activities.,0.19826982481008792,MODERATE,You think current AI has reasonable but limited capability.
H_0603,0.9826624263396971,HIGH,You strongly believe AI tools improve efficiency and outcomes.,0.6221308042532233,HIGH,You pick up new technology quickly and find it intuitive.,0.2728022026462902,MODERATE,You sometimes try new technology when it seems relevant.,-0.3825411221573924,MODERATE,You have a neutral-to-positive attitude toward AI activities.,-1.3978408782132437,LOW,You doubt that current AI handles complex real-world tasks well.
H_0604,-0.5039373202205909,LOW,You are skeptical that AI tools genuinely improve task performance.,1.3620454629020609,HIGH,You pick up new technology quickly and find it intuitive.,-2.358150511625874,LOW,You rarely choose to adopt new digital tools in daily life.,-1.5680425441237118,LOW,You feel somewhat uncomfortable or skeptical about AI activities.,-0.41424440295237563,MODERATE,You think current AI has reasonable but limited capability.
H_0605,-1.623490359922759,LOW,You are skeptical that AI tools genuinely improve task performance.,-0.20504473384155789,MODERATE,You find most apps usable but sometimes need time to learn.,-0.1437874437952754,MODERATE,You sometimes try new technology when it seems relevant.,-1.8743577733235852,LOW,You feel somewhat uncomfortable or skeptical about AI activities.,-0.27553755595944873,MODERATE,You think current AI has reasonable but limited capability.
H_0606,0.6026275075274967,HIGH,You strongly believe AI tools improve efficiency and outcomes.,-0.17352570520566146,MODERATE,You find most apps usable but sometimes need time to learn.,0.3614225199713574,MODERATE,You sometimes try new technology when it seems relevant.,0.3713300053828538,MODERATE,You have a neutral-to-positive attitude toward AI activities.,0.16303403279131753,MODERATE,You think current AI has reasonable but limited capability.
H_0607,2.5531656738452524,HIGH,You strongly believe AI tools improve efficiency and outcomes.,1.2118269682099516,HIGH,You pick up new technology quickly and find it intuitive.,1.5227982041328896,HIGH,You actively seek out and adopt useful new technology tools.,1.736257802910452,HIGH,You feel enthusiastic and positive about AI-assisted activities.,2.01499548037549,HIGH,You believe current AI is capable of complex information tasks.
H_0608,0.20218334601556662,MODERATE,You think AI tools can be somewhat useful for certain tasks.,-0.564906363844947,LOW,You find new technology interfaces difficult and frustrating.,-0.5179725974759685,LOW,You rarely choose to adopt new digital tools in daily life.,-0.6743271128519899,LOW,You feel somewhat uncomfortable or skeptical about AI activities.,-0.08540471535390065,MODERATE,You think current AI has reasonable but limited capability.
H_0609,-0.6078928133103281,LOW,You are skeptical that AI tools genuinely improve task performance.,0.020781605017002026,MODERATE,You find most apps usable but sometimes need time to learn.,-0.809936151903298,LOW,You rarely choose to adopt new digital tools in daily life.,-0.1606617457750874,MODERATE,You have a neutral-to-positive attitude toward AI activities.,-0.6657925108330053,LOW,You doubt that current AI handles complex real-world tasks well.
H_0610,1.4158160238411446,HIGH,You strongly believe AI tools improve efficiency and outcomes.,1.5586076378193916,HIGH,You pick up new technology quickly and find it intuitive.,1.4672787493557204,HIGH,You actively seek out and adopt useful new technology tools.,2.507647059739678,HIGH,You feel enthusiastic and positive about AI-assisted activities.,0.31637111103274984,MODERATE,You think current AI has reasonable but limited capability.
H_0611,1.5440974358959918,HIGH,You strongly believe AI tools improve efficiency and outcomes.,0.9935282518648972,HIGH,You pick up new technology quickly and find it intuitive.,-0.2127841933392969,MODERATE,You sometimes try new technology when it seems relevant.,1.5697283947317253,HIGH,You feel enthusiastic and positive about AI-assisted activities.,1.0878143672530913,HIGH,You believe current AI is capable of complex information tasks.
H_0612,1.3885674479265673,HIGH,You strongly believe AI tools improve efficiency and outcomes.,0.26102300863212874,MODERATE,You find most apps usable but sometimes need time to learn.,0.43066199013700057,MODERATE,You sometimes try new technology when it seems relevant.,0.16611573346594752,MODERATE,You have a neutral-to-positive attitude toward AI activities.,0.8636674393722411,HIGH,You believe current AI is capable of complex information tasks.
H_0613,0.07289182461895964,MODERATE,You think AI tools can be somewhat useful for certain tasks.,-0.1761837483802823,MODERATE,You find most apps usable but sometimes need time to learn.,0.17681119915992619,MODERATE,You sometimes try new technology when it seems relevant.,-1.2004248035011584,LOW,You feel somewhat uncomfortable or skeptical about AI activities.,0.039128839730521336,MODERATE,You think current AI has reasonable but limited capability.
H_0614,-0.3657555553040658,MODERATE,You think AI tools can be somewhat useful for certain tasks.,-0.35586366977400924,MODERATE,You find most apps usable but sometimes need time to learn.,0.17304228183628712,MODERATE,You sometimes try new technology when it seems relevant.,0.5802483363197306,HIGH,You feel enthusiastic and positive about AI-assisted activities.,-1.4751065031573007,LOW,You doubt that current AI handles complex real-world tasks well.
H_0615,0.08586438175909018,MODERATE,You think AI tools can be somewhat useful for certain tasks.,0.8797423022361021,HIGH,You pick up new technology quickly and find it intuitive.,2.285948499690306,HIGH,You actively seek out and adopt useful new technology tools.,1.3859848705434332,HIGH,You feel enthusiastic and positive about AI-assisted activities.,-0.15498476030246705,MODERATE,You think current AI has reasonable but limited capability.
H_0616,-1.600948396682635,LOW,You are skeptical that AI tools genuinely improve task performance.,-1.627410609150948,LOW,You find new technology interfaces difficult and frustrating.,-0.7923277732762412,LOW,You rarely choose to adopt new digital tools in daily life.,-1.2044252759438507,LOW,You feel somewhat uncomfortable or skeptical about AI activities.,-1.4862705694538574,LOW,You doubt that current AI handles complex real-world tasks well.
H_0617,-0.22771314800012774,MODERATE,You think AI tools can be somewhat useful for certain tasks.,0.38709778013288876,MODERATE,You find most apps usable but sometimes need time to learn.,-1.441079593030295,LOW,You rarely choose to adopt new digital tools in daily life.,-1.587030226302509,LOW,You feel somewhat uncomfortable or skeptical about AI activities.,-1.5150055869982166,LOW,You doubt that current AI handles complex real-world tasks well.
H_0618,0.8642188109663939,HIGH,You strongly believe AI tools improve efficiency and outcomes.,-1.4403403833355282,LOW,You find new technology interfaces difficult and frustrating.,-0.39730034064378694,MODERATE,You sometimes try new technology when it seems relevant.,-0.2825044467037382,MODERATE,You have a neutral-to-positive attitude toward AI activities.,-0.05545082285435376,MODERATE,You think current AI has reasonable but limited capability.
H_0619,1.2396814087225225,HIGH,You strongly believe AI tools improve efficiency and outcomes.,1.317564324238553,HIGH,You pick up new technology quickly and find it intuitive.,2.0995916041837166,HIGH,You actively seek out and adopt useful new technology tools.,1.2426251922482914,HIGH,You feel enthusiastic and positive about AI-assisted activities.,0.6435866704288994,HIGH,You believe current AI is capable of complex information tasks.
H_0620,-0.9573669963828341,LOW,You are skeptical that AI tools genuinely improve task performance.,-1.4013745310739985,LOW,You find new technology interfaces difficult and frustrating.,-0.7079373093398463,LOW,You rarely choose to adopt new digital tools in daily life.,-0.3576836988416212,MODERATE,You have a neutral-to-positive attitude toward AI activities.,-1.428769066536645,LOW,You doubt that current AI handles complex real-world tasks well.
H_0621,-0.10015386140106003,MODERATE,You think AI tools can be somewhat useful for certain tasks.,-0.561380485903532,LOW,You find new technology interfaces difficult and frustrating.,1.7694588130656599,HIGH,You actively seek out and adopt useful new technology tools.,0.9228450976454924,HIGH,You feel enthusiastic and positive about AI-assisted activities.,0.4461720090237485,MODERATE,You think current AI has reasonable but limited capability.
H_0622,-0.5826476526838813,LOW,You are skeptical that AI tools genuinely improve task performance.,-0.40631106417618784,MODERATE,You find most apps usable but sometimes need time to learn.,0.27036879186889307,MODERATE,You sometimes try new technology when it seems relevant.,-1.351835153759504,LOW,You feel somewhat uncomfortable or skeptical about AI activities.,1.0314075404632825,HIGH,You believe current AI is capable of complex information tasks.
H_0623,1.652240947641545,HIGH,You strongly believe AI tools improve efficiency and outcomes.,0.780614194478898,HIGH,You pick up new technology quickly and find it intuitive.,0.3010023249963965,MODERATE,You sometimes try new technology when it seems relevant.,0.7641942700377726,HIGH,You feel enthusiastic and positive about AI-assisted activities.,0.669346677147381,HIGH,You believe current AI is capable of complex information tasks.
H_0624,-0.8208503279045628,LOW,You are skeptical that AI tools genuinely improve task performance.,0.5411874770565834,HIGH,You pick up new technology quickly and find it intuitive.,-0.9727312305096874,LOW,You rarely choose to adopt new digital tools in daily life.,0.6116568975531683,HIGH,You feel enthusiastic and positive about AI-assisted activities.,-0.18956107381615062,MODERATE,You think current AI has reasonable but limited capability.
H_0625,0.5734221594439861,HIGH,You strongly believe AI tools improve efficiency and outcomes.,-0.03778650412890671,MODERATE,You find most apps usable but sometimes need time to learn.,0.239653511075571,MODERATE,You sometimes try new technology when it seems relevant.,0.19090732399948593,MODERATE,You have a neutral-to-positive attitude toward AI activities.,0.8425745872568738,HIGH,You believe current AI is capable of complex information tasks.
H_0626,-0.7167825851022319,LOW,You are skeptical that AI tools genuinely improve task performance.,-1.2468005224949126,LOW,You find new technology interfaces difficult and frustrating.,-0.787650948616261,LOW,You rarely choose to adopt new digital tools in daily life.,-0.9935870441797564,LOW,You feel somewhat uncomfortable or skeptical about AI activities.,1.3252451082355525,HIGH,You believe current AI is capable of complex information tasks.
H_0627,-0.7567939935384119,LOW,You are skeptical that AI tools genuinely improve task performance.,1.5770303618954742,HIGH,You pick up new technology quickly and find it intuitive.,-0.09210927667216999,MODERATE,You sometimes try new technology when it seems relevant.,-0.0039929552969336325,MODERATE,You have a neutral-to-positive attitude toward AI activities.,-0.22077150252777328,MODERATE,You think current AI has reasonable but limited capability.
H_0628,-0.5795810912308285,LOW,You are skeptical that AI tools genuinely improve task performance.,0.44613854696826344,MODERATE,You find most apps usable but sometimes need time to learn.,-0.0028102062004028657,MODERATE,You sometimes try new technology when it seems relevant.,-0.36207371430657886,MODERATE,You have a neutral-to-positive attitude toward AI activities.,-1.1742836715623297,LOW,You doubt that current AI handles complex real-world tasks well.
H_0629,-0.3660450723596895,MODERATE,You think AI tools can be somewhat useful for certain tasks.,-0.4347570966400909,MODERATE,You find most apps usable but sometimes need time to learn.,-1.7814231711241981,LOW,You rarely choose to adopt new digital tools in daily life.,-1.112031751032916,LOW,You feel somewhat uncomfortable or skeptical about AI activities.,0.8934212676882151,HIGH,You believe current AI is capable of complex information tasks.
H_0630,-0.29109932791311266,MODERATE,You think AI tools can be somewhat useful for certain tasks.,0.2582827764301558,MODERATE,You find most apps usable but sometimes need time to learn.,-0.42049774782313065,MODERATE,You sometimes try new technology when it seems relevant.,-1.157186275845782,LOW,You feel somewhat uncomfortable or skeptical about AI activities.,0.06057297381724177,MODERATE,You think current AI has reasonable but limited capability.
H_0631,-0.34817621078187005,MODERATE,You think AI tools can be somewhat useful for certain tasks.,1.5026396925523529,HIGH,You pick up new technology quickly and find it intuitive.,-1.0734061807058937,LOW,You rarely choose to adopt new digital tools in daily life.,-1.91846087243886,LOW,You feel somewhat uncomfortable or skeptical about AI activities.,-1.0492278164994964,LOW,You doubt that current AI handles complex real-world tasks well.
H_0632,0.4899025331250544,MODERATE,You think AI tools can be somewhat useful for certain tasks.,1.3588301868149022,HIGH,You pick up new technology quickly and find it intuitive.,0.8928790580297534,HIGH,You actively seek out and adopt useful new technology tools.,1.3773648082226493,HIGH,You feel enthusiastic and positive about AI-assisted activities.,2.076311441158923,HIGH,You believe current AI is capable of complex information tasks.
H_0633,0.9378288919903999,HIGH,You strongly believe AI tools improve efficiency and outcomes.,0.5943612514867779,HIGH,You pick up new technology quickly and find it intuitive.,0.9022564229015956,HIGH,You actively seek out and adopt useful new technology tools.,-0.1973144712086646,MODERATE,You have a neutral-to-positive attitude toward AI activities.,-0.10412568894588797,MODERATE,You think current AI has reasonable but limited capability.
H_0634,1.4564177172652233,HIGH,You strongly believe AI tools improve efficiency and outcomes.,1.0846410618781546,HIGH,You pick up new technology quickly and find it intuitive.,1.3745012065845197,HIGH,You actively seek out and adopt useful new technology tools.,1.0839517834046386,HIGH,You feel enthusiastic and positive about AI-assisted activities.,1.4180689435176574,HIGH,You believe current AI is capable of complex information tasks.
H_0635,0.36840381307326653,MODERATE,You think AI tools can be somewhat useful for certain tasks.,1.6909728382012708,HIGH,You pick up new technology quickly and find it intuitive.,1.2234459271334701,HIGH,You actively seek out and adopt useful new technology tools.,0.2684005432915477,MODERATE,You have a neutral-to-positive attitude toward AI activities.,-0.07418759007593154,MODERATE,You think current AI has reasonable but limited capability.
H_0636,0.008045997144756232,MODERATE,You think AI tools can be somewhat useful for certain tasks.,1.1564308577738818,HIGH,You pick up new technology quickly and find it intuitive.,-0.15682889693705054,MODERATE,You sometimes try new technology when it seems relevant.,0.5469113335257307,HIGH,You feel enthusiastic and positive about AI-assisted activities.,1.4762141612116406,HIGH,You believe current AI is capable of complex information tasks.
H_0637,-0.5321108002344831,LOW,You are skeptical that AI tools genuinely improve task performance.,0.047695865218975474,MODERATE,You find most apps usable but sometimes need time to learn.,-0.5163701469207644,LOW,You rarely choose to adopt new digital tools in daily life.,-1.3035480848723175,LOW,You feel somewhat uncomfortable or skeptical about AI activities.,-1.2856279815235716,LOW,You doubt that current AI handles complex real-world tasks well.
H_0638,-1.6748729252837136,LOW,You are skeptical that AI tools genuinely improve task performance.,-1.3052533151952388,LOW,You find new technology interfaces difficult and frustrating.,-1.8907253866504659,LOW,You rarely choose to adopt new digital tools in daily life.,-0.1002862653993587,MODERATE,You have a neutral-to-positive attitude toward AI activities.,0.3016827127605311,MODERATE,You think current AI has reasonable but limited capability.
H_0639,0.6476725418487995,HIGH,You strongly believe AI tools improve efficiency and outcomes.,-1.4929926745099957,LOW,You find new technology interfaces difficult and frustrating.,1.676715043211776,HIGH,You actively seek out and adopt useful new technology tools.,0.08330395784078237,MODERATE,You have a neutral-to-positive attitude toward AI activities.,0.38253520549793796,MODERATE,You think current AI has reasonable but limited capability.
H_0640,1.8066893327664244,HIGH,You strongly believe AI tools improve efficiency and outcomes.,2.4596045636131616,HIGH,You pick up new technology quickly and find it intuitive.,0.9893566632115036,HIGH,You actively seek out and adopt useful new technology tools.,1.4342505329270465,HIGH,You feel enthusiastic and positive about AI-assisted activities.,0.04941778929662263,MODERATE,You think current AI has reasonable but limited capability.
H_0641,-0.8968324972828237,LOW,You are skeptical that AI tools genuinely improve task performance.,-0.056461111792740354,MODERATE,You find most apps usable but sometimes need time to learn.,0.7327711901506783,HIGH,You actively seek out and adopt useful new technology tools.,-0.24619473945318787,MODERATE,You have a neutral-to-positive attitude toward AI activities.,-0.15230852129868597,MODERATE,You think current AI has reasonable but limited capability.
H_0642,-0.04006933782300441,MODERATE,You think AI tools can be somewhat useful for certain tasks.,0.08247028113703775,MODERATE,You find most apps usable but sometimes need time to learn.,0.3793722018028421,MODERATE,You sometimes try new technology when it seems relevant.,0.8838331187009341,HIGH,You feel enthusiastic and positive about AI-assisted activities.,1.2923696480184095,HIGH,You believe current AI is capable of complex information tasks.
H_0643,-1.9453172965804542,LOW,You are skeptical that AI tools genuinely improve task performance.,-1.6153784238185747,LOW,You find new technology interfaces difficult and frustrating.,-0.992851532136884,LOW,You rarely choose to adopt new digital tools in daily life.,-0.26214614091186356,MODERATE,You have a neutral-to-positive attitude toward AI activities.,0.7314469289320504,HIGH,You believe current AI is capable of complex information tasks.
H_0644,-1.0177456728924663,LOW,You are skeptical that AI tools genuinely improve task performance.,-0.828834211183875,LOW,You find new technology interfaces difficult and frustrating.,-2.558208096956737,LOW,You rarely choose to adopt new digital tools in daily life.,-1.6907202128971681,LOW,You feel somewhat uncomfortable or skeptical about AI activities.,-0.17455639178442717,MODERATE,You think current AI has reasonable but limited capability.
H_0645,0.39499646605996935,MODERATE,You think AI tools can be somewhat useful for certain tasks.,-0.2203359240777536,MODERATE,You find most apps usable but sometimes need time to learn.,1.410374704968772,HIGH,You actively seek out and adopt useful new technology tools.,1.5524687373872164,HIGH,You feel enthusiastic and positive about AI-assisted activities.,0.5493524094380516,HIGH,You believe current AI is capable of complex information tasks.
H_0646,0.270995962706119,MODERATE,You think AI tools can be somewhat useful for certain tasks.,-0.012784305042045557,MODERATE,You find most apps usable but sometimes need time to learn.,0.8766523678695524,HIGH,You actively seek out and adopt useful new technology tools.,0.9270283059927064,HIGH,You feel enthusiastic and positive about AI-assisted activities.,1.6671447931473147,HIGH,You believe current AI is capable of complex information tasks.
H_0647,-0.7876912996711488,LOW,You are skeptical that AI tools genuinely improve task performance.,1.6088003495357706,HIGH,You pick up new technology quickly and find it intuitive.,0.20603045149544455,MODERATE,You sometimes try new technology when it seems relevant.,-0.7045892065027162,LOW,You feel somewhat uncomfortable or skeptical about AI activities.,1.7294567701410688,HIGH,You believe current AI is capable of complex information tasks.
H_0648,-0.20865740741466277,MODERATE,You think AI tools can be somewhat useful for certain tasks.,0.6927847546609578,HIGH,You pick up new technology quickly and find it intuitive.,-0.4281463388421821,MODERATE,You sometimes try new technology when it seems relevant.,0.3561132561600858,MODERATE,You have a neutral-to-positive attitude toward AI activities.,-1.2254942359670886,LOW,You doubt that current AI handles complex real-world tasks well.
H_0649,-0.5216165129570597,LOW,You are skeptical that AI tools genuinely improve task performance.,1.1371928885269507,HIGH,You pick up new technology quickly and find it intuitive.,0.9737155098441374,HIGH,You actively seek out and adopt useful new technology tools.,0.48099993011201814,MODERATE,You have a neutral-to-positive attitude toward AI activities.,-2.4113707598246483,LOW,You doubt that current AI handles complex real-world tasks well.
H_0650,-0.7010372630249905,LOW,You are skeptical that AI tools genuinely improve task performance.,0.060232031237530965,MODERATE,You find most apps usable but sometimes need time to learn.,0.27324958774818264,MODERATE,You sometimes try new technology when it seems relevant.,-1.528510403629659,LOW,You feel somewhat uncomfortable or skeptical about AI activities.,-0.8687989005445367,LOW,You doubt that current AI handles complex real-world tasks well.
H_0651,-1.1335495002524372,LOW,You are skeptical that AI tools genuinely improve task performance.,-0.6976076315979994,LOW,You find new technology interfaces difficult and frustrating.,-0.1548446637118015,MODERATE,You sometimes try new technology when it seems relevant.,0.09698721124857956,MODERATE,You have a neutral-to-positive attitude toward AI activities.,-0.3020914469251223,MODERATE,You think current AI has reasonable but limited capability.
H_0652,-0.8324361386491234,LOW,You are skeptical that AI tools genuinely improve task performance.,0.6699656428821462,HIGH,You pick up new technology quickly and find it intuitive.,-1.026092085533659,LOW,You rarely choose to adopt new digital tools in daily life.,0.4424199068378931,MODERATE,You have a neutral-to-positive attitude toward AI activities.,0.4125624576735962,MODERATE,You think current AI has reasonable but limited capability.
H_0653,-0.48005024640510374,MODERATE,You think AI tools can be somewhat useful for certain tasks.,1.002700014525892,HIGH,You pick up new technology quickly and find it intuitive.,-0.08793694722400522,MODERATE,You sometimes try new technology when it seems relevant.,0.5545030764811969,HIGH,You feel enthusiastic and positive about AI-assisted activities.,-0.03304158926499922,MODERATE,You think current AI has reasonable but limited capability.
H_0654,-1.7087352813003007,LOW,You are skeptical that AI tools genuinely improve task performance.,-0.9252583693020416,LOW,You find new technology interfaces difficult and frustrating.,-2.1319132170159696,LOW,You rarely choose to adopt new digital tools in daily life.,-1.4588694585302215,LOW,You feel somewhat uncomfortable or skeptical about AI activities.,-0.6742012373354986,LOW,You doubt that current AI handles complex real-world tasks well.
H_0655,-0.2927406704285899,MODERATE,You think AI tools can be somewhat useful for certain tasks.,-0.2518721020415889,MODERATE,You find most apps usable but sometimes need time to learn.,0.5716289136026933,HIGH,You actively seek out and adopt useful new technology tools.,-0.20753587095771156,MODERATE,You have a neutral-to-positive attitude toward AI activities.,1.1489564243428168,HIGH,You believe current AI is capable of complex information tasks.
H_0656,-1.1240711728061539,LOW,You are skeptical that AI tools genuinely improve task performance.,-1.1027356759370763,LOW,You find new technology interfaces difficult and frustrating.,-0.7709935522040052,LOW,You rarely choose to adopt new digital tools in daily life.,-0.45096113094034,MODERATE,You have a neutral-to-positive attitude toward AI activities.,-1.6669530806812225,LOW,You doubt that current AI handles complex real-world tasks well.
H_0657,0.26519336415336414,MODERATE,You think AI tools can be somewhat useful for certain tasks.,2.3146240051601414,HIGH,You pick up new technology quickly and find it intuitive.,1.0064337035271176,HIGH,You actively seek out and adopt useful new technology tools.,-0.37231650872664784,MODERATE,You have a neutral-to-positive attitude toward AI activities.,0.10332269724394509,MODERATE,You think current AI has reasonable but limited capability.
H_0658,-0.8312018332257736,LOW,You are skeptical that AI tools genuinely improve task performance.,-0.9347703690435538,LOW,You find new technology interfaces difficult and frustrating.,-1.3021197264484263,LOW,You rarely choose to adopt new digital tools in daily life.,-1.559388607621999,LOW,You feel somewhat uncomfortable or skeptical about AI activities.,-0.8072092896109149,LOW,You doubt that current AI handles complex real-world tasks well.
H_0659,-1.420951570139056,LOW,You are skeptical that AI tools genuinely improve task performance.,-1.5510425164762913,LOW,You find new technology interfaces difficult and frustrating.,-1.1329683198743734,LOW,You rarely choose to adopt new digital tools in daily life.,-2.0322450605939437,LOW,You feel somewhat uncomfortable or skeptical about AI activities.,1.3903171684749558,HIGH,You believe current AI is capable of complex information tasks.
H_0660,1.6024290362396636,HIGH,You strongly believe AI tools improve efficiency and outcomes.,1.0049074131189255,HIGH,You pick up new technology quickly and find it intuitive.,0.5184768817621266,HIGH,You actively seek out and adopt useful new technology tools.,1.446827389373805,HIGH,You feel enthusiastic and positive about AI-assisted activities.,-1.0171708350041158,LOW,You doubt that current AI handles complex real-world tasks well.
H_0661,0.2985444515714792,MODERATE,You think AI tools can be somewhat useful for certain tasks.,-0.5195168936415299,LOW,You find new technology interfaces difficult and frustrating.,-1.2397832620164502,LOW,You rarely choose to adopt new digital tools in daily life.,-0.08890344303427317,MODERATE,You have a neutral-to-positive attitude toward AI activities.,0.3451193479088087,MODERATE,You think current AI has reasonable but limited capability.
H_0662,-1.9007157181551164,LOW,You are skeptical that AI tools genuinely improve task performance.,-0.685697702253709,LOW,You find new technology interfaces difficult and frustrating.,-0.18300416406464035,MODERATE,You sometimes try new technology when it seems relevant.,-0.32013593857917366,MODERATE,You have a neutral-to-positive attitude toward AI activities.,-0.7253415991403288,LOW,You doubt that current AI handles complex real-world tasks well.
H_0663,1.4923985775054935,HIGH,You strongly believe AI tools improve efficiency and outcomes.,-0.9186761558101407,LOW,You find new technology interfaces difficult and frustrating.,1.5233328487096083,HIGH,You actively seek out and adopt useful new technology tools.,1.1008930925269462,HIGH,You feel enthusiastic and positive about AI-assisted activities.,0.8812385493938304,HIGH,You believe current AI is capable of complex information tasks.
H_0664,-0.9936117522648447,LOW,You are skeptical that AI tools genuinely improve task performance.,0.5770148387148476,HIGH,You pick up new technology quickly and find it intuitive.,-1.3747272804167299,LOW,You rarely choose to adopt new digital tools in daily life.,0.8169984385682045,HIGH,You feel enthusiastic and positive about AI-assisted activities.,-0.48404829096133895,MODERATE,You think current AI has reasonable but limited capability.
H_0665,-0.28704566005031257,MODERATE,You think AI tools can be somewhat useful for certain tasks.,1.0730857572538366,HIGH,You pick up new technology quickly and find it intuitive.,-1.2950473632007062,LOW,You rarely choose to adopt new digital tools in daily life.,-0.09580467762497798,MODERATE,You have a neutral-to-positive attitude toward AI activities.,0.07234860109490106,MODERATE,You think current AI has reasonable but limited capability.
H_0666,0.2778924450056865,MODERATE,You think AI tools can be somewhat useful for certain tasks.,-0.12158568675538627,MODERATE,You find most apps usable but sometimes need time to learn.,-1.068496373540504,LOW,You rarely choose to adopt new digital tools in daily life.,-0.26471060586143286,MODERATE,You have a neutral-to-positive attitude toward AI activities.,-0.6342605198257195,LOW,You doubt that current AI handles complex real-world tasks well.
H_0667,-1.1770064964634548,LOW,You are skeptical that AI tools genuinely improve task performance.,-1.542016891017252,LOW,You find new technology interfaces difficult and frustrating.,-1.41741578240638,LOW,You rarely choose to adopt new digital tools in daily life.,0.007410268583018291,MODERATE,You have a neutral-to-positive attitude toward AI activities.,0.9904410772334172,HIGH,You believe current AI is capable of complex information tasks.
H_0668,0.7378013510812517,HIGH,You strongly believe AI tools improve efficiency and outcomes.,1.1689830703319999,HIGH,You pick up new technology quickly and find it intuitive.,-0.2408901078846998,MODERATE,You sometimes try new technology when it seems relevant.,1.6629866818463297,HIGH,You feel enthusiastic and positive about AI-assisted activities.,1.736451048388573,HIGH,You believe current AI is capable of complex information tasks.
H_0669,-1.2559066686728515,LOW,You are skeptical that AI tools genuinely improve task performance.,0.5362854438805853,HIGH,You pick up new technology quickly and find it intuitive.,-0.21358225202213368,MODERATE,You sometimes try new technology when it seems relevant.,-1.088140383744586,LOW,You feel somewhat uncomfortable or skeptical about AI activities.,-0.3427066714625677,MODERATE,You think current AI has reasonable but limited capability.
H_0670,-1.7712973704733377,LOW,You are skeptical that AI tools genuinely improve task performance.,-2.0701487042009408,LOW,You find new technology interfaces difficult and frustrating.,-0.7782970979082049,LOW,You rarely choose to adopt new digital tools in daily life.,-0.9834223239049306,LOW,You feel somewhat uncomfortable or skeptical about AI activities.,-0.2654016106895822,MODERATE,You think current AI has reasonable but limited capability.
H_0671,0.3564740994529321,MODERATE,You think AI tools can be somewhat useful for certain tasks.,0.10046646070759166,MODERATE,You find most apps usable but sometimes need time to learn.,0.636912732011131,HIGH,You actively seek out and adopt useful new technology tools.,0.12402265040213739,MODERATE,You have a neutral-to-positive attitude toward AI activities.,0.7287748808673392,HIGH,You believe current AI is capable of complex information tasks.
H_0672,-0.05211854498170142,MODERATE,You think AI tools can be somewhat useful for certain tasks.,1.7352393977617084,HIGH,You pick up new technology quickly and find it intuitive.,0.17153016268536245,MODERATE,You sometimes try new technology when it seems relevant.,-0.6842511293730197,LOW,You feel somewhat uncomfortable or skeptical about AI activities.,-0.43756197900556837,MODERATE,You think current AI has reasonable but limited capability.
H_0673,1.7686968975557233,HIGH,You strongly believe AI tools improve efficiency and outcomes.,1.9641341512400945,HIGH,You pick up new technology quickly and find it intuitive.,-0.13979745733151303,MODERATE,You sometimes try new technology when it seems relevant.,-0.46929212037621026,MODERATE,You have a neutral-to-positive attitude toward AI activities.,1.3084280339070846,HIGH,You believe current AI is capable of complex information tasks.
H_0674,-1.8254083195735564,LOW,You are skeptical that AI tools genuinely improve task performance.,-1.3159650591253669,LOW,You find new technology interfaces difficult and frustrating.,-1.6174119638024766,LOW,You rarely choose to adopt new digital tools in daily life.,-1.49615029977664,LOW,You feel somewhat uncomfortable or skeptical about AI activities.,-0.7329383936515739,LOW,You doubt that current AI handles complex real-world tasks well.
H_0675,-1.0664052403603372,LOW,You are skeptical that AI tools genuinely improve task performance.,-0.5010324928912573,LOW,You find new technology interfaces difficult and frustrating.,1.016629064655901,HIGH,You actively seek out and adopt useful new technology tools.,-0.4775049367135785,MODERATE,You have a neutral-to-positive attitude toward AI activities.,1.6300554296637528,HIGH,You believe current AI is capable of complex information tasks.
H_0676,0.5586648534339429,HIGH,You strongly believe AI tools improve efficiency and outcomes.,1.5108493717030378,HIGH,You pick up new technology quickly and find it intuitive.,0.8536602775750874,HIGH,You actively seek out and adopt useful new technology tools.,0.26529708608181085,MODERATE,You have a neutral-to-positive attitude toward AI activities.,0.6673516700592843,HIGH,You believe current AI is capable of complex information tasks.
H_0677,-2.3457062019024253,LOW,You are skeptical that AI tools genuinely improve task performance.,-1.5393628449658632,LOW,You find new technology interfaces difficult and frustrating.,-1.4213264899340374,LOW,You rarely choose to adopt new digital tools in daily life.,-0.6254385391888031,LOW,You feel somewhat uncomfortable or skeptical about AI activities.,-2.074861615240625,LOW,You doubt that current AI handles complex real-world tasks well.
H_0678,-0.07899768499167412,MODERATE,You think AI tools can be somewhat useful for certain tasks.,0.5487254908219678,HIGH,You pick up new technology quickly and find it intuitive.,0.23068951233909005,MODERATE,You sometimes try new technology when it seems relevant.,0.4713598812433467,MODERATE,You have a neutral-to-positive attitude toward AI activities.,1.0573991081105258,HIGH,You believe current AI is capable of complex information tasks.
H_0679,1.2765952199374355,HIGH,You strongly believe AI tools improve efficiency and outcomes.,1.1113780363488783,HIGH,You pick up new technology quickly and find it intuitive.,-0.015325805860759724,MODERATE,You sometimes try new technology when it seems relevant.,1.992066368002215,HIGH,You feel enthusiastic and positive about AI-assisted activities.,1.414530031377866,HIGH,You believe current AI is capable of complex information tasks.
H_0680,-0.2725607579915777,MODERATE,You think AI tools can be somewhat useful for certain tasks.,0.2527540228016561,MODERATE,You find most apps usable but sometimes need time to learn.,2.1917069701051406,HIGH,You actively seek out and adopt useful new technology tools.,1.7069881475825974,HIGH,You feel enthusiastic and positive about AI-assisted activities.,1.2013626199515863,HIGH,You believe current AI is capable of complex information tasks.
H_0681,-0.33658485085948425,MODERATE,You think AI tools can be somewhat useful for certain tasks.,-0.5471238571688914,LOW,You find new technology interfaces difficult and frustrating.,-0.31633745455964607,MODERATE,You sometimes try new technology when it seems relevant.,-0.002253417270692509,MODERATE,You have a neutral-to-positive attitude toward AI activities.,-0.6973966329791527,LOW,You doubt that current AI handles complex real-world tasks well.
H_0682,2.1529864990369734,HIGH,You strongly believe AI tools improve efficiency and outcomes.,1.4492492591205042,HIGH,You pick up new technology quickly and find it intuitive.,1.2626518594705503,HIGH,You actively seek out and adopt useful new technology tools.,3.1693277443012966,HIGH,You feel enthusiastic and positive about AI-assisted activities.,0.9621834220310731,HIGH,You believe current AI is capable of complex information tasks.
H_0683,0.9650669874275748,HIGH,You strongly believe AI tools improve efficiency and outcomes.,-1.0773899877615989,LOW,You find new technology interfaces difficult and frustrating.,0.9082041484618741,HIGH,You actively seek out and adopt useful new technology tools.,0.40589377974353136,MODERATE,You have a neutral-to-positive attitude toward AI activities.,1.1922888000133323,HIGH,You believe current AI is capable of complex information tasks.
H_0684,0.9011228372293619,HIGH,You strongly believe AI tools improve efficiency and outcomes.,-0.349976197000211,MODERATE,You find most apps usable but sometimes need time to learn.,0.4746349423482064,MODERATE,You sometimes try new technology when it seems relevant.,-0.12113398430781432,MODERATE,You have a neutral-to-positive attitude toward AI activities.,-0.5875395488809169,LOW,You doubt that current AI handles complex real-world tasks well.
H_0685,0.24321463199144155,MODERATE,You think AI tools can be somewhat useful for certain tasks.,0.23233603055028068,MODERATE,You find most apps usable but sometimes need time to learn.,1.3867855461434317,HIGH,You actively seek out and adopt useful new technology tools.,-0.2715476875103617,MODERATE,You have a neutral-to-positive attitude toward AI activities.,0.6984203246836953,HIGH,You believe current AI is capable of complex information tasks.
H_0686,-1.1743445221059625,LOW,You are skeptical that AI tools genuinely improve task performance.,-1.6677876601393224,LOW,You find new technology interfaces difficult and frustrating.,-0.7819963668514273,LOW,You rarely choose to adopt new digital tools in daily life.,0.131979518663004,MODERATE,You have a neutral-to-positive attitude toward AI activities.,-0.4607086051587712,MODERATE,You think current AI has reasonable but limited capability.
H_0687,-0.3337435749424308,MODERATE,You think AI tools can be somewhat useful for certain tasks.,-0.8783829182402826,LOW,You find new technology interfaces difficult and frustrating.,-0.7290938933876474,LOW,You rarely choose to adopt new digital tools in daily life.,1.1960082816358315,HIGH,You feel enthusiastic and positive about AI-assisted activities.,-1.2551726246422816,LOW,You doubt that current AI handles complex real-world tasks well.
H_0688,0.10331280012521078,MODERATE,You think AI tools can be somewhat useful for certain tasks.,0.020146579867437783,MODERATE,You find most apps usable but sometimes need time to learn.,-1.1196179902968857,LOW,You rarely choose to adopt new digital tools in daily life.,-0.885799149914731,LOW,You feel somewhat uncomfortable or skeptical about AI activities.,-1.4917073208444434,LOW,You doubt that current AI handles complex real-world tasks well.
H_0689,-1.0851933866731152,LOW,You are skeptical that AI tools genuinely improve task performance.,0.13316647549366792,MODERATE,You find most apps usable but sometimes need time to learn.,-0.3210582299624413,MODERATE,You sometimes try new technology when it seems relevant.,0.3822920069424824,MODERATE,You have a neutral-to-positive attitude toward AI activities.,0.5483534501227054,HIGH,You believe current AI is capable of complex information tasks.
H_0690,1.1775725609106056,HIGH,You strongly believe AI tools improve efficiency and outcomes.,1.2858509442755475,HIGH,You pick up new technology quickly and find it intuitive.,0.7388777144587698,HIGH,You actively seek out and adopt useful new technology tools.,0.43307586515607344,MODERATE,You have a neutral-to-positive attitude toward AI activities.,0.5361526762987586,HIGH,You believe current AI is capable of complex information tasks.
H_0691,0.7291096288484852,HIGH,You strongly believe AI tools improve efficiency and outcomes.,0.4903372391738295,MODERATE,You find most apps usable but sometimes need time to learn.,1.0304984121991831,HIGH,You actively seek out and adopt useful new technology tools.,-1.5281884613339967,LOW,You feel somewhat uncomfortable or skeptical about AI activities.,1.262527491169939,HIGH,You believe current AI is capable of complex information tasks.
H_0692,-1.6128880824315364,LOW,You are skeptical that AI tools genuinely improve task performance.,-1.1639494112950408,LOW,You find new technology interfaces difficult and frustrating.,-0.7021925303799652,LOW,You rarely choose to adopt new digital tools in daily life.,-1.9933579799467875,LOW,You feel somewhat uncomfortable or skeptical about AI activities.,-2.0918781321464537,LOW,You doubt that current AI handles complex real-world tasks well.
H_0693,-1.9401157136763652,LOW,You are skeptical that AI tools genuinely improve task performance.,-1.2234223139091223,LOW,You find new technology interfaces difficult and frustrating.,-0.40086161850244445,MODERATE,You sometimes try new technology when it seems relevant.,-0.5544800763036457,LOW,You feel somewhat uncomfortable or skeptical about AI activities.,-2.261492835644863,LOW,You doubt that current AI handles complex real-world tasks well.
H_0694,1.3336779005269666,HIGH,You strongly believe AI tools improve efficiency and outcomes.,0.7559152758895785,HIGH,You pick up new technology quickly and find it intuitive.,0.8930852571153819,HIGH,You actively seek out and adopt useful new technology tools.,0.7834428092237931,HIGH,You feel enthusiastic and positive about AI-assisted activities.,1.1162768291531777,HIGH,You believe current AI is capable of complex information tasks.
H_0695,0.7078608450967735,HIGH,You strongly believe AI tools improve efficiency and outcomes.,-0.14831952327582723,MODERATE,You find most apps usable but sometimes need time to learn.,0.1669192304506793,MODERATE,You sometimes try new technology when it seems relevant.,-0.4809220496318146,MODERATE,You have a neutral-to-positive attitude toward AI activities.,0.04061189020757135,MODERATE,You think current AI has reasonable but limited capability.
H_0696,0.4245239079595739,MODERATE,You think AI tools can be somewhat useful for certain tasks.,2.4573642144781536,HIGH,You pick up new technology quickly and find it intuitive.,0.4577578692560649,MODERATE,You sometimes try new technology when it seems relevant.,1.7288979620304028,HIGH,You feel enthusiastic and positive about AI-assisted activities.,-0.4392547289775571,MODERATE,You think current AI has reasonable but limited capability.
H_0697,0.25320710855755485,MODERATE,You think AI tools can be somewhat useful for certain tasks.,0.6994392617663412,HIGH,You pick up new technology quickly and find it intuitive.,-0.4240449811762583,MODERATE,You sometimes try new technology when it seems relevant.,-1.0091879698420185,LOW,You feel somewhat uncomfortable or skeptical about AI activities.,2.0190365981817027,HIGH,You believe current AI is capable of complex information tasks.
H_0698,0.9880948815051896,HIGH,You strongly believe AI tools improve efficiency and outcomes.,-0.3938941086169473,MODERATE,You find most apps usable but sometimes need time to learn.,1.6610950783508442,HIGH,You actively seek out and adopt useful new technology tools.,-0.03421138517968089,MODERATE,You have a neutral-to-positive attitude toward AI activities.,-0.6286056513293339,LOW,You doubt that current AI handles complex real-world tasks well.
H_0699,0.5533475818244741,HIGH,You strongly believe AI tools improve efficiency and outcomes.,-0.23035068977884673,MODERATE,You find most apps usable but sometimes need time to learn.,-0.043256315314741556,MODERATE,You sometimes try new technology when it seems relevant.,0.4639666184058723,MODERATE,You have a neutral-to-positive attitude toward AI activities.,0.401057325587912,MODERATE,You think current AI has reasonable but limited capability.
H_0700,-1.4243115067954408,LOW,You are skeptical that AI tools genuinely improve task performance.,-1.3547080194944243,LOW,You find new technology interfaces difficult and frustrating.,-1.0367344034384762,LOW,You rarely choose to adopt new digital tools in daily life.,-1.5327539444412117,LOW,You feel somewhat uncomfortable or skeptical about AI activities.,-1.7997074053952133,LOW,You doubt that current AI handles complex real-world tasks well.
H_0701,-0.9874701686318882,LOW,You are skeptical that AI tools genuinely improve task performance.,-0.7447626045815768,LOW,You find new technology interfaces difficult and frustrating.,-0.8915443513419196,LOW,You rarely choose to adopt new digital tools in daily life.,-1.3183677460823104,LOW,You feel somewhat uncomfortable or skeptical about AI activities.,-0.22716805789781655,MODERATE,You think current AI has reasonable but limited capability.
H_0702,0.8202804903183935,HIGH,You strongly believe AI tools improve efficiency and outcomes.,1.0401121237182982,HIGH,You pick up new technology quickly and find it intuitive.,1.4735156073510545,HIGH,You actively seek out and adopt useful new technology tools.,0.9679165883235155,HIGH,You feel enthusiastic and positive about AI-assisted activities.,0.6858509831295668,HIGH,You believe current AI is capable of complex information tasks.
H_0703,-0.02522396633299419,MODERATE,You think AI tools can be somewhat useful for certain tasks.,-2.300090393801251,LOW,You find new technology interfaces difficult and frustrating.,-1.373861633339904,LOW,You rarely choose to adopt new digital tools in daily life.,-0.9260112959465069,LOW,You feel somewhat uncomfortable or skeptical about AI activities.,0.12259142427833966,MODERATE,You think current AI has reasonable but limited capability.
H_0704,-1.1475467804009445,LOW,You are skeptical that AI tools genuinely improve task performance.,-0.2564262244142344,MODERATE,You find most apps usable but sometimes need time to learn.,0.6478014686780017,HIGH,You actively seek out and adopt useful new technology tools.,-1.3739218863592713,LOW,You feel somewhat uncomfortable or skeptical about AI activities.,0.6794212670219484,HIGH,You believe current AI is capable of complex information tasks.
H_0705,-1.3806390893664708,LOW,You are skeptical that AI tools genuinely improve task performance.,0.8880017878074622,HIGH,You pick up new technology quickly and find it intuitive.,-1.003260075042363,LOW,You rarely choose to adopt new digital tools in daily life.,-1.2251025060796656,LOW,You feel somewhat uncomfortable or skeptical about AI activities.,1.4564447672484,HIGH,You believe current AI is capable of complex information tasks.
H_0706,1.9666004213144366,HIGH,You strongly believe AI tools improve efficiency and outcomes.,-0.9894416932495067,LOW,You find new technology interfaces difficult and frustrating.,1.4148433399677898,HIGH,You actively seek out and adopt useful new technology tools.,0.4405311310242587,MODERATE,You have a neutral-to-positive attitude toward AI activities.,1.2792444883061138,HIGH,You believe current AI is capable of complex information tasks.
H_0707,-0.45048285484701933,MODERATE,You think AI tools can be somewhat useful for certain tasks.,-1.3728748668867434,LOW,You find new technology interfaces difficult and frustrating.,-1.5934606347591602,LOW,You rarely choose to adopt new digital tools in daily life.,0.10422404562829841,MODERATE,You have a neutral-to-positive attitude toward AI activities.,-2.5641656255035596,LOW,You doubt that current AI handles complex real-world tasks well.
H_0708,-1.2084189631655038,LOW,You are skeptical that AI tools genuinely improve task performance.,-0.5492512820215608,LOW,You find new technology interfaces difficult and frustrating.,-1.0724232936695623,LOW,You rarely choose to adopt new digital tools in daily life.,-1.3309316797920234,LOW,You feel somewhat uncomfortable or skeptical about AI activities.,-1.6981861777919065,LOW,You doubt that current AI handles complex real-world tasks well.
H_0709,0.3565730011933323,MODERATE,You think AI tools can be somewhat useful for certain tasks.,-1.2112101196029472,LOW,You find new technology interfaces difficult and frustrating.,-0.29220627312147224,MODERATE,You sometimes try new technology when it seems relevant.,0.7824852392727569,HIGH,You feel enthusiastic and positive about AI-assisted activities.,-1.216988489750912,LOW,You doubt that current AI handles complex real-world tasks well.
H_0710,0.37131137181213075,MODERATE,You think AI tools can be somewhat useful for certain tasks.,-1.5225402994521213,LOW,You find new technology interfaces difficult and frustrating.,0.17949110028696355,MODERATE,You sometimes try new technology when it seems relevant.,0.009192055005851173,MODERATE,You have a neutral-to-positive attitude toward AI activities.,-0.4151049711435763,MODERATE,You think current AI has reasonable but limited capability.
H_0711,-1.0869410576815466,LOW,You are skeptical that AI tools genuinely improve task performance.,0.758779306186254,HIGH,You pick up new technology quickly and find it intuitive.,1.157994993836718,HIGH,You actively seek out and adopt useful new technology tools.,-0.3915839908112167,MODERATE,You have a neutral-to-positive attitude toward AI activities.,1.966524329281915,HIGH,You believe current AI is capable of complex information tasks.
H_0712,0.11611013876624293,MODERATE,You think AI tools can be somewhat useful for certain tasks.,-0.10923452097204185,MODERATE,You find most apps usable but sometimes need time to learn.,0.8484800412950658,HIGH,You actively seek out and adopt useful new technology tools.,-0.4563883850526977,MODERATE,You have a neutral-to-positive attitude toward AI activities.,-0.35122343894051045,MODERATE,You think current AI has reasonable but limited capability.
H_0713,-0.8457458207613138,LOW,You are skeptical that AI tools genuinely improve task performance.,1.6719787506829074,HIGH,You pick up new technology quickly and find it intuitive.,-1.1776973446969767,LOW,You rarely choose to adopt new digital tools in daily life.,-0.12478850692226746,MODERATE,You have a neutral-to-positive attitude toward AI activities.,-0.11369073204177207,MODERATE,You think current AI has reasonable but limited capability.
H_0714,-0.21782525231119015,MODERATE,You think AI tools can be somewhat useful for certain tasks.,-0.8033366065725358,LOW,You find new technology interfaces difficult and frustrating.,-0.05405562537983825,MODERATE,You sometimes try new technology when it seems relevant.,0.7221998101298335,HIGH,You feel enthusiastic and positive about AI-assisted activities.,0.07845624959093446,MODERATE,You think current AI has reasonable but limited capability.
H_0715,0.15289482818843136,MODERATE,You think AI tools can be somewhat useful for certain tasks.,-0.07477734285904418,MODERATE,You find most apps usable but sometimes need time to learn.,1.397380689358729,HIGH,You actively seek out and adopt useful new technology tools.,0.02923149864376826,MODERATE,You have a neutral-to-positive attitude toward AI activities.,-0.5831676883310518,LOW,You doubt that current AI handles complex real-world tasks well.
H_0716,0.2713396151514349,MODERATE,You think AI tools can be somewhat useful for certain tasks.,0.21172153630923202,MODERATE,You find most apps usable but sometimes need time to learn.,-0.36985496608445584,MODERATE,You sometimes try new technology when it seems relevant.,-1.2375075750813673,LOW,You feel somewhat uncomfortable or skeptical about AI activities.,0.20799844028364592,MODERATE,You think current AI has reasonable but limited capability.
H_0717,-1.0225330762219742,LOW,You are skeptical that AI tools genuinely improve task performance.,-3.137006757833588,LOW,You find new technology interfaces difficult and frustrating.,-0.9021762970628048,LOW,You rarely choose to adopt new digital tools in daily life.,-1.1256876954633497,LOW,You feel somewhat uncomfortable or skeptical about AI activities.,-1.8919189920061645,LOW,You doubt that current AI handles complex real-world tasks well.
H_0718,0.32596267987648014,MODERATE,You think AI tools can be somewhat useful for certain tasks.,1.8219233347484163,HIGH,You pick up new technology quickly and find it intuitive.,0.899608215971878,HIGH,You actively seek out and adopt useful new technology tools.,0.6744513105528903,HIGH,You feel enthusiastic and positive about AI-assisted activities.,1.2181828082371169,HIGH,You believe current AI is capable of complex information tasks.
H_0719,-0.062499929887272765,MODERATE,You think AI tools can be somewhat useful for certain tasks.,-2.7202238611993934,LOW,You find new technology interfaces difficult and frustrating.,-0.8634860844394074,LOW,You rarely choose to adopt new digital tools in daily life.,0.1447615464625564,MODERATE,You have a neutral-to-positive attitude toward AI activities.,-0.7042336250893388,LOW,You doubt that current AI handles complex real-world tasks well.
H_0720,-1.1727197319374687,LOW,You are skeptical that AI tools genuinely improve task performance.,-1.3330827226180952,LOW,You find new technology interfaces difficult and frustrating.,-0.8400754327156645,LOW,You rarely choose to adopt new digital tools in daily life.,-1.0005416166129486,LOW,You feel somewhat uncomfortable or skeptical about AI activities.,0.33172484955117804,MODERATE,You think current AI has reasonable but limited capability.
H_0721,0.5670417884856684,HIGH,You strongly believe AI tools improve efficiency and outcomes.,-0.8713437061859837,LOW,You find new technology interfaces difficult and frustrating.,0.48362223148139777,MODERATE,You sometimes try new technology when it seems relevant.,1.2647086301654642,HIGH,You feel enthusiastic and positive about AI-assisted activities.,1.5563029772625723,HIGH,You believe current AI is capable of complex information tasks.
H_0722,1.3883144575306585,HIGH,You strongly believe AI tools improve efficiency and outcomes.,-0.4174648532042085,MODERATE,You find most apps usable but sometimes need time to learn.,0.4817874434383803,MODERATE,You sometimes try new technology when it seems relevant.,0.19735250173771782,MODERATE,You have a neutral-to-positive attitude toward AI activities.,1.2130549566553608,HIGH,You believe current AI is capable of complex information tasks.
H_0723,-0.26169763776601035,MODERATE,You think AI tools can be somewhat useful for certain tasks.,0.15139026600329386,MODERATE,You find most apps usable but sometimes need time to learn.,-0.2552551017486546,MODERATE,You sometimes try new technology when it seems relevant.,0.38056264600770007,MODERATE,You have a neutral-to-positive attitude toward AI activities.,-0.14195303183380223,MODERATE,You think current AI has reasonable but limited capability.
H_0724,-1.319450092725372,LOW,You are skeptical that AI tools genuinely improve task performance.,-0.003348371149306387,MODERATE,You find most apps usable but sometimes need time to learn.,-1.1692810562347302,LOW,You rarely choose to adopt new digital tools in daily life.,-0.22827529812225505,MODERATE,You have a neutral-to-positive attitude toward AI activities.,0.276948066243304,MODERATE,You think current AI has reasonable but limited capability.
H_0725,1.129986258441787,HIGH,You strongly believe AI tools improve efficiency and outcomes.,2.2601055561703673,HIGH,You pick up new technology quickly and find it intuitive.,-0.11743826120736785,MODERATE,You sometimes try new technology when it seems relevant.,1.7278220430440718,HIGH,You feel enthusiastic and positive about AI-assisted activities.,-0.05846967680267305,MODERATE,You think current AI has reasonable but limited capability.
H_0726,1.6416606666012337,HIGH,You strongly believe AI tools improve efficiency and outcomes.,-0.11106137323649401,MODERATE,You find most apps usable but sometimes need time to learn.,0.5642184642841224,HIGH,You actively seek out and adopt useful new technology tools.,0.10113700889893563,MODERATE,You have a neutral-to-positive attitude toward AI activities.,1.2494056152489867,HIGH,You believe current AI is capable of complex information tasks.
H_0727,-0.9302435659477348,LOW,You are skeptical that AI tools genuinely improve task performance.,-0.04751759528294243,MODERATE,You find most apps usable but sometimes need time to learn.,-0.7951593077627837,LOW,You rarely choose to adopt new digital tools in daily life.,-0.3358669700710777,MODERATE,You have a neutral-to-positive attitude toward AI activities.,0.09265257615290973,MODERATE,You think current AI has reasonable but limited capability.
H_0728,-0.16570501115724015,MODERATE,You think AI tools can be somewhat useful for certain tasks.,-0.44826518501762325,MODERATE,You find most apps usable but sometimes need time to learn.,-0.4689072085419616,MODERATE,You sometimes try new technology when it seems relevant.,-0.014436133728376968,MODERATE,You have a neutral-to-positive attitude toward AI activities.,0.14363764471640447,MODERATE,You think current AI has reasonable but limited capability.
H_0729,0.4601158691269842,MODERATE,You think AI tools can be somewhat useful for certain tasks.,1.069581404765181,HIGH,You pick up new technology quickly and find it intuitive.,0.4223675020819304,MODERATE,You sometimes try new technology when it seems relevant.,-0.26455602846139875,MODERATE,You have a neutral-to-positive attitude toward AI activities.,0.20376059014959144,MODERATE,You think current AI has reasonable but limited capability.
H_0730,0.4328216006552276,MODERATE,You think AI tools can be somewhat useful for certain tasks.,0.7273982218908143,HIGH,You pick up new technology quickly and find it intuitive.,1.3257822173788476,HIGH,You actively seek out and adopt useful new technology tools.,0.903731972866845,HIGH,You feel enthusiastic and positive about AI-assisted activities.,0.6778915984081043,HIGH,You believe current AI is capable of complex information tasks.
H_0731,0.15613750231689508,MODERATE,You think AI tools can be somewhat useful for certain tasks.,-0.7958404624495513,LOW,You find new technology interfaces difficult and frustrating.,-0.2121134215504576,MODERATE,You sometimes try new technology when it seems relevant.,-0.16148037134275894,MODERATE,You have a neutral-to-positive attitude toward AI activities.,-0.635097157950776,LOW,You doubt that current AI handles complex real-world tasks well.
H_0732,-0.3397455060212303,MODERATE,You think AI tools can be somewhat useful for certain tasks.,1.219085663938163,HIGH,You pick up new technology quickly and find it intuitive.,-1.7032756591352443,LOW,You rarely choose to adopt new digital tools in daily life.,0.432105941263073,MODERATE,You have a neutral-to-positive attitude toward AI activities.,-0.9141877459967035,LOW,You doubt that current AI handles complex real-world tasks well.
H_0733,0.06293761350050225,MODERATE,You think AI tools can be somewhat useful for certain tasks.,0.06433268171546072,MODERATE,You find most apps usable but sometimes need time to learn.,-0.3854489736526524,MODERATE,You sometimes try new technology when it seems relevant.,0.822896185503709,HIGH,You feel enthusiastic and positive about AI-assisted activities.,0.8248792175764217,HIGH,You believe current AI is capable of complex information tasks.
H_0734,1.0852374969686789,HIGH,You strongly believe AI tools improve efficiency and outcomes.,0.32059744193328815,MODERATE,You find most apps usable but sometimes need time to learn.,1.1935600955378751,HIGH,You actively seek out and adopt useful new technology tools.,1.4349231809717777,HIGH,You feel enthusiastic and positive about AI-assisted activities.,0.374471067506855,MODERATE,You think current AI has reasonable but limited capability.
H_0735,-1.2562737164530515,LOW,You are skeptical that AI tools genuinely improve task performance.,0.20735508208239178,MODERATE,You find most apps usable but sometimes need time to learn.,-0.5288856995478086,LOW,You rarely choose to adopt new digital tools in daily life.,-0.7052423553006206,LOW,You feel somewhat uncomfortable or skeptical about AI activities.,-1.4817076478341624,LOW,You doubt that current AI handles complex real-world tasks well.
H_0736,-0.7585733988092428,LOW,You are skeptical that AI tools genuinely improve task performance.,0.2764924209285472,MODERATE,You find most apps usable but sometimes need time to learn.,0.19723584384974144,MODERATE,You sometimes try new technology when it seems relevant.,0.09701294995629611,MODERATE,You have a neutral-to-positive attitude toward AI activities.,0.009462003791770954,MODERATE,You think current AI has reasonable but limited capability.
H_0737,0.14883597628480116,MODERATE,You think AI tools can be somewhat useful for certain tasks.,0.8682361952508808,HIGH,You pick up new technology quickly and find it intuitive.,0.7008601130845525,HIGH,You actively seek out and adopt useful new technology tools.,1.3303192544794233,HIGH,You feel enthusiastic and positive about AI-assisted activities.,1.1407879761635613,HIGH,You believe current AI is capable of complex information tasks.
H_0738,-0.03213914640090042,MODERATE,You think AI tools can be somewhat useful for certain tasks.,0.4060258414357422,MODERATE,You find most apps usable but sometimes need time to learn.,1.9629987189824747,HIGH,You actively seek out and adopt useful new technology tools.,1.4957960389098346,HIGH,You feel enthusiastic and positive about AI-assisted activities.,-1.0381404850394946,LOW,You doubt that current AI handles complex real-world tasks well.
H_0739,-1.0920952017566394,LOW,You are skeptical that AI tools genuinely improve task performance.,-1.124875650995574,LOW,You find new technology interfaces difficult and frustrating.,0.019958224363284725,MODERATE,You sometimes try new technology when it seems relevant.,0.6562667263663912,HIGH,You feel enthusiastic and positive about AI-assisted activities.,-0.5176869525807893,LOW,You doubt that current AI handles complex real-world tasks well.
H_0740,-0.3213864576778813,MODERATE,You think AI tools can be somewhat useful for certain tasks.,0.202124044195147,MODERATE,You find most apps usable but sometimes need time to learn.,0.3685847619921843,MODERATE,You sometimes try new technology when it seems relevant.,0.22040515204893874,MODERATE,You have a neutral-to-positive attitude toward AI activities.,0.8265321700035624,HIGH,You believe current AI is capable of complex information tasks.
H_0741,-0.29651852734074424,MODERATE,You think AI tools can be somewhat useful for certain tasks.,-0.33546062661305526,MODERATE,You find most apps usable but sometimes need time to learn.,-0.5562709999385089,LOW,You rarely choose to adopt new digital tools in daily life.,-0.867536897552576,LOW,You feel somewhat uncomfortable or skeptical about AI activities.,-2.057665229893379,LOW,You doubt that current AI handles complex real-world tasks well.
H_0742,-0.5570460927921166,LOW,You are skeptical that AI tools genuinely improve task performance.,-1.0481764001537295,LOW,You find new technology interfaces difficult and frustrating.,-0.05438467721735196,MODERATE,You sometimes try new technology when it seems relevant.,-0.010883849945737541,MODERATE,You have a neutral-to-positive attitude toward AI activities.,0.6159669270172432,HIGH,You believe current AI is capable of complex information tasks.
H_0743,2.372863184287017,HIGH,You strongly believe AI tools improve efficiency and outcomes.,0.44941413774228195,MODERATE,You find most apps usable but sometimes need time to learn.,-0.19822726372352134,MODERATE,You sometimes try new technology when it seems relevant.,0.9849294589799907,HIGH,You feel enthusiastic and positive about AI-assisted activities.,1.6015705186814584,HIGH,You believe current AI is capable of complex information tasks.
H_0744,0.2198255167642795,MODERATE,You think AI tools can be somewhat useful for certain tasks.,-1.8544759797835515,LOW,You find new technology interfaces difficult and frustrating.,1.9185091671729424,HIGH,You actively seek out and adopt useful new technology tools.,1.3206113075041983,HIGH,You feel enthusiastic and positive about AI-assisted activities.,-1.624249288093463,LOW,You doubt that current AI handles complex real-world tasks well.
H_0745,0.3587698754985721,MODERATE,You think AI tools can be somewhat useful for certain tasks.,0.04046274182874834,MODERATE,You find most apps usable but sometimes need time to learn.,-0.5427838996525417,LOW,You rarely choose to adopt new digital tools in daily life.,-1.2993216013677076,LOW,You feel somewhat uncomfortable or skeptical about AI activities.,-2.4856145174169963,LOW,You doubt that current AI handles complex real-world tasks well.
H_0746,0.24266475120599343,MODERATE,You think AI tools can be somewhat useful for certain tasks.,-1.3603521519813246,LOW,You find new technology interfaces difficult and frustrating.,0.794727036416643,HIGH,You actively seek out and adopt useful new technology tools.,-1.4836534183478376,LOW,You feel somewhat uncomfortable or skeptical about AI activities.,-0.43819843179832907,MODERATE,You think current AI has reasonable but limited capability.
H_0747,-0.7304508995065259,LOW,You are skeptical that AI tools genuinely improve task performance.,0.9464576092464032,HIGH,You pick up new technology quickly and find it intuitive.,-1.7604170415477938,LOW,You rarely choose to adopt new digital tools in daily life.,-0.8648164764293804,LOW,You feel somewhat uncomfortable or skeptical about AI activities.,-0.517964629311271,LOW,You doubt that current AI handles complex real-world tasks well.
H_0748,0.32973448482206047,MODERATE,You think AI tools can be somewhat useful for certain tasks.,0.2008369449728817,MODERATE,You find most apps usable but sometimes need time to learn.,0.40172770687406223,MODERATE,You sometimes try new technology when it seems relevant.,-0.7893705081417582,LOW,You feel somewhat uncomfortable or skeptical about AI activities.,0.3923221039715554,MODERATE,You think current AI has reasonable but limited capability.
H_0749,0.4847473199071875,MODERATE,You think AI tools can be somewhat useful for certain tasks.,0.25991947204235155,MODERATE,You find most apps usable but sometimes need time to learn.,1.283466032406527,HIGH,You actively seek out and adopt useful new technology tools.,0.2896763936688315,MODERATE,You have a neutral-to-positive attitude toward AI activities.,0.2285017780949029,MODERATE,You think current AI has reasonable but limited capability.
H_0750,-0.7355357346683035,LOW,You are skeptical that AI tools genuinely improve task performance.,0.486512541880449,MODERATE,You find most apps usable but sometimes need time to learn.,0.2575353142091126,MODERATE,You sometimes try new technology when it seems relevant.,-0.8598905516219524,LOW,You feel somewhat uncomfortable or skeptical about AI activities.,1.993308760789834,HIGH,You believe current AI is capable of complex information tasks.
H_0751,0.707533712485693,HIGH,You strongly believe AI tools improve efficiency and outcomes.,-0.597346593120766,LOW,You find new technology interfaces difficult and frustrating.,1.0828445414988184,HIGH,You actively seek out and adopt useful new technology tools.,0.3697038143619281,MODERATE,You have a neutral-to-positive attitude toward AI activities.,0.4559673531859076,MODERATE,You think current AI has reasonable but limited capability.
H_0752,1.3483899728301043,HIGH,You strongly believe AI tools improve efficiency and outcomes.,-0.09921555735665745,MODERATE,You find most apps usable but sometimes need time to learn.,2.066811153252016,HIGH,You actively seek out and adopt useful new technology tools.,2.016898746721078,HIGH,You feel enthusiastic and positive about AI-assisted activities.,1.7428693679463496,HIGH,You believe current AI is capable of complex information tasks.
H_0753,-0.7220492754732356,LOW,You are skeptical that AI tools genuinely improve task performance.,0.5139775170673241,HIGH,You pick up new technology quickly and find it intuitive.,-0.3834872059624149,MODERATE,You sometimes try new technology when it seems relevant.,-0.16189498890670534,MODERATE,You have a neutral-to-positive attitude toward AI activities.,-0.3296422053208217,MODERATE,You think current AI has reasonable but limited capability.
H_0754,-0.4675198683307234,MODERATE,You think AI tools can be somewhat useful for certain tasks.,-0.7203853281575244,LOW,You find new technology interfaces difficult and frustrating.,0.28515860945151755,MODERATE,You sometimes try new technology when it seems relevant.,-0.1608000545192509,MODERATE,You have a neutral-to-positive attitude toward AI activities.,1.1697684126287193,HIGH,You believe current AI is capable of complex information tasks.
H_0755,-0.3165691398320842,MODERATE,You think AI tools can be somewhat useful for certain tasks.,-0.1638181713731409,MODERATE,You find most apps usable but sometimes need time to learn.,-0.4949873000634569,MODERATE,You sometimes try new technology when it seems relevant.,-2.085126362608272,LOW,You feel somewhat uncomfortable or skeptical about AI activities.,-0.4691113286450096,MODERATE,You think current AI has reasonable but limited capability.
H_0756,0.8611254010128947,HIGH,You strongly believe AI tools improve efficiency and outcomes.,0.3361696260466406,MODERATE,You find most apps usable but sometimes need time to learn.,-1.6970450986485721,LOW,You rarely choose to adopt new digital tools in daily life.,-1.4830820664358022,LOW,You feel somewhat uncomfortable or skeptical about AI activities.,0.4460099884858086,MODERATE,You think current AI has reasonable but limited capability.
H_0757,0.8415748070216793,HIGH,You strongly believe AI tools improve efficiency and outcomes.,0.6430582798846594,HIGH,You pick up new technology quickly and find it intuitive.,-0.6794626506741165,LOW,You rarely choose to adopt new digital tools in daily life.,-0.14494048064994858,MODERATE,You have a neutral-to-positive attitude toward AI activities.,-0.12908798138194422,MODERATE,You think current AI has reasonable but limited capability.
H_0758,0.35741893778905043,MODERATE,You think AI tools can be somewhat useful for certain tasks.,0.9730665583450727,HIGH,You pick up new technology quickly and find it intuitive.,-0.20912800723662392,MODERATE,You sometimes try new technology when it seems relevant.,1.0179022026222682,HIGH,You feel enthusiastic and positive about AI-assisted activities.,-0.18648739102715942,MODERATE,You think current AI has reasonable but limited capability.
H_0759,-0.3453374262523285,MODERATE,You think AI tools can be somewhat useful for certain tasks.,-0.5849375912766912,LOW,You find new technology interfaces difficult and frustrating.,-0.5888759816265372,LOW,You rarely choose to adopt new digital tools in daily life.,-0.5512562905747468,LOW,You feel somewhat uncomfortable or skeptical about AI activities.,-0.02086044647290305,MODERATE,You think current AI has reasonable but limited capability.
H_0760,0.8522401838169347,HIGH,You strongly believe AI tools improve efficiency and outcomes.,-0.07845187693033916,MODERATE,You find most apps usable but sometimes need time to learn.,0.49299681916776145,MODERATE,You sometimes try new technology when it seems relevant.,-0.4237385147220507,MODERATE,You have a neutral-to-positive attitude toward AI activities.,0.314745330179054,MODERATE,You think current AI has reasonable but limited capability.
H_0761,1.041778465003564,HIGH,You strongly believe AI tools improve efficiency and outcomes.,1.9889729189168062,HIGH,You pick up new technology quickly and find it intuitive.,0.5702029257963742,HIGH,You actively seek out and adopt useful new technology tools.,0.024521266354694232,MODERATE,You have a neutral-to-positive attitude toward AI activities.,1.7450169333718142,HIGH,You believe current AI is capable of complex information tasks.
H_0762,-0.7413279392614593,LOW,You are skeptical that AI tools genuinely improve task performance.,1.1608915080420594,HIGH,You pick up new technology quickly and find it intuitive.,-1.0699581290911222,LOW,You rarely choose to adopt new digital tools in daily life.,-0.26850373229574453,MODERATE,You have a neutral-to-positive attitude toward AI activities.,-0.8556129539851354,LOW,You doubt that current AI handles complex real-world tasks well.
H_0763,0.7930167050357949,HIGH,You strongly believe AI tools improve efficiency and outcomes.,1.2907439122368185,HIGH,You pick up new technology quickly and find it intuitive.,1.2841053596268113,HIGH,You actively seek out and adopt useful new technology tools.,0.10146421760449553,MODERATE,You have a neutral-to-positive attitude toward AI activities.,0.15219086659081602,MODERATE,You think current AI has reasonable but limited capability.
H_0764,1.68695215279327,HIGH,You strongly believe AI tools improve efficiency and outcomes.,1.2766670166447567,HIGH,You pick up new technology quickly and find it intuitive.,1.6232971797460427,HIGH,You actively seek out and adopt useful new technology tools.,0.6260359306120148,HIGH,You feel enthusiastic and positive about AI-assisted activities.,1.366031927077505,HIGH,You believe current AI is capable of complex information tasks.
H_0765,0.22738608158656035,MODERATE,You think AI tools can be somewhat useful for certain tasks.,0.3274302788149502,MODERATE,You find most apps usable but sometimes need time to learn.,0.723073609815785,HIGH,You actively seek out and adopt useful new technology tools.,0.07038986084280288,MODERATE,You have a neutral-to-positive attitude toward AI activities.,0.09846702556341877,MODERATE,You think current AI has reasonable but limited capability.
H_0766,-1.6890840411951182,LOW,You are skeptical that AI tools genuinely improve task performance.,-0.8220196109614453,LOW,You find new technology interfaces difficult and frustrating.,-1.2119608828442583,LOW,You rarely choose to adopt new digital tools in daily life.,-0.6744497592739537,LOW,You feel somewhat uncomfortable or skeptical about AI activities.,0.38157471675437615,MODERATE,You think current AI has reasonable but limited capability.
H_0767,0.9719496582948104,HIGH,You strongly believe AI tools improve efficiency and outcomes.,-0.7990854985769396,LOW,You find new technology interfaces difficult and frustrating.,0.3533597538679614,MODERATE,You sometimes try new technology when it seems relevant.,-0.49999621279200057,MODERATE,You have a neutral-to-positive attitude toward AI activities.,0.6771846221046669,HIGH,You believe current AI is capable of complex information tasks.
H_0768,0.9090760578754951,HIGH,You strongly believe AI tools improve efficiency and outcomes.,-0.28493061977575185,MODERATE,You find most apps usable but sometimes need time to learn.,0.8196819662060817,HIGH,You actively seek out and adopt useful new technology tools.,0.3776155569099043,MODERATE,You have a neutral-to-positive attitude toward AI activities.,-0.6455038608742534,LOW,You doubt that current AI handles complex real-world tasks well.
H_0769,1.2418741317484603,HIGH,You strongly believe AI tools improve efficiency and outcomes.,-0.5243804950660033,LOW,You find new technology interfaces difficult and frustrating.,-0.5417196445829454,LOW,You rarely choose to adopt new digital tools in daily life.,1.0625215785474749,HIGH,You feel enthusiastic and positive about AI-assisted activities.,0.9096327495623397,HIGH,You believe current AI is capable of complex information tasks.
H_0770,-0.5225706150055579,LOW,You are skeptical that AI tools genuinely improve task performance.,-0.3082096382352936,MODERATE,You find most apps usable but sometimes need time to learn.,0.286152508878604,MODERATE,You sometimes try new technology when it seems relevant.,-1.2083695658519227,LOW,You feel somewhat uncomfortable or skeptical about AI activities.,-1.3681925518929752,LOW,You doubt that current AI handles complex real-world tasks well.
H_0771,1.04768090593147,HIGH,You strongly believe AI tools improve efficiency and outcomes.,-0.8146356454165621,LOW,You find new technology interfaces difficult and frustrating.,0.8433086722923249,HIGH,You actively seek out and adopt useful new technology tools.,0.42025826666676536,MODERATE,You have a neutral-to-positive attitude toward AI activities.,0.21297387414311306,MODERATE,You think current AI has reasonable but limited capability.
H_0772,0.5053354155520766,HIGH,You strongly believe AI tools improve efficiency and outcomes.,-0.33038925084393095,MODERATE,You find most apps usable but sometimes need time to learn.,-0.3322417006806508,MODERATE,You sometimes try new technology when it seems relevant.,-0.3399477914858144,MODERATE,You have a neutral-to-positive attitude toward AI activities.,1.1916979733322821,HIGH,You believe current AI is capable of complex information tasks.
H_0773,0.47993455233450444,MODERATE,You think AI tools can be somewhat useful for certain tasks.,0.34486999428274984,MODERATE,You find most apps usable but sometimes need time to learn.,0.15956240091964158,MODERATE,You sometimes try new technology when it seems relevant.,-0.06943762137292472,MODERATE,You have a neutral-to-positive attitude toward AI activities.,0.8428099479384625,HIGH,You believe current AI is capable of complex information tasks.
H_0774,0.43970839233788805,MODERATE,You think AI tools can be somewhat useful for certain tasks.,-0.7215906574939652,LOW,You find new technology interfaces difficult and frustrating.,0.6492887957243437,HIGH,You actively seek out and adopt useful new technology tools.,1.5045372388461364,HIGH,You feel enthusiastic and positive about AI-assisted activities.,0.6400113034739818,HIGH,You believe current AI is capable of complex information tasks.
H_0775,2.043825659119523,HIGH,You strongly believe AI tools improve efficiency and outcomes.,1.4434902196857335,HIGH,You pick up new technology quickly and find it intuitive.,0.9013050900056946,HIGH,You actively seek out and adopt useful new technology tools.,0.28624527262865895,MODERATE,You have a neutral-to-positive attitude toward AI activities.,0.2993583833671944,MODERATE,You think current AI has reasonable but limited capability.
H_0776,-0.034998695424502624,MODERATE,You think AI tools can be somewhat useful for certain tasks.,-1.3330379087904651,LOW,You find new technology interfaces difficult and frustrating.,-0.6782758632520488,LOW,You rarely choose to adopt new digital tools in daily life.,-1.0119107361136352,LOW,You feel somewhat uncomfortable or skeptical about AI activities.,-1.5303479013802865,LOW,You doubt that current AI handles complex real-world tasks well.
H_0777,0.35482692996432413,MODERATE,You think AI tools can be somewhat useful for certain tasks.,0.935971128442723,HIGH,You pick up new technology quickly and find it intuitive.,-0.7311994509481042,LOW,You rarely choose to adopt new digital tools in daily life.,-0.7474515826754481,LOW,You feel somewhat uncomfortable or skeptical about AI activities.,-0.9310851321092453,LOW,You doubt that current AI handles complex real-world tasks well.
H_0778,-0.5633271343977886,LOW,You are skeptical that AI tools genuinely improve task performance.,-0.04803584027534433,MODERATE,You find most apps usable but sometimes need time to learn.,-1.6321890144123277,LOW,You rarely choose to adopt new digital tools in daily life.,-0.5600079639146396,LOW,You feel somewhat uncomfortable or skeptical about AI activities.,1.1845533383847362,HIGH,You believe current AI is capable of complex information tasks.
H_0779,0.6201725316352584,HIGH,You strongly believe AI tools improve efficiency and outcomes.,-0.28749209967024114,MODERATE,You find most apps usable but sometimes need time to learn.,-0.6710039759675425,LOW,You rarely choose to adopt new digital tools in daily life.,-1.0847427862957206,LOW,You feel somewhat uncomfortable or skeptical about AI activities.,-1.2815698170969065,LOW,You doubt that current AI handles complex real-world tasks well.
H_0780,-1.061186784334162,LOW,You are skeptical that AI tools genuinely improve task performance.,-1.2274874248452297,LOW,You find new technology interfaces difficult and frustrating.,-0.14106368312075224,MODERATE,You sometimes try new technology when it seems relevant.,-0.027843594995188188,MODERATE,You have a neutral-to-positive attitude toward AI activities.,-1.3978304630955043,LOW,You doubt that current AI handles complex real-world tasks well.
H_0781,0.9275957618227666,HIGH,You strongly believe AI tools improve efficiency and outcomes.,-1.0266353179334942,LOW,You find new technology interfaces difficult and frustrating.,-0.12364937134802072,MODERATE,You sometimes try new technology when it seems relevant.,1.3789528424848712,HIGH,You feel enthusiastic and positive about AI-assisted activities.,0.6978901087804983,HIGH,You believe current AI is capable of complex information tasks.
H_0782,-0.00548114793117917,MODERATE,You think AI tools can be somewhat useful for certain tasks.,1.2337664283884018,HIGH,You pick up new technology quickly and find it intuitive.,0.8547475913559534,HIGH,You actively seek out and adopt useful new technology tools.,0.04163026442275841,MODERATE,You have a neutral-to-positive attitude toward AI activities.,-1.040935104119054,LOW,You doubt that current AI handles complex real-world tasks well.
H_0783,1.6248544847587834,HIGH,You strongly believe AI tools improve efficiency and outcomes.,0.08740033883630341,MODERATE,You find most apps usable but sometimes need time to learn.,1.889523611504822,HIGH,You actively seek out and adopt useful new technology tools.,0.47250189121489017,MODERATE,You have a neutral-to-positive attitude toward AI activities.,0.9763698550487581,HIGH,You believe current AI is capable of complex information tasks.
H_0784,-0.5102937628853795,LOW,You are skeptical that AI tools genuinely improve task performance.,-0.1442453380834506,MODERATE,You find most apps usable but sometimes need time to learn.,0.36793083946834887,MODERATE,You sometimes try new technology when it seems relevant.,0.2950962252353166,MODERATE,You have a neutral-to-positive attitude toward AI activities.,0.3911654614487677,MODERATE,You think current AI has reasonable but limited capability.
H_0785,-0.5144706069884039,LOW,You are skeptical that AI tools genuinely improve task performance.,-1.3057956121286762,LOW,You find new technology interfaces difficult and frustrating.,-1.5817041761842783,LOW,You rarely choose to adopt new digital tools in daily life.,-1.8811174688267382,LOW,You feel somewhat uncomfortable or skeptical about AI activities.,-1.5840611082852958,LOW,You doubt that current AI handles complex real-world tasks well.
H_0786,0.9716044320334835,HIGH,You strongly believe AI tools improve efficiency and outcomes.,-0.41277024014832303,MODERATE,You find most apps usable but sometimes need time to learn.,0.435074133379199,MODERATE,You sometimes try new technology when it seems relevant.,0.4800532210902639,MODERATE,You have a neutral-to-positive attitude toward AI activities.,-0.5117986471516265,LOW,You doubt that current AI handles complex real-world tasks well.
H_0787,-0.992717877257667,LOW,You are skeptical that AI tools genuinely improve task performance.,-1.0748345132335146,LOW,You find new technology interfaces difficult and frustrating.,0.4035637489643924,MODERATE,You sometimes try new technology when it seems relevant.,0.19889691790875166,MODERATE,You have a neutral-to-positive attitude toward AI activities.,-1.1844643100309962,LOW,You doubt that current AI handles complex real-world tasks well.
H_0788,-0.0245222449496117,MODERATE,You think AI tools can be somewhat useful for certain tasks.,0.539240933555936,HIGH,You pick up new technology quickly and find it intuitive.,0.14770363858592625,MODERATE,You sometimes try new technology when it seems relevant.,-0.7013104681914686,LOW,You feel somewhat uncomfortable or skeptical about AI activities.,-1.5148965116000188,LOW,You doubt that current AI handles complex real-world tasks well.
H_0789,1.164623451061257,HIGH,You strongly believe AI tools improve efficiency and outcomes.,-0.3681656465606666,MODERATE,You find most apps usable but sometimes need time to learn.,-0.21966336013171006,MODERATE,You sometimes try new technology when it seems relevant.,-0.7275959342208911,LOW,You feel somewhat uncomfortable or skeptical about AI activities.,-1.558020170201603,LOW,You doubt that current AI handles complex real-world tasks well.
H_0790,-0.5576550746731893,LOW,You are skeptical that AI tools genuinely improve task performance.,-0.9821118629459038,LOW,You find new technology interfaces difficult and frustrating.,0.12656842029784782,MODERATE,You sometimes try new technology when it seems relevant.,-1.183139158630848,LOW,You feel somewhat uncomfortable or skeptical about AI activities.,-0.7963386946511353,LOW,You doubt that current AI handles complex real-world tasks well.
H_0791,-0.8391094870435519,LOW,You are skeptical that AI tools genuinely improve task performance.,-1.7111427711456961,LOW,You find new technology interfaces difficult and frustrating.,0.16480114755080805,MODERATE,You sometimes try new technology when it seems relevant.,-0.37040546442511435,MODERATE,You have a neutral-to-positive attitude toward AI activities.,0.9960282394067588,HIGH,You believe current AI is capable of complex information tasks.
H_0792,-0.16750872026067856,MODERATE,You think AI tools can be somewhat useful for certain tasks.,0.7911022749505067,HIGH,You pick up new technology quickly and find it intuitive.,0.49646850727411823,MODERATE,You sometimes try new technology when it seems relevant.,0.6962925611118436,HIGH,You feel enthusiastic and positive about AI-assisted activities.,0.502798507467163,HIGH,You believe current AI is capable of complex information tasks.
H_0793,0.17395646109312565,MODERATE,You think AI tools can be somewhat useful for certain tasks.,0.4493186548266701,MODERATE,You find most apps usable but sometimes need time to learn.,1.700221040823155,HIGH,You actively seek out and adopt useful new technology tools.,0.8928301265076451,HIGH,You feel enthusiastic and positive about AI-assisted activities.,-0.7769139757296046,LOW,You doubt that current AI handles complex real-world tasks well.
H_0794,-1.430816747954802,LOW,You are skeptical that AI tools genuinely improve task performance.,1.4223193565323635,HIGH,You pick up new technology quickly and find it intuitive.,-0.7883189282670019,LOW,You rarely choose to adopt new digital tools in daily life.,0.4117640803354964,MODERATE,You have a neutral-to-positive attitude toward AI activities.,-0.8025805903212179,LOW,You doubt that current AI handles complex real-world tasks well.
H_0795,0.22967136245287564,MODERATE,You think AI tools can be somewhat useful for certain tasks.,0.11955035865588345,MODERATE,You find most apps usable but sometimes need time to learn.,-0.181671023476444,MODERATE,You sometimes try new technology when it seems relevant.,0.29503121823358736,MODERATE,You have a neutral-to-positive attitude toward AI activities.,1.1306711764668769,HIGH,You believe current AI is capable of complex information tasks.
H_0796,-0.5199807267873003,LOW,You are skeptical that AI tools genuinely improve task performance.,-1.0727123001919876,LOW,You find new technology interfaces difficult and frustrating.,0.9563360067053218,HIGH,You actively seek out and adopt useful new technology tools.,-0.15866703219619313,MODERATE,You have a neutral-to-positive attitude toward AI activities.,0.04554174566832046,MODERATE,You think current AI has reasonable but limited capability.
H_0797,-0.5078909415832235,LOW,You are skeptical that AI tools genuinely improve task performance.,-3.519983393879164,LOW,You find new technology interfaces difficult and frustrating.,0.024138069496558515,MODERATE,You sometimes try new technology when it seems relevant.,-0.10014107466811618,MODERATE,You have a neutral-to-positive attitude toward AI activities.,-1.3002989475602391,LOW,You doubt that current AI handles complex real-world tasks well.
H_0798,0.5696432676172745,HIGH,You strongly believe AI tools improve efficiency and outcomes.,2.1140137863269026,HIGH,You pick up new technology quickly and find it intuitive.,2.354988572303666,HIGH,You actively seek out and adopt useful new technology tools.,1.6136170243534358,HIGH,You feel enthusiastic and positive about AI-assisted activities.,1.0071949887277145,HIGH,You believe current AI is capable of complex information tasks.
H_0799,0.994054783355677,HIGH,You strongly believe AI tools improve efficiency and outcomes.,2.77444184465808,HIGH,You pick up new technology quickly and find it intuitive.,1.6779152377230289,HIGH,You actively seek out and adopt useful new technology tools.,-0.08735009614641914,MODERATE,You have a neutral-to-positive attitude toward AI activities.,1.0386304906051445,HIGH,You believe current AI is capable of complex information tasks.
H_0800,-1.0328353460127955,LOW,You are skeptical that AI tools genuinely improve task performance.,0.6863939691550538,HIGH,You pick up new technology quickly and find it intuitive.,-0.7455038291587143,LOW,You rarely choose to adopt new digital tools in daily life.,-0.1457716309955056,MODERATE,You have a neutral-to-positive attitude toward AI activities.,1.5772007194884932,HIGH,You believe current AI is capable of complex information tasks.
H_0801,0.4272680251484204,MODERATE,You think AI tools can be somewhat useful for certain tasks.,0.6904636618927268,HIGH,You pick up new technology quickly and find it intuitive.,1.3326221723061449,HIGH,You actively seek out and adopt useful new technology tools.,0.0735895723461066,MODERATE,You have a neutral-to-positive attitude toward AI activities.,0.6933680950024588,HIGH,You believe current AI is capable of complex information tasks.
H_0802,-0.22499011604198474,MODERATE,You think AI tools can be somewhat useful for certain tasks.,0.1804013440359102,MODERATE,You find most apps usable but sometimes need time to learn.,-2.0024884258365563,LOW,You rarely choose to adopt new digital tools in daily life.,-1.0440502534330345,LOW,You feel somewhat uncomfortable or skeptical about AI activities.,1.3230384529728298,HIGH,You believe current AI is capable of complex information tasks.
H_0803,-0.12879037584567357,MODERATE,You think AI tools can be somewhat useful for certain tasks.,0.8491263702448814,HIGH,You pick up new technology quickly and find it intuitive.,-0.7158601779392921,LOW,You rarely choose to adopt new digital tools in daily life.,-0.5748428952893202,LOW,You feel somewhat uncomfortable or skeptical about AI activities.,0.7580323577652056,HIGH,You believe current AI is capable of complex information tasks.
H_0804,0.7398955450325356,HIGH,You strongly believe AI tools improve efficiency and outcomes.,-0.16275067480191988,MODERATE,You find most apps usable but sometimes need time to learn.,0.3579368615780218,MODERATE,You sometimes try new technology when it seems relevant.,0.33789164387203524,MODERATE,You have a neutral-to-positive attitude toward AI activities.,0.8412614451729685,HIGH,You believe current AI is capable of complex information tasks.
H_0805,-2.1648954132326654,LOW,You are skeptical that AI tools genuinely improve task performance.,0.15896507399222345,MODERATE,You find most apps usable but sometimes need time to learn.,-2.174673499503181,LOW,You rarely choose to adopt new digital tools in daily life.,-2.6360338317736427,LOW,You feel somewhat uncomfortable or skeptical about AI activities.,-0.6901940421985557,LOW,You doubt that current AI handles complex real-world tasks well.
H_0806,-0.708961811540519,LOW,You are skeptical that AI tools genuinely improve task performance.,0.7430062629798622,HIGH,You pick up new technology quickly and find it intuitive.,-0.17412591144888387,MODERATE,You sometimes try new technology when it seems relevant.,0.6792130983985638,HIGH,You feel enthusiastic and positive about AI-assisted activities.,0.8389660008810256,HIGH,You believe current AI is capable of complex information tasks.
H_0807,1.0142307800906565,HIGH,You strongly believe AI tools improve efficiency and outcomes.,-0.13965471455377995,MODERATE,You find most apps usable but sometimes need time to learn.,-1.6396047603541628,LOW,You rarely choose to adopt new digital tools in daily life.,-2.163516391387113,LOW,You feel somewhat uncomfortable or skeptical about AI activities.,-0.12631363596855638,MODERATE,You think current AI has reasonable but limited capability.
H_0808,-0.7297659711048207,LOW,You are skeptical that AI tools genuinely improve task performance.,-0.5123646937644943,LOW,You find new technology interfaces difficult and frustrating.,-0.2774459177417805,MODERATE,You sometimes try new technology when it seems relevant.,-1.0124598392932416,LOW,You feel somewhat uncomfortable or skeptical about AI activities.,-0.9904517142965167,LOW,You doubt that current AI handles complex real-world tasks well.
H_0809,-0.28131874142411717,MODERATE,You think AI tools can be somewhat useful for certain tasks.,0.9828712946323441,HIGH,You pick up new technology quickly and find it intuitive.,-0.5932162899623916,LOW,You rarely choose to adopt new digital tools in daily life.,0.2282384659703382,MODERATE,You have a neutral-to-positive attitude toward AI activities.,-1.1462653226677335,LOW,You doubt that current AI handles complex real-world tasks well.
H_0810,0.30674455158744174,MODERATE,You think AI tools can be somewhat useful for certain tasks.,-1.8233212582347154,LOW,You find new technology interfaces difficult and frustrating.,1.0505325310850144,HIGH,You actively seek out and adopt useful new technology tools.,1.2431284126781355,HIGH,You feel enthusiastic and positive about AI-assisted activities.,0.4979142440137495,MODERATE,You think current AI has reasonable but limited capability.
H_0811,0.4763155923530156,MODERATE,You think AI tools can be somewhat useful for certain tasks.,0.21158314494520616,MODERATE,You find most apps usable but sometimes need time to learn.,1.2189008570901436,HIGH,You actively seek out and adopt useful new technology tools.,0.24206673378286123,MODERATE,You have a neutral-to-positive attitude toward AI activities.,0.532345283267706,HIGH,You believe current AI is capable of complex information tasks.
H_0812,-0.7210386298321857,LOW,You are skeptical that AI tools genuinely improve task performance.,-0.3995272176831641,MODERATE,You find most apps usable but sometimes need time to learn.,0.7945207050428599,HIGH,You actively seek out and adopt useful new technology tools.,0.34660726805412084,MODERATE,You have a neutral-to-positive attitude toward AI activities.,-0.9312390304466531,LOW,You doubt that current AI handles complex real-world tasks well.
H_0813,-0.7418390524655797,LOW,You are skeptical that AI tools genuinely improve task performance.,0.23880184965295453,MODERATE,You find most apps usable but sometimes need time to learn.,-0.18705522155709836,MODERATE,You sometimes try new technology when it seems relevant.,-1.1476123925734898,LOW,You feel somewhat uncomfortable or skeptical about AI activities.,-0.8357636760197461,LOW,You doubt that current AI handles complex real-world tasks well.
H_0814,1.1962723133537438,HIGH,You strongly believe AI tools improve efficiency and outcomes.,-0.05448020930195151,MODERATE,You find most apps usable but sometimes need time to learn.,-0.06482156100340146,MODERATE,You sometimes try new technology when it seems relevant.,0.9233324053908427,HIGH,You feel enthusiastic and positive about AI-assisted activities.,0.1331438646333473,MODERATE,You think current AI has reasonable but limited capability.
H_0815,-0.32888296600993067,MODERATE,You think AI tools can be somewhat useful for certain tasks.,0.7614535470215524,HIGH,You pick up new technology quickly and find it intuitive.,-0.8943349843600734,LOW,You rarely choose to adopt new digital tools in daily life.,-1.1821765112417386,LOW,You feel somewhat uncomfortable or skeptical about AI activities.,-0.2634443315550207,MODERATE,You think current AI has reasonable but limited capability.
H_0816,0.20599248067074338,MODERATE,You think AI tools can be somewhat useful for certain tasks.,1.3253003242375674,HIGH,You pick up new technology quickly and find it intuitive.,-0.6341600859536249,LOW,You rarely choose to adopt new digital tools in daily life.,-0.8015304681238647,LOW,You feel somewhat uncomfortable or skeptical about AI activities.,-0.39601309667104934,MODERATE,You think current AI has reasonable but limited capability.
H_0817,0.5388347790808193,HIGH,You strongly believe AI tools improve efficiency and outcomes.,-1.9524164344925026,LOW,You find new technology interfaces difficult and frustrating.,-1.2853750657471623,LOW,You rarely choose to adopt new digital tools in daily life.,-0.017432812459085643,MODERATE,You have a neutral-to-positive attitude toward AI activities.,0.27751820630777546,MODERATE,You think current AI has reasonable but limited capability.
H_0818,-0.4778192387801693,MODERATE,You think AI tools can be somewhat useful for certain tasks.,0.2409430805119007,MODERATE,You find most apps usable but sometimes need time to learn.,0.9009992853594433,HIGH,You actively seek out and adopt useful new technology tools.,0.41456561481583665,MODERATE,You have a neutral-to-positive attitude toward AI activities.,-0.30210180910409984,MODERATE,You think current AI has reasonable but limited capability.
H_0819,0.7694995948201752,HIGH,You strongly believe AI tools improve efficiency and outcomes.,0.701952220605243,HIGH,You pick up new technology quickly and find it intuitive.,0.8471627181362865,HIGH,You actively seek out and adopt useful new technology tools.,1.8544706090950827,HIGH,You feel enthusiastic and positive about AI-assisted activities.,-0.4243905574504654,MODERATE,You think current AI has reasonable but limited capability.
H_0820,0.939280898653231,HIGH,You strongly believe AI tools improve efficiency and outcomes.,1.0332135151691721,HIGH,You pick up new technology quickly and find it intuitive.,0.8127607357544084,HIGH,You actively seek out and adopt useful new technology tools.,0.8563303458847907,HIGH,You feel enthusiastic and positive about AI-assisted activities.,0.020866712612371222,MODERATE,You think current AI has reasonable but limited capability.
H_0821,0.6173073567065251,HIGH,You strongly believe AI tools improve efficiency and outcomes.,0.271874712386904,MODERATE,You find most apps usable but sometimes need time to learn.,1.3436738192395379,HIGH,You actively seek out and adopt useful new technology tools.,1.3735991921286095,HIGH,You feel enthusiastic and positive about AI-assisted activities.,1.976381397269102,HIGH,You believe current AI is capable of complex information tasks.
H_0822,-0.13217807227735942,MODERATE,You think AI tools can be somewhat useful for certain tasks.,-1.1494420702242527,LOW,You find new technology interfaces difficult and frustrating.,-0.11741021459096271,MODERATE,You sometimes try new technology when it seems relevant.,0.08623887151662955,MODERATE,You have a neutral-to-positive attitude toward AI activities.,0.40372719192725054,MODERATE,You think current AI has reasonable but limited capability.
H_0823,-0.10017422597710889,MODERATE,You think AI tools can be somewhat useful for certain tasks.,-2.1396480790659003,LOW,You find new technology interfaces difficult and frustrating.,-1.7993188818249666,LOW,You rarely choose to adopt new digital tools in daily life.,-0.23833531822455922,MODERATE,You have a neutral-to-positive attitude toward AI activities.,0.014055906641922609,MODERATE,You think current AI has reasonable but limited capability.
H_0824,0.6423414769214569,HIGH,You strongly believe AI tools improve efficiency and outcomes.,1.5623484620618764,HIGH,You pick up new technology quickly and find it intuitive.,0.11634481280977658,MODERATE,You sometimes try new technology when it seems relevant.,-0.7442832421581317,LOW,You feel somewhat uncomfortable or skeptical about AI activities.,-0.11819854755956728,MODERATE,You think current AI has reasonable but limited capability.
H_0825,0.3253667568344962,MODERATE,You think AI tools can be somewhat useful for certain tasks.,-0.23537184253320104,MODERATE,You find most apps usable but sometimes need time to learn.,0.5344274335604561,HIGH,You actively seek out and adopt useful new technology tools.,0.8232957616022478,HIGH,You feel enthusiastic and positive about AI-assisted activities.,0.7489829091886513,HIGH,You believe current AI is capable of complex information tasks.
H_0826,1.217993039658169,HIGH,You strongly believe AI tools improve efficiency and outcomes.,-0.6561715279931799,LOW,You find new technology interfaces difficult and frustrating.,0.046379703629328854,MODERATE,You sometimes try new technology when it seems relevant.,1.695230505732576,HIGH,You feel enthusiastic and positive about AI-assisted activities.,1.6330847816272214,HIGH,You believe current AI is capable of complex information tasks.
H_0827,-0.596039331237535,LOW,You are skeptical that AI tools genuinely improve task performance.,-0.362449878350705,MODERATE,You find most apps usable but sometimes need time to learn.,0.7217988739281531,HIGH,You actively seek out and adopt useful new technology tools.,0.5711720413012883,HIGH,You feel enthusiastic and positive about AI-assisted activities.,0.6067865448013748,HIGH,You believe current AI is capable of complex information tasks.
H_0828,-0.23026317453657158,MODERATE,You think AI tools can be somewhat useful for certain tasks.,0.18892557298725807,MODERATE,You find most apps usable but sometimes need time to learn.,0.5155852152292549,HIGH,You actively seek out and adopt useful new technology tools.,0.5154540719889946,HIGH,You feel enthusiastic and positive about AI-assisted activities.,0.4819419032383928,MODERATE,You think current AI has reasonable but limited capability.
H_0829,-0.6461018012149645,LOW,You are skeptical that AI tools genuinely improve task performance.,-0.7304707735042711,LOW,You find new technology interfaces difficult and frustrating.,0.9763234506721196,HIGH,You actively seek out and adopt useful new technology tools.,-0.6994318010095293,LOW,You feel somewhat uncomfortable or skeptical about AI activities.,-1.3396709096295123,LOW,You doubt that current AI handles complex real-world tasks well.
H_0830,2.42781692120176,HIGH,You strongly believe AI tools improve efficiency and outcomes.,1.6905161103160264,HIGH,You pick up new technology quickly and find it intuitive.,1.9096758347125846,HIGH,You actively seek out and adopt useful new technology tools.,2.1769964207695764,HIGH,You feel enthusiastic and positive about AI-assisted activities.,1.2387165930095696,HIGH,You believe current AI is capable of complex information tasks.
H_0831,0.5003380619192632,HIGH,You strongly believe AI tools improve efficiency and outcomes.,-0.2834622770450442,MODERATE,You find most apps usable but sometimes need time to learn.,-0.07566235029568746,MODERATE,You sometimes try new technology when it seems relevant.,0.714266932520883,HIGH,You feel enthusiastic and positive about AI-assisted activities.,-0.901025898064646,LOW,You doubt that current AI handles complex real-world tasks well.
H_0832,0.5865176557595699,HIGH,You strongly believe AI tools improve efficiency and outcomes.,0.31737072920571757,MODERATE,You find most apps usable but sometimes need time to learn.,0.09563295619931995,MODERATE,You sometimes try new technology when it seems relevant.,0.1373189343630853,MODERATE,You have a neutral-to-positive attitude toward AI activities.,-0.46383970701944593,MODERATE,You think current AI has reasonable but limited capability.
H_0833,1.103907735639409,HIGH,You strongly believe AI tools improve efficiency and outcomes.,-0.18916087158240358,MODERATE,You find most apps usable but sometimes need time to learn.,-0.04159108650926907,MODERATE,You sometimes try new technology when it seems relevant.,-0.4780973438269194,MODERATE,You have a neutral-to-positive attitude toward AI activities.,-0.6289544717681007,LOW,You doubt that current AI handles complex real-world tasks well.
H_0834,-1.2128878773179506,LOW,You are skeptical that AI tools genuinely improve task performance.,-0.1267299998401191,MODERATE,You find most apps usable but sometimes need time to learn.,-0.27429340184202244,MODERATE,You sometimes try new technology when it seems relevant.,-0.9314544313364731,LOW,You feel somewhat uncomfortable or skeptical about AI activities.,-0.18359587889080284,MODERATE,You think current AI has reasonable but limited capability.
H_0835,1.8291264975694794,HIGH,You strongly believe AI tools improve efficiency and outcomes.,1.215580428276399,HIGH,You pick up new technology quickly and find it intuitive.,0.885909260501562,HIGH,You actively seek out and adopt useful new technology tools.,0.8183733244848769,HIGH,You feel enthusiastic and positive about AI-assisted activities.,0.8254100103256837,HIGH,You believe current AI is capable of complex information tasks.
H_0836,-1.4788171547360285,LOW,You are skeptical that AI tools genuinely improve task performance.,-0.2002847840076427,MODERATE,You find most apps usable but sometimes need time to learn.,0.1867796410510423,MODERATE,You sometimes try new technology when it seems relevant.,-0.18247340624042946,MODERATE,You have a neutral-to-positive attitude toward AI activities.,0.028178514975671025,MODERATE,You think current AI has reasonable but limited capability.
H_0837,0.14847756117930225,MODERATE,You think AI tools can be somewhat useful for certain tasks.,0.3659469616748419,MODERATE,You find most apps usable but sometimes need time to learn.,-0.5032137338879157,LOW,You rarely choose to adopt new digital tools in daily life.,-0.8571765076718363,LOW,You feel somewhat uncomfortable or skeptical about AI activities.,-0.0830000627539,MODERATE,You think current AI has reasonable but limited capability.
H_0838,0.03087956373153295,MODERATE,You think AI tools can be somewhat useful for certain tasks.,-0.00800817180793276,MODERATE,You find most apps usable but sometimes need time to learn.,0.41214922931280945,MODERATE,You sometimes try new technology when it seems relevant.,0.06512159490625556,MODERATE,You have a neutral-to-positive attitude toward AI activities.,-2.16913172182002,LOW,You doubt that current AI handles complex real-world tasks well.
H_0839,1.1099858248372905,HIGH,You strongly believe AI tools improve efficiency and outcomes.,-1.595043079324803,LOW,You find new technology interfaces difficult and frustrating.,0.6984829524076016,HIGH,You actively seek out and adopt useful new technology tools.,-1.6020574819809716,LOW,You feel somewhat uncomfortable or skeptical about AI activities.,-0.23918891347718907,MODERATE,You think current AI has reasonable but limited capability.
H_0840,2.254448974881991,HIGH,You strongly believe AI tools improve efficiency and outcomes.,0.7797707787909222,HIGH,You pick up new technology quickly and find it intuitive.,-0.3845590430589699,MODERATE,You sometimes try new technology when it seems relevant.,0.11605265916157148,MODERATE,You have a neutral-to-positive attitude toward AI activities.,-1.3214161475200166,LOW,You doubt that current AI handles complex real-world tasks well.
H_0841,0.3915891881501497,MODERATE,You think AI tools can be somewhat useful for certain tasks.,0.45187104714050996,MODERATE,You find most apps usable but sometimes need time to learn.,-1.0633526008597487,LOW,You rarely choose to adopt new digital tools in daily life.,-0.7774968631156333,LOW,You feel somewhat uncomfortable or skeptical about AI activities.,0.2409236380161183,MODERATE,You think current AI has reasonable but limited capability.
H_0842,1.1341566763795397,HIGH,You strongly believe AI tools improve efficiency and outcomes.,2.2845374971344388,HIGH,You pick up new technology quickly and find it intuitive.,0.3270366320034709,MODERATE,You sometimes try new technology when it seems relevant.,-0.6642785903259009,LOW,You feel somewhat uncomfortable or skeptical about AI activities.,-0.8079005781134226,LOW,You doubt that current AI handles complex real-world tasks well.
H_0843,1.271037866362696,HIGH,You strongly believe AI tools improve efficiency and outcomes.,-0.6996491511807867,LOW,You find new technology interfaces difficult and frustrating.,-0.193154984140342,MODERATE,You sometimes try new technology when it seems relevant.,-0.07665800954585532,MODERATE,You have a neutral-to-positive attitude toward AI activities.,0.5417426639994948,HIGH,You believe current AI is capable of complex information tasks.
H_0844,-0.5673956790481207,LOW,You are skeptical that AI tools genuinely improve task performance.,-0.08260420483039804,MODERATE,You find most apps usable but sometimes need time to learn.,1.0308299958149618,HIGH,You actively seek out and adopt useful new technology tools.,-0.9089342992331191,LOW,You feel somewhat uncomfortable or skeptical about AI activities.,-1.683364922740659,LOW,You doubt that current AI handles complex real-world tasks well.
H_0845,1.2545375933563343,HIGH,You strongly believe AI tools improve efficiency and outcomes.,1.7849767772051026,HIGH,You pick up new technology quickly and find it intuitive.,2.9519245540365175,HIGH,You actively seek out and adopt useful new technology tools.,1.6103335785289592,HIGH,You feel enthusiastic and positive about AI-assisted activities.,1.081088133740651,HIGH,You believe current AI is capable of complex information tasks.
H_0846,-0.5596452204288895,LOW,You are skeptical that AI tools genuinely improve task performance.,-0.7576916975206186,LOW,You find new technology interfaces difficult and frustrating.,0.47122589567776496,MODERATE,You sometimes try new technology when it seems relevant.,0.20078045178876594,MODERATE,You have a neutral-to-positive attitude toward AI activities.,-1.523892989610078,LOW,You doubt that current AI handles complex real-world tasks well.
H_0847,1.02843156762646,HIGH,You strongly believe AI tools improve efficiency and outcomes.,1.503610953175002,HIGH,You pick up new technology quickly and find it intuitive.,2.3434647576445045,HIGH,You actively seek out and adopt useful new technology tools.,0.7620147646226622,HIGH,You feel enthusiastic and positive about AI-assisted activities.,-0.03494858507255763,MODERATE,You think current AI has reasonable but limited capability.
H_0848,0.126226785126024,MODERATE,You think AI tools can be somewhat useful for certain tasks.,1.1852095108544312,HIGH,You pick up new technology quickly and find it intuitive.,1.6655952074059446,HIGH,You actively seek out and adopt useful new technology tools.,1.4339003154757828,HIGH,You feel enthusiastic and positive about AI-assisted activities.,-0.22784913082166433,MODERATE,You think current AI has reasonable but limited capability.
H_0849,1.1031242113149566,HIGH,You strongly believe AI tools improve efficiency and outcomes.,1.7050197263808065,HIGH,You pick up new technology quickly and find it intuitive.,1.7139277362280905,HIGH,You actively seek out and adopt useful new technology tools.,1.6885172817730365,HIGH,You feel enthusiastic and positive about AI-assisted activities.,0.40901852081279977,MODERATE,You think current AI has reasonable but limited capability.
H_0850,0.874426267700588,HIGH,You strongly believe AI tools improve efficiency and outcomes.,-0.4581442815359762,MODERATE,You find most apps usable but sometimes need time to learn.,1.8606526579375708,HIGH,You actively seek out and adopt useful new technology tools.,1.7486584362070672,HIGH,You feel enthusiastic and positive about AI-assisted activities.,1.5072604489795098,HIGH,You believe current AI is capable of complex information tasks.
H_0851,-0.22159325633399327,MODERATE,You think AI tools can be somewhat useful for certain tasks.,-1.0961946022065132,LOW,You find new technology interfaces difficult and frustrating.,-0.9883961775058783,LOW,You rarely choose to adopt new digital tools in daily life.,-0.8225804848376234,LOW,You feel somewhat uncomfortable or skeptical about AI activities.,-0.9027859266114794,LOW,You doubt that current AI handles complex real-world tasks well.
H_0852,-0.8339012213848107,LOW,You are skeptical that AI tools genuinely improve task performance.,-1.631544419475276,LOW,You find new technology interfaces difficult and frustrating.,-0.3956364411603311,MODERATE,You sometimes try new technology when it seems relevant.,-1.1995148536849682,LOW,You feel somewhat uncomfortable or skeptical about AI activities.,0.40172244864704204,MODERATE,You think current AI has reasonable but limited capability.
H_0853,-0.6599003144734756,LOW,You are skeptical that AI tools genuinely improve task performance.,-1.23744878420255,LOW,You find new technology interfaces difficult and frustrating.,-0.7132331041411616,LOW,You rarely choose to adopt new digital tools in daily life.,-0.7850214563901908,LOW,You feel somewhat uncomfortable or skeptical about AI activities.,-0.2281253425262165,MODERATE,You think current AI has reasonable but limited capability.
H_0854,0.3342297234579452,MODERATE,You think AI tools can be somewhat useful for certain tasks.,0.8374129379669121,HIGH,You pick up new technology quickly and find it intuitive.,-1.3467611658999863,LOW,You rarely choose to adopt new digital tools in daily life.,-0.44338368663434347,MODERATE,You have a neutral-to-positive attitude toward AI activities.,-1.2583825185821578,LOW,You doubt that current AI handles complex real-world tasks well.
H_0855,0.8070530907397533,HIGH,You strongly believe AI tools improve efficiency and outcomes.,0.9551866686476431,HIGH,You pick up new technology quickly and find it intuitive.,0.26603614568897965,MODERATE,You sometimes try new technology when it seems relevant.,-1.4973043528606593,LOW,You feel somewhat uncomfortable or skeptical about AI activities.,0.06366151386416798,MODERATE,You think current AI has reasonable but limited capability.
H_0856,0.1396131312488207,MODERATE,You think AI tools can be somewhat useful for certain tasks.,0.7878259169978886,HIGH,You pick up new technology quickly and find it intuitive.,-0.5525905538520806,LOW,You rarely choose to adopt new digital tools in daily life.,-0.09491858338803576,MODERATE,You have a neutral-to-positive attitude toward AI activities.,0.19814566848999204,MODERATE,You think current AI has reasonable but limited capability.
H_0857,-2.321506158059871,LOW,You are skeptical that AI tools genuinely improve task performance.,-1.8951982409988344,LOW,You find new technology interfaces difficult and frustrating.,-1.3645402599876215,LOW,You rarely choose to adopt new digital tools in daily life.,-2.0143208594157054,LOW,You feel somewhat uncomfortable or skeptical about AI activities.,0.2881263087934516,MODERATE,You think current AI has reasonable but limited capability.
H_0858,-1.08180950752845,LOW,You are skeptical that AI tools genuinely improve task performance.,0.036623346799331526,MODERATE,You find most apps usable but sometimes need time to learn.,-0.269493635314878,MODERATE,You sometimes try new technology when it seems relevant.,0.3268138713963634,MODERATE,You have a neutral-to-positive attitude toward AI activities.,0.4072358049504029,MODERATE,You think current AI has reasonable but limited capability.
H_0859,-0.2551607119214793,MODERATE,You think AI tools can be somewhat useful for certain tasks.,0.6872888633763425,HIGH,You pick up new technology quickly and find it intuitive.,-1.4661228440074774,LOW,You rarely choose to adopt new digital tools in daily life.,-0.23827425527621654,MODERATE,You have a neutral-to-positive attitude toward AI activities.,-0.5076341610550121,LOW,You doubt that current AI handles complex real-world tasks well.
H_0860,1.7953572993779785,HIGH,You strongly believe AI tools improve efficiency and outcomes.,0.8589709290001881,HIGH,You pick up new technology quickly and find it intuitive.,0.9415752169082637,HIGH,You actively seek out and adopt useful new technology tools.,0.39028035504731934,MODERATE,You have a neutral-to-positive attitude toward AI activities.,1.6654899014446074,HIGH,You believe current AI is capable of complex information tasks.
H_0861,-0.05576757541499784,MODERATE,You think AI tools can be somewhat useful for certain tasks.,1.2620090165147684,HIGH,You pick up new technology quickly and find it intuitive.,0.2725555192431744,MODERATE,You sometimes try new technology when it seems relevant.,-0.7375522935053931,LOW,You feel somewhat uncomfortable or skeptical about AI activities.,1.1367718598368632,HIGH,You believe current AI is capable of complex information tasks.
H_0862,1.3680157062384295,HIGH,You strongly believe AI tools improve efficiency and outcomes.,0.5751072957322028,HIGH,You pick up new technology quickly and find it intuitive.,1.3033858597408357,HIGH,You actively seek out and adopt useful new technology tools.,0.97510761539857,HIGH,You feel enthusiastic and positive about AI-assisted activities.,1.6473352571995798,HIGH,You believe current AI is capable of complex information tasks.
H_0863,-0.31065730358990234,MODERATE,You think AI tools can be somewhat useful for certain tasks.,-0.15000117306702795,MODERATE,You find most apps usable but sometimes need time to learn.,-0.33609882805406593,MODERATE,You sometimes try new technology when it seems relevant.,-0.5153838968108985,LOW,You feel somewhat uncomfortable or skeptical about AI activities.,1.4437548191190883,HIGH,You believe current AI is capable of complex information tasks.
H_0864,-0.9579955668056247,LOW,You are skeptical that AI tools genuinely improve task performance.,-1.3431194080051085,LOW,You find new technology interfaces difficult and frustrating.,-0.7508552072494774,LOW,You rarely choose to adopt new digital tools in daily life.,-0.9911839732416006,LOW,You feel somewhat uncomfortable or skeptical about AI activities.,0.5476278187646797,HIGH,You believe current AI is capable of complex information tasks.
H_0865,0.6191477951153214,HIGH,You strongly believe AI tools improve efficiency and outcomes.,-1.0300213752833434,LOW,You find new technology interfaces difficult and frustrating.,0.39383420237753736,MODERATE,You sometimes try new technology when it seems relevant.,-0.3361852623945131,MODERATE,You have a neutral-to-positive attitude toward AI activities.,0.3414539600383663,MODERATE,You think current AI has reasonable but limited capability.
H_0866,-1.8805884570452127,LOW,You are skeptical that AI tools genuinely improve task performance.,-0.9574639595342472,LOW,You find new technology interfaces difficult and frustrating.,-0.3056674304392517,MODERATE,You sometimes try new technology when it seems relevant.,-0.689394596209448,LOW,You feel somewhat uncomfortable or skeptical about AI activities.,0.27145247071334117,MODERATE,You think current AI has reasonable but limited capability.
H_0867,-0.7204609927331873,LOW,You are skeptical that AI tools genuinely improve task performance.,-0.8698804492216823,LOW,You find new technology interfaces difficult and frustrating.,-0.950565268808534,LOW,You rarely choose to adopt new digital tools in daily life.,-0.405400730912387,MODERATE,You have a neutral-to-positive attitude toward AI activities.,0.6233226536743779,HIGH,You believe current AI is capable of complex information tasks.
H_0868,1.6970358598293307,HIGH,You strongly believe AI tools improve efficiency and outcomes.,-0.16051950776364826,MODERATE,You find most apps usable but sometimes need time to learn.,-0.27829393415258236,MODERATE,You sometimes try new technology when it seems relevant.,-0.3306441884823487,MODERATE,You have a neutral-to-positive attitude toward AI activities.,1.508335046716701,HIGH,You believe current AI is capable of complex information tasks.
H_0869,-1.421849682414962,LOW,You are skeptical that AI tools genuinely improve task performance.,-1.8295998899524792,LOW,You find new technology interfaces difficult and frustrating.,0.29895555227121523,MODERATE,You sometimes try new technology when it seems relevant.,-0.4496517661874855,MODERATE,You have a neutral-to-positive attitude toward AI activities.,-0.016107934929049373,MODERATE,You think current AI has reasonable but limited capability.
H_0870,0.5970575936642818,HIGH,You strongly believe AI tools improve efficiency and outcomes.,0.95530495439117,HIGH,You pick up new technology quickly and find it intuitive.,-0.33949078393614013,MODERATE,You sometimes try new technology when it seems relevant.,-0.7928875204329241,LOW,You feel somewhat uncomfortable or skeptical about AI activities.,-0.5061048848117415,LOW,You doubt that current AI handles complex real-world tasks well.
H_0871,2.6346363159235895,HIGH,You strongly believe AI tools improve efficiency and outcomes.,1.2128218177182506,HIGH,You pick up new technology quickly and find it intuitive.,1.006914133055281,HIGH,You actively seek out and adopt useful new technology tools.,1.4717247394835402,HIGH,You feel enthusiastic and positive about AI-assisted activities.,0.9265315091903632,HIGH,You believe current AI is capable of complex information tasks.
H_0872,-0.9182397389802078,LOW,You are skeptical that AI tools genuinely improve task performance.,-0.17407817847120444,MODERATE,You find most apps usable but sometimes need time to learn.,-0.7175133192771583,LOW,You rarely choose to adopt new digital tools in daily life.,-0.12675080759838783,MODERATE,You have a neutral-to-positive attitude toward AI activities.,-0.6621251451681482,LOW,You doubt that current AI handles complex real-world tasks well.
H_0873,-0.976227432455706,LOW,You are skeptical that AI tools genuinely improve task performance.,-0.09356645803880075,MODERATE,You find most apps usable but sometimes need time to learn.,0.0016645991354084025,MODERATE,You sometimes try new technology when it seems relevant.,-0.48454359941562225,MODERATE,You have a neutral-to-positive attitude toward AI activities.,0.6627545969913601,HIGH,You believe current AI is capable of complex information tasks.
H_0874,-1.3004736071499032,LOW,You are skeptical that AI tools genuinely improve task performance.,-1.5111905697237582,LOW,You find new technology interfaces difficult and frustrating.,-2.0015893448780777,LOW,You rarely choose to adopt new digital tools in daily life.,-1.7794839934831974,LOW,You feel somewhat uncomfortable or skeptical about AI activities.,-0.9981242770210621,LOW,You doubt that current AI handles complex real-world tasks well.
H_0875,1.335671522439082,HIGH,You strongly believe AI tools improve efficiency and outcomes.,1.99151263571669,HIGH,You pick up new technology quickly and find it intuitive.,0.437990651155245,MODERATE,You sometimes try new technology when it seems relevant.,1.531991794372056,HIGH,You feel enthusiastic and positive about AI-assisted activities.,1.1268688914792535,HIGH,You believe current AI is capable of complex information tasks.
H_0876,-0.8040631015095965,LOW,You are skeptical that AI tools genuinely improve task performance.,-1.6103022599269068,LOW,You find new technology interfaces difficult and frustrating.,-0.5227127272737006,LOW,You rarely choose to adopt new digital tools in daily life.,-1.0360641451548556,LOW,You feel somewhat uncomfortable or skeptical about AI activities.,1.9665876725494682,HIGH,You believe current AI is capable of complex information tasks.
H_0877,-0.21019056686977255,MODERATE,You think AI tools can be somewhat useful for certain tasks.,0.40865512114148644,MODERATE,You find most apps usable but sometimes need time to learn.,0.09627036304684007,MODERATE,You sometimes try new technology when it seems relevant.,-0.4807139859980196,MODERATE,You have a neutral-to-positive attitude toward AI activities.,-0.35243405611525,MODERATE,You think current AI has reasonable but limited capability.
H_0878,0.2681351845892755,MODERATE,You think AI tools can be somewhat useful for certain tasks.,1.3651092190379872,HIGH,You pick up new technology quickly and find it intuitive.,-0.5240827542103468,LOW,You rarely choose to adopt new digital tools in daily life.,0.17558688513001222,MODERATE,You have a neutral-to-positive attitude toward AI activities.,0.3325356977252554,MODERATE,You think current AI has reasonable but limited capability.
H_0879,-0.10184836963744207,MODERATE,You think AI tools can be somewhat useful for certain tasks.,-0.7677717843003505,LOW,You find new technology interfaces difficult and frustrating.,-0.4661144310221278,MODERATE,You sometimes try new technology when it seems relevant.,0.19434466093232897,MODERATE,You have a neutral-to-positive attitude toward AI activities.,-0.9321868741904598,LOW,You doubt that current AI handles complex real-world tasks well.
H_0880,0.4546416557785285,MODERATE,You think AI tools can be somewhat useful for certain tasks.,1.851009170060489,HIGH,You pick up new technology quickly and find it intuitive.,0.2406539774364285,MODERATE,You sometimes try new technology when it seems relevant.,1.3044171726323555,HIGH,You feel enthusiastic and positive about AI-assisted activities.,1.2995384769532563,HIGH,You believe current AI is capable of complex information tasks.
H_0881,-0.5451876656677226,LOW,You are skeptical that AI tools genuinely improve task performance.,0.27780936640766374,MODERATE,You find most apps usable but sometimes need time to learn.,-0.04264927601983677,MODERATE,You sometimes try new technology when it seems relevant.,-0.28870343034276574,MODERATE,You have a neutral-to-positive attitude toward AI activities.,-1.2723269398413413,LOW,You doubt that current AI handles complex real-world tasks well.
H_0882,-1.0003675063807147,LOW,You are skeptical that AI tools genuinely improve task performance.,-0.20304746278805555,MODERATE,You find most apps usable but sometimes need time to learn.,-1.0575523957567337,LOW,You rarely choose to adopt new digital tools in daily life.,-0.23933207234171883,MODERATE,You have a neutral-to-positive attitude toward AI activities.,-0.5290474360250863,LOW,You doubt that current AI handles complex real-world tasks well.
H_0883,2.053901770290655,HIGH,You strongly believe AI tools improve efficiency and outcomes.,0.7374837365493103,HIGH,You pick up new technology quickly and find it intuitive.,-0.32198280297424,MODERATE,You sometimes try new technology when it seems relevant.,-0.03675049967657999,MODERATE,You have a neutral-to-positive attitude toward AI activities.,-0.1525998705250983,MODERATE,You think current AI has reasonable but limited capability.
H_0884,-0.18278206317409296,MODERATE,You think AI tools can be somewhat useful for certain tasks.,0.9548969705292235,HIGH,You pick up new technology quickly and find it intuitive.,0.09204705706946704,MODERATE,You sometimes try new technology when it seems relevant.,-1.9695286447255491,LOW,You feel somewhat uncomfortable or skeptical about AI activities.,-1.0275594881810552,LOW,You doubt that current AI handles complex real-world tasks well.
H_0885,-1.717527898160016,LOW,You are skeptical that AI tools genuinely improve task performance.,-1.518913682350949,LOW,You find new technology interfaces difficult and frustrating.,-0.584123380571996,LOW,You rarely choose to adopt new digital tools in daily life.,-1.3847173205730414,LOW,You feel somewhat uncomfortable or skeptical about AI activities.,0.45613116984155955,MODERATE,You think current AI has reasonable but limited capability.
H_0886,0.8912033209623917,HIGH,You strongly believe AI tools improve efficiency and outcomes.,1.361640811798353,HIGH,You pick up new technology quickly and find it intuitive.,1.0226911947347654,HIGH,You actively seek out and adopt useful new technology tools.,0.5864184142629613,HIGH,You feel enthusiastic and positive about AI-assisted activities.,0.2489877061251061,MODERATE,You think current AI has reasonable but limited capability.
H_0887,1.7186819130417321,HIGH,You strongly believe AI tools improve efficiency and outcomes.,1.1313450476765028,HIGH,You pick up new technology quickly and find it intuitive.,0.6796363300790886,HIGH,You actively seek out and adopt useful new technology tools.,0.5055858360202735,HIGH,You feel enthusiastic and positive about AI-assisted activities.,2.7392353659399875,HIGH,You believe current AI is capable of complex information tasks.
H_0888,-0.32969587826718494,MODERATE,You think AI tools can be somewhat useful for certain tasks.,-0.44838425151442496,MODERATE,You find most apps usable but sometimes need time to learn.,-0.42211419753685725,MODERATE,You sometimes try new technology when it seems relevant.,-0.11349787723657029,MODERATE,You have a neutral-to-positive attitude toward AI activities.,-1.4238346494517724,LOW,You doubt that current AI handles complex real-world tasks well.
H_0889,0.6932897069984245,HIGH,You strongly believe AI tools improve efficiency and outcomes.,0.670377440322661,HIGH,You pick up new technology quickly and find it intuitive.,2.2170575721999084,HIGH,You actively seek out and adopt useful new technology tools.,0.3835584552668705,MODERATE,You have a neutral-to-positive attitude toward AI activities.,1.0189906131849495,HIGH,You believe current AI is capable of complex information tasks.
H_0890,0.28857879703973777,MODERATE,You think AI tools can be somewhat useful for certain tasks.,0.5644494817227194,HIGH,You pick up new technology quickly and find it intuitive.,-0.30632606528746675,MODERATE,You sometimes try new technology when it seems relevant.,1.2265282373956075,HIGH,You feel enthusiastic and positive about AI-assisted activities.,1.108513076351451,HIGH,You believe current AI is capable of complex information tasks.
H_0891,0.15737176609836637,MODERATE,You think AI tools can be somewhat useful for certain tasks.,-0.4248410972972282,MODERATE,You find most apps usable but sometimes need time to learn.,-0.048812358138212414,MODERATE,You sometimes try new technology when it seems relevant.,1.1767403748989176,HIGH,You feel enthusiastic and positive about AI-assisted activities.,0.9512853903282513,HIGH,You believe current AI is capable of complex information tasks.
H_0892,0.7054541064288647,HIGH,You strongly believe AI tools improve efficiency and outcomes.,0.5531610731440141,HIGH,You pick up new technology quickly and find it intuitive.,-1.555486026299098,LOW,You rarely choose to adopt new digital tools in daily life.,-0.7251196179233855,LOW,You feel somewhat uncomfortable or skeptical about AI activities.,0.06356721803099138,MODERATE,You think current AI has reasonable but limited capability.
H_0893,-1.6317898739034458,LOW,You are skeptical that AI tools genuinely improve task performance.,-1.325109656358685,LOW,You find new technology interfaces difficult and frustrating.,0.4823273107937703,MODERATE,You sometimes try new technology when it seems relevant.,-0.38426578926608373,MODERATE,You have a neutral-to-positive attitude toward AI activities.,-1.6640543918791475,LOW,You doubt that current AI handles complex real-world tasks well.
H_0894,0.8633471054545985,HIGH,You strongly believe AI tools improve efficiency and outcomes.,0.41115254639767634,MODERATE,You find most apps usable but sometimes need time to learn.,1.147254325424183,HIGH,You actively seek out and adopt useful new technology tools.,1.4185850368805568,HIGH,You feel enthusiastic and positive about AI-assisted activities.,0.20543108723758774,MODERATE,You think current AI has reasonable but limited capability.
H_0895,-0.6120662334111107,LOW,You are skeptical that AI tools genuinely improve task performance.,-1.1726017510868854,LOW,You find new technology interfaces difficult and frustrating.,0.2829133579740379,MODERATE,You sometimes try new technology when it seems relevant.,0.8465231040102742,HIGH,You feel enthusiastic and positive about AI-assisted activities.,-0.7492473010172699,LOW,You doubt that current AI handles complex real-world tasks well.
H_0896,0.3676251170637719,MODERATE,You think AI tools can be somewhat useful for certain tasks.,-1.1312699353546751,LOW,You find new technology interfaces difficult and frustrating.,-1.1108779440675023,LOW,You rarely choose to adopt new digital tools in daily life.,-0.08597625003898447,MODERATE,You have a neutral-to-positive attitude toward AI activities.,-0.00011547249721890626,MODERATE,You think current AI has reasonable but limited capability.
H_0897,0.6667676702955846,HIGH,You strongly believe AI tools improve efficiency and outcomes.,1.481500267858153,HIGH,You pick up new technology quickly and find it intuitive.,0.9314415552972527,HIGH,You actively seek out and adopt useful new technology tools.,0.9210296717761367,HIGH,You feel enthusiastic and positive about AI-assisted activities.,0.36336545958773386,MODERATE,You think current AI has reasonable but limited capability.
H_0898,0.7866889447629251,HIGH,You strongly believe AI tools improve efficiency and outcomes.,1.6066474600946383,HIGH,You pick up new technology quickly and find it intuitive.,1.3938171343788965,HIGH,You actively seek out and adopt useful new technology tools.,1.3974283755020862,HIGH,You feel enthusiastic and positive about AI-assisted activities.,0.6247326182252091,HIGH,You believe current AI is capable of complex information tasks.
H_0899,-0.05342837521702612,MODERATE,You think AI tools can be somewhat useful for certain tasks.,0.1318669747351279,MODERATE,You find most apps usable but sometimes need time to learn.,-1.266210470468878,LOW,You rarely choose to adopt new digital tools in daily life.,-0.3225039588373307,MODERATE,You have a neutral-to-positive attitude toward AI activities.,0.18220017191519217,MODERATE,You think current AI has reasonable but limited capability.
H_0900,-0.09958985808100225,MODERATE,You think AI tools can be somewhat useful for certain tasks.,-2.1942696109502613,LOW,You find new technology interfaces difficult and frustrating.,-1.2036228699033389,LOW,You rarely choose to adopt new digital tools in daily life.,-2.2799328488800583,LOW,You feel somewhat uncomfortable or skeptical about AI activities.,-0.34844394882008795,MODERATE,You think current AI has reasonable but limited capability.
H_0901,0.555989111100085,HIGH,You strongly believe AI tools improve efficiency and outcomes.,1.9716078068613767,HIGH,You pick up new technology quickly and find it intuitive.,0.004250487469340481,MODERATE,You sometimes try new technology when it seems relevant.,0.059659637631333945,MODERATE,You have a neutral-to-positive attitude toward AI activities.,1.1916431791567919,HIGH,You believe current AI is capable of complex information tasks.
H_0902,-0.6902372887092255,LOW,You are skeptical that AI tools genuinely improve task performance.,-0.3787298924689386,MODERATE,You find most apps usable but sometimes need time to learn.,0.19435268941150957,MODERATE,You sometimes try new technology when it seems relevant.,0.009599706120775372,MODERATE,You have a neutral-to-positive attitude toward AI activities.,-0.576316572745085,LOW,You doubt that current AI handles complex real-world tasks well.
H_0903,1.5529005815247832,HIGH,You strongly believe AI tools improve efficiency and outcomes.,0.9530688363138705,HIGH,You pick up new technology quickly and find it intuitive.,1.0672016097341956,HIGH,You actively seek out and adopt useful new technology tools.,0.8303913807366318,HIGH,You feel enthusiastic and positive about AI-assisted activities.,-0.3016702671110254,MODERATE,You think current AI has reasonable but limited capability.
H_0904,0.5163905111542793,HIGH,You strongly believe AI tools improve efficiency and outcomes.,0.4886574687879671,MODERATE,You find most apps usable but sometimes need time to learn.,1.0689275891376977,HIGH,You actively seek out and adopt useful new technology tools.,0.2921922571012026,MODERATE,You have a neutral-to-positive attitude toward AI activities.,1.0531212165363033,HIGH,You believe current AI is capable of complex information tasks.
H_0905,-0.8495708498554474,LOW,You are skeptical that AI tools genuinely improve task performance.,0.23463441479382308,MODERATE,You find most apps usable but sometimes need time to learn.,0.7664777363943264,HIGH,You actively seek out and adopt useful new technology tools.,1.7043470268247247,HIGH,You feel enthusiastic and positive about AI-assisted activities.,-0.15269988658340228,MODERATE,You think current AI has reasonable but limited capability.
H_0906,-0.9359550652664277,LOW,You are skeptical that AI tools genuinely improve task performance.,-1.1861819075916233,LOW,You find new technology interfaces difficult and frustrating.,-0.9852955644763516,LOW,You rarely choose to adopt new digital tools in daily life.,-1.3815666524463626,LOW,You feel somewhat uncomfortable or skeptical about AI activities.,0.5361766002411966,HIGH,You believe current AI is capable of complex information tasks.
H_0907,0.37959451906721037,MODERATE,You think AI tools can be somewhat useful for certain tasks.,-0.7347174332999522,LOW,You find new technology interfaces difficult and frustrating.,-0.13667078001094404,MODERATE,You sometimes try new technology when it seems relevant.,0.42489970146328854,MODERATE,You have a neutral-to-positive attitude toward AI activities.,-0.7964040268752203,LOW,You doubt that current AI handles complex real-world tasks well.
H_0908,0.6485728561161578,HIGH,You strongly believe AI tools improve efficiency and outcomes.,0.5635700191029351,HIGH,You pick up new technology quickly and find it intuitive.,0.11595489885542867,MODERATE,You sometimes try new technology when it seems relevant.,0.8393886000960512,HIGH,You feel enthusiastic and positive about AI-assisted activities.,0.08270524053819553,MODERATE,You think current AI has reasonable but limited capability.
H_0909,1.2887437723980504,HIGH,You strongly believe AI tools improve efficiency and outcomes.,1.707004303795648,HIGH,You pick up new technology quickly and find it intuitive.,0.8303623426633249,HIGH,You actively seek out and adopt useful new technology tools.,1.0262885590513948,HIGH,You feel enthusiastic and positive about AI-assisted activities.,-1.3672778138570079,LOW,You doubt that current AI handles complex real-world tasks well.
H_0910,-0.7106974411677124,LOW,You are skeptical that AI tools genuinely improve task performance.,-0.2584431901262876,MODERATE,You find most apps usable but sometimes need time to learn.,-0.31496840133502485,MODERATE,You sometimes try new technology when it seems relevant.,-0.5395724954596212,LOW,You feel somewhat uncomfortable or skeptical about AI activities.,-0.24091904237719697,MODERATE,You think current AI has reasonable but limited capability.
H_0911,-0.558648552078738,LOW,You are skeptical that AI tools genuinely improve task performance.,-1.8053734390762972,LOW,You find new technology interfaces difficult and frustrating.,-0.6704079200841883,LOW,You rarely choose to adopt new digital tools in daily life.,-0.9152667986660428,LOW,You feel somewhat uncomfortable or skeptical about AI activities.,-1.3366998272721058,LOW,You doubt that current AI handles complex real-world tasks well.
H_0912,0.5208076836180207,HIGH,You strongly believe AI tools improve efficiency and outcomes.,-0.08655963970688112,MODERATE,You find most apps usable but sometimes need time to learn.,-0.4628951186455311,MODERATE,You sometimes try new technology when it seems relevant.,0.2869914546654068,MODERATE,You have a neutral-to-positive attitude toward AI activities.,0.9121304914876304,HIGH,You believe current AI is capable of complex information tasks.
H_0913,0.786218017502306,HIGH,You strongly believe AI tools improve efficiency and outcomes.,1.227367845211902,HIGH,You pick up new technology quickly and find it intuitive.,0.9506638540461869,HIGH,You actively seek out and adopt useful new technology tools.,1.529935530434333,HIGH,You feel enthusiastic and positive about AI-assisted activities.,-0.8517821427266243,LOW,You doubt that current AI handles complex real-world tasks well.
H_0914,-0.3441005856928021,MODERATE,You think AI tools can be somewhat useful for certain tasks.,1.4559706638658627,HIGH,You pick up new technology quickly and find it intuitive.,0.7346601196426227,HIGH,You actively seek out and adopt useful new technology tools.,0.6783657554090392,HIGH,You feel enthusiastic and positive about AI-assisted activities.,-0.432271250438517,MODERATE,You think current AI has reasonable but limited capability.
H_0915,0.8005202452026401,HIGH,You strongly believe AI tools improve efficiency and outcomes.,-0.24279165550767368,MODERATE,You find most apps usable but sometimes need time to learn.,0.745066349415754,HIGH,You actively seek out and adopt useful new technology tools.,0.0781494702695,MODERATE,You have a neutral-to-positive attitude toward AI activities.,0.7804048028587547,HIGH,You believe current AI is capable of complex information tasks.
H_0916,0.41810184049056043,MODERATE,You think AI tools can be somewhat useful for certain tasks.,-1.177601775578913,LOW,You find new technology interfaces difficult and frustrating.,-0.3283449799958999,MODERATE,You sometimes try new technology when it seems relevant.,0.5560679617544589,HIGH,You feel enthusiastic and positive about AI-assisted activities.,1.3809491255456754,HIGH,You believe current AI is capable of complex information tasks.
H_0917,-0.6510869380864172,LOW,You are skeptical that AI tools genuinely improve task performance.,0.10034133263835615,MODERATE,You find most apps usable but sometimes need time to learn.,-0.30828165159056153,MODERATE,You sometimes try new technology when it seems relevant.,-0.37225176278331784,MODERATE,You have a neutral-to-positive attitude toward AI activities.,0.6876613185106577,HIGH,You believe current AI is capable of complex information tasks.
H_0918,-0.6854248170828717,LOW,You are skeptical that AI tools genuinely improve task performance.,-1.6000695631823298,LOW,You find new technology interfaces difficult and frustrating.,0.09530581459630541,MODERATE,You sometimes try new technology when it seems relevant.,-1.1141912158909946,LOW,You feel somewhat uncomfortable or skeptical about AI activities.,-1.2153812066832639,LOW,You doubt that current AI handles complex real-world tasks well.
H_0919,1.767476803681951,HIGH,You strongly believe AI tools improve efficiency and outcomes.,-0.40109481708050193,MODERATE,You find most apps usable but sometimes need time to learn.,0.2644409920278291,MODERATE,You sometimes try new technology when it seems relevant.,0.25821238730279944,MODERATE,You have a neutral-to-positive attitude toward AI activities.,0.1252425818217014,MODERATE,You think current AI has reasonable but limited capability.
H_0920,-0.44277169066727873,MODERATE,You think AI tools can be somewhat useful for certain tasks.,-0.959348833278645,LOW,You find new technology interfaces difficult and frustrating.,-0.4194207561299552,MODERATE,You sometimes try new technology when it seems relevant.,0.7909162238316668,HIGH,You feel enthusiastic and positive about AI-assisted activities.,0.4414915512901659,MODERATE,You think current AI has reasonable but limited capability.
H_0921,-0.6315894860931923,LOW,You are skeptical that AI tools genuinely improve task performance.,-0.8320539631727109,LOW,You find new technology interfaces difficult and frustrating.,1.6311486232894254,HIGH,You actively seek out and adopt useful new technology tools.,0.41617662202481653,MODERATE,You have a neutral-to-positive attitude toward AI activities.,0.12947009612782934,MODERATE,You think current AI has reasonable but limited capability.
H_0922,-0.21824989156076843,MODERATE,You think AI tools can be somewhat useful for certain tasks.,-0.00047500013159178386,MODERATE,You find most apps usable but sometimes need time to learn.,0.6704161115211911,HIGH,You actively seek out and adopt useful new technology tools.,-0.08983328738165866,MODERATE,You have a neutral-to-positive attitude toward AI activities.,0.6724876262702757,HIGH,You believe current AI is capable of complex information tasks.
H_0923,0.15869410303926798,MODERATE,You think AI tools can be somewhat useful for certain tasks.,-0.9975596690722638,LOW,You find new technology interfaces difficult and frustrating.,-0.6084490401228383,LOW,You rarely choose to adopt new digital tools in daily life.,-0.33789531557098806,MODERATE,You have a neutral-to-positive attitude toward AI activities.,1.7571013715695518,HIGH,You believe current AI is capable of complex information tasks.
H_0924,0.38165596430841303,MODERATE,You think AI tools can be somewhat useful for certain tasks.,2.1344123309227263,HIGH,You pick up new technology quickly and find it intuitive.,0.05122238941884536,MODERATE,You sometimes try new technology when it seems relevant.,-0.0888835495542262,MODERATE,You have a neutral-to-positive attitude toward AI activities.,-1.425217933688783,LOW,You doubt that current AI handles complex real-world tasks well.
H_0925,-0.03255990025032978,MODERATE,You think AI tools can be somewhat useful for certain tasks.,0.9223691630924452,HIGH,You pick up new technology quickly and find it intuitive.,0.7845933700092209,HIGH,You actively seek out and adopt useful new technology tools.,0.9281309336086907,HIGH,You feel enthusiastic and positive about AI-assisted activities.,-1.1434729251331222,LOW,You doubt that current AI handles complex real-world tasks well.
H_0926,-1.6569482091615537,LOW,You are skeptical that AI tools genuinely improve task performance.,-0.06877393652908716,MODERATE,You find most apps usable but sometimes need time to learn.,-1.3623933465786275,LOW,You rarely choose to adopt new digital tools in daily life.,-0.9024525404807406,LOW,You feel somewhat uncomfortable or skeptical about AI activities.,-0.38958313135545297,MODERATE,You think current AI has reasonable but limited capability.
H_0927,0.7273410298494414,HIGH,You strongly believe AI tools improve efficiency and outcomes.,0.9770698385280051,HIGH,You pick up new technology quickly and find it intuitive.,1.5047267738096355,HIGH,You actively seek out and adopt useful new technology tools.,0.9605195512282039,HIGH,You feel enthusiastic and positive about AI-assisted activities.,1.5902287555690384,HIGH,You believe current AI is capable of complex information tasks.
H_0928,3.6243535193035044,HIGH,You strongly believe AI tools improve efficiency and outcomes.,2.471910683396861,HIGH,You pick up new technology quickly and find it intuitive.,2.981328616671836,HIGH,You actively seek out and adopt useful new technology tools.,0.41182384229277263,MODERATE,You have a neutral-to-positive attitude toward AI activities.,0.9909891117340341,HIGH,You believe current AI is capable of complex information tasks.
H_0929,-1.4755955374414174,LOW,You are skeptical that AI tools genuinely improve task performance.,-0.1517235072313408,MODERATE,You find most apps usable but sometimes need time to learn.,-0.6384139130777794,LOW,You rarely choose to adopt new digital tools in daily life.,-0.09159259338342061,MODERATE,You have a neutral-to-positive attitude toward AI activities.,-0.5247998434556707,LOW,You doubt that current AI handles complex real-world tasks well.
H_0930,-0.3625634165426641,MODERATE,You think AI tools can be somewhat useful for certain tasks.,-1.2306243175547116,LOW,You find new technology interfaces difficult and frustrating.,-1.9641682598629764,LOW,You rarely choose to adopt new digital tools in daily life.,-2.024444176751049,LOW,You feel somewhat uncomfortable or skeptical about AI activities.,-0.18129780992038286,MODERATE,You think current AI has reasonable but limited capability.
H_0931,-0.16746744503451802,MODERATE,You think AI tools can be somewhat useful for certain tasks.,0.17741701151677472,MODERATE,You find most apps usable but sometimes need time to learn.,0.24646601655236358,MODERATE,You sometimes try new technology when it seems relevant.,0.8226055996359001,HIGH,You feel enthusiastic and positive about AI-assisted activities.,-0.25115591544385474,MODERATE,You think current AI has reasonable but limited capability.
H_0932,-1.842064785126125,LOW,You are skeptical that AI tools genuinely improve task performance.,-0.6744598622235493,LOW,You find new technology interfaces difficult and frustrating.,-1.5703291153770784,LOW,You rarely choose to adopt new digital tools in daily life.,-2.3173680078505363,LOW,You feel somewhat uncomfortable or skeptical about AI activities.,-1.2882474406518196,LOW,You doubt that current AI handles complex real-world tasks well.
H_0933,-0.9048506120053106,LOW,You are skeptical that AI tools genuinely improve task performance.,-0.6685518208477835,LOW,You find new technology interfaces difficult and frustrating.,-1.7636855406432659,LOW,You rarely choose to adopt new digital tools in daily life.,-1.0715667859562819,LOW,You feel somewhat uncomfortable or skeptical about AI activities.,-0.9634053635517397,LOW,You doubt that current AI handles complex real-world tasks well.
H_0934,0.5638923683299755,HIGH,You strongly believe AI tools improve efficiency and outcomes.,-1.1891015075096767,LOW,You find new technology interfaces difficult and frustrating.,0.08797002257569188,MODERATE,You sometimes try new technology when it seems relevant.,0.16254232829650436,MODERATE,You have a neutral-to-positive attitude toward AI activities.,0.9198247288217262,HIGH,You believe current AI is capable of complex information tasks.
H_0935,0.04402311237723164,MODERATE,You think AI tools can be somewhat useful for certain tasks.,-0.855877414920382,LOW,You find new technology interfaces difficult and frustrating.,-1.5643264806926,LOW,You rarely choose to adopt new digital tools in daily life.,-0.6020255249182133,LOW,You feel somewhat uncomfortable or skeptical about AI activities.,0.7390345756210245,HIGH,You believe current AI is capable of complex information tasks.
H_0936,0.23430389355557263,MODERATE,You think AI tools can be somewhat useful for certain tasks.,-0.05232450950479007,MODERATE,You find most apps usable but sometimes need time to learn.,1.3026744930542786,HIGH,You actively seek out and adopt useful new technology tools.,1.4273194106482747,HIGH,You feel enthusiastic and positive about AI-assisted activities.,0.49052515175142064,MODERATE,You think current AI has reasonable but limited capability.
H_0937,0.5500721662503274,HIGH,You strongly believe AI tools improve efficiency and outcomes.,-0.9498435644291965,LOW,You find new technology interfaces difficult and frustrating.,0.6232284789016874,HIGH,You actively seek out and adopt useful new technology tools.,-0.3102288614050211,MODERATE,You have a neutral-to-positive attitude toward AI activities.,0.942400565822394,HIGH,You believe current AI is capable of complex information tasks.
H_0938,0.3453779692465794,MODERATE,You think AI tools can be somewhat useful for certain tasks.,0.04623483752173112,MODERATE,You find most apps usable but sometimes need time to learn.,-1.0884485201902938,LOW,You rarely choose to adopt new digital tools in daily life.,-1.4059487489132443,LOW,You feel somewhat uncomfortable or skeptical about AI activities.,-0.24674331710543843,MODERATE,You think current AI has reasonable but limited capability.
H_0939,-0.2726577994120743,MODERATE,You think AI tools can be somewhat useful for certain tasks.,-0.5421662354434779,LOW,You find new technology interfaces difficult and frustrating.,0.561213976105241,HIGH,You actively seek out and adopt useful new technology tools.,0.3127435361057886,MODERATE,You have a neutral-to-positive attitude toward AI activities.,0.21443049256570695,MODERATE,You think current AI has reasonable but limited capability.
H_0940,0.055214477384913384,MODERATE,You think AI tools can be somewhat useful for certain tasks.,-0.7850053909210976,LOW,You find new technology interfaces difficult and frustrating.,0.8736276566319932,HIGH,You actively seek out and adopt useful new technology tools.,0.3264282940789061,MODERATE,You have a neutral-to-positive attitude toward AI activities.,0.14857172505016641,MODERATE,You think current AI has reasonable but limited capability.
H_0941,0.39615553722091285,MODERATE,You think AI tools can be somewhat useful for certain tasks.,0.40555561527983014,MODERATE,You find most apps usable but sometimes need time to learn.,0.20559367919711652,MODERATE,You sometimes try new technology when it seems relevant.,0.9358257539807622,HIGH,You feel enthusiastic and positive about AI-assisted activities.,1.8823892717672244,HIGH,You believe current AI is capable of complex information tasks.
H_0942,-0.41861473857282966,MODERATE,You think AI tools can be somewhat useful for certain tasks.,0.4891220866550031,MODERATE,You find most apps usable but sometimes need time to learn.,0.7190450249007578,HIGH,You actively seek out and adopt useful new technology tools.,0.5073690248643532,HIGH,You feel enthusiastic and positive about AI-assisted activities.,-0.9561964576093249,LOW,You doubt that current AI handles complex real-world tasks well.
H_0943,0.27339545157247946,MODERATE,You think AI tools can be somewhat useful for certain tasks.,0.1272153647145727,MODERATE,You find most apps usable but sometimes need time to learn.,0.8138001197689874,HIGH,You actively seek out and adopt useful new technology tools.,0.8120885410183158,HIGH,You feel enthusiastic and positive about AI-assisted activities.,0.09897588040392369,MODERATE,You think current AI has reasonable but limited capability.
H_0944,-0.39396757241114755,MODERATE,You think AI tools can be somewhat useful for certain tasks.,-0.8954183932390908,LOW,You find new technology interfaces difficult and frustrating.,1.3091598894915442,HIGH,You actively seek out and adopt useful new technology tools.,1.0520459138662113,HIGH,You feel enthusiastic and positive about AI-assisted activities.,-1.2948031460070544,LOW,You doubt that current AI handles complex real-world tasks well.
H_0945,-0.6187358826449818,LOW,You are skeptical that AI tools genuinely improve task performance.,-0.7912619275592251,LOW,You find new technology interfaces difficult and frustrating.,-0.5765251481715193,LOW,You rarely choose to adopt new digital tools in daily life.,-0.7478073707783899,LOW,You feel somewhat uncomfortable or skeptical about AI activities.,-1.0212301278750715,LOW,You doubt that current AI handles complex real-world tasks well.
H_0946,1.6227637242972421,HIGH,You strongly believe AI tools improve efficiency and outcomes.,2.746345618862358,HIGH,You pick up new technology quickly and find it intuitive.,2.6486728446662746,HIGH,You actively seek out and adopt useful new technology tools.,2.732251991609605,HIGH,You feel enthusiastic and positive about AI-assisted activities.,1.8588031681750496,HIGH,You believe current AI is capable of complex information tasks.
H_0947,0.7065021815887376,HIGH,You strongly believe AI tools improve efficiency and outcomes.,1.6270744559566337,HIGH,You pick up new technology quickly and find it intuitive.,0.5936448175914554,HIGH,You actively seek out and adopt useful new technology tools.,0.9399013676837427,HIGH,You feel enthusiastic and positive about AI-assisted activities.,0.5193002013515895,HIGH,You believe current AI is capable of complex information tasks.
H_0948,0.01617193758429828,MODERATE,You think AI tools can be somewhat useful for certain tasks.,-0.868660748596906,LOW,You find new technology interfaces difficult and frustrating.,-1.5817324056882553,LOW,You rarely choose to adopt new digital tools in daily life.,-0.8328649800884458,LOW,You feel somewhat uncomfortable or skeptical about AI activities.,-0.21310753414094483,MODERATE,You think current AI has reasonable but limited capability.
H_0949,-0.6714394135667967,LOW,You are skeptical that AI tools genuinely improve task performance.,-0.35509484651145795,MODERATE,You find most apps usable but sometimes need time to learn.,-0.8280164510103724,LOW,You rarely choose to adopt new digital tools in daily life.,0.5915622486146409,HIGH,You feel enthusiastic and positive about AI-assisted activities.,-0.7173154598477663,LOW,You doubt that current AI handles complex real-world tasks well.
H_0950,0.7842336285033423,HIGH,You strongly believe AI tools improve efficiency and outcomes.,0.7901242924083662,HIGH,You pick up new technology quickly and find it intuitive.,-0.19157394238913297,MODERATE,You sometimes try new technology when it seems relevant.,-0.06015289233394418,MODERATE,You have a neutral-to-positive attitude toward AI activities.,-0.33782449001832165,MODERATE,You think current AI has reasonable but limited capability.
H_0951,-0.636269513317848,LOW,You are skeptical that AI tools genuinely improve task performance.,-0.6092568231991818,LOW,You find new technology interfaces difficult and frustrating.,-0.8282923865858948,LOW,You rarely choose to adopt new digital tools in daily life.,-1.3165874870765268,LOW,You feel somewhat uncomfortable or skeptical about AI activities.,-0.5805750758477459,LOW,You doubt that current AI handles complex real-world tasks well.
H_0952,0.07559124212016367,MODERATE,You think AI tools can be somewhat useful for certain tasks.,-1.1253324869032864,LOW,You find new technology interfaces difficult and frustrating.,-0.9381372248583366,LOW,You rarely choose to adopt new digital tools in daily life.,-0.11024648482410095,MODERATE,You have a neutral-to-positive attitude toward AI activities.,1.138165846624361,HIGH,You believe current AI is capable of complex information tasks.
H_0953,0.7933018143681075,HIGH,You strongly believe AI tools improve efficiency and outcomes.,0.40842519307534275,MODERATE,You find most apps usable but sometimes need time to learn.,1.8815704637566688,HIGH,You actively seek out and adopt useful new technology tools.,0.8709505887323231,HIGH,You feel enthusiastic and positive about AI-assisted activities.,0.587835102855746,HIGH,You believe current AI is capable of complex information tasks.
H_0954,-0.8353955210582269,LOW,You are skeptical that AI tools genuinely improve task performance.,0.2872854901054146,MODERATE,You find most apps usable but sometimes need time to learn.,-0.8593103043230491,LOW,You rarely choose to adopt new digital tools in daily life.,0.031292336696148566,MODERATE,You have a neutral-to-positive attitude toward AI activities.,0.7130478763293046,HIGH,You believe current AI is capable of complex information tasks.
H_0955,-0.039556993017213514,MODERATE,You think AI tools can be somewhat useful for certain tasks.,-0.3233855275154406,MODERATE,You find most apps usable but sometimes need time to learn.,0.788364067448416,HIGH,You actively seek out and adopt useful new technology tools.,-1.2848209599498988,LOW,You feel somewhat uncomfortable or skeptical about AI activities.,1.0074932522248965,HIGH,You believe current AI is capable of complex information tasks.
H_0956,0.014718528698475014,MODERATE,You think AI tools can be somewhat useful for certain tasks.,-1.5019690124259324,LOW,You find new technology interfaces difficult and frustrating.,0.8723362010282512,HIGH,You actively seek out and adopt useful new technology tools.,-2.157452605803267,LOW,You feel somewhat uncomfortable or skeptical about AI activities.,-0.08672102016667081,MODERATE,You think current AI has reasonable but limited capability.
H_0957,0.3906871445389523,MODERATE,You think AI tools can be somewhat useful for certain tasks.,0.7423496151182779,HIGH,You pick up new technology quickly and find it intuitive.,-1.8881369907667893,LOW,You rarely choose to adopt new digital tools in daily life.,0.7224661361174244,HIGH,You feel enthusiastic and positive about AI-assisted activities.,-1.125774784343961,LOW,You doubt that current AI handles complex real-world tasks well.
H_0958,1.5259493631467609,HIGH,You strongly believe AI tools improve efficiency and outcomes.,0.22076481341799684,MODERATE,You find most apps usable but sometimes need time to learn.,0.04284188686811516,MODERATE,You sometimes try new technology when it seems relevant.,-0.15389783387872383,MODERATE,You have a neutral-to-positive attitude toward AI activities.,-0.7661978415124286,LOW,You doubt that current AI handles complex real-world tasks well.
H_0959,0.054241576842053565,MODERATE,You think AI tools can be somewhat useful for certain tasks.,0.3471549782748838,MODERATE,You find most apps usable but sometimes need time to learn.,0.13541458724156583,MODERATE,You sometimes try new technology when it seems relevant.,0.05557058748120388,MODERATE,You have a neutral-to-positive attitude toward AI activities.,0.46182892737451037,MODERATE,You think current AI has reasonable but limited capability.
H_0960,2.3025912410238067,HIGH,You strongly believe AI tools improve efficiency and outcomes.,1.7942417973964908,HIGH,You pick up new technology quickly and find it intuitive.,-0.024217606242676333,MODERATE,You sometimes try new technology when it seems relevant.,0.7385625053857647,HIGH,You feel enthusiastic and positive about AI-assisted activities.,-0.4052409884149499,MODERATE,You think current AI has reasonable but limited capability.
H_0961,0.0634874368757475,MODERATE,You think AI tools can be somewhat useful for certain tasks.,0.5377267161465555,HIGH,You pick up new technology quickly and find it intuitive.,-0.7490891877881714,LOW,You rarely choose to adopt new digital tools in daily life.,-0.9455645235532518,LOW,You feel somewhat uncomfortable or skeptical about AI activities.,-0.7310156266312888,LOW,You doubt that current AI handles complex real-world tasks well.
H_0962,0.40204452375175853,MODERATE,You think AI tools can be somewhat useful for certain tasks.,0.9415684137828231,HIGH,You pick up new technology quickly and find it intuitive.,1.5249973266081498,HIGH,You actively seek out and adopt useful new technology tools.,1.235430887791734,HIGH,You feel enthusiastic and positive about AI-assisted activities.,1.8974411079878677,HIGH,You believe current AI is capable of complex information tasks.
H_0963,-0.19491468999244804,MODERATE,You think AI tools can be somewhat useful for certain tasks.,-0.968940718638912,LOW,You find new technology interfaces difficult and frustrating.,-1.4361885427978858,LOW,You rarely choose to adopt new digital tools in daily life.,-0.9332171889777118,LOW,You feel somewhat uncomfortable or skeptical about AI activities.,0.9885102075095612,HIGH,You believe current AI is capable of complex information tasks.
H_0964,-0.11374070214828574,MODERATE,You think AI tools can be somewhat useful for certain tasks.,0.800203165112854,HIGH,You pick up new technology quickly and find it intuitive.,0.7286648230311711,HIGH,You actively seek out and adopt useful new technology tools.,0.3238408670186186,MODERATE,You have a neutral-to-positive attitude toward AI activities.,-0.955183642389979,LOW,You doubt that current AI handles complex real-world tasks well.
H_0965,0.16214774711060317,MODERATE,You think AI tools can be somewhat useful for certain tasks.,0.7248079448362923,HIGH,You pick up new technology quickly and find it intuitive.,-0.12461192024267957,MODERATE,You sometimes try new technology when it seems relevant.,-0.12471036473920877,MODERATE,You have a neutral-to-positive attitude toward AI activities.,-0.0029760422068859215,MODERATE,You think current AI has reasonable but limited capability.
H_0966,-0.7566250921898274,LOW,You are skeptical that AI tools genuinely improve task performance.,-0.5393616222933604,LOW,You find new technology interfaces difficult and frustrating.,0.6714422761822064,HIGH,You actively seek out and adopt useful new technology tools.,-0.37254608865891137,MODERATE,You have a neutral-to-positive attitude toward AI activities.,0.18265904317739223,MODERATE,You think current AI has reasonable but limited capability.
H_0967,-1.088707408950934,LOW,You are skeptical that AI tools genuinely improve task performance.,-0.7331662059140844,LOW,You find new technology interfaces difficult and frustrating.,-0.01819258890467651,MODERATE,You sometimes try new technology when it seems relevant.,-1.711381963841792,LOW,You feel somewhat uncomfortable or skeptical about AI activities.,0.6683226185367374,HIGH,You believe current AI is capable of complex information tasks.
H_0968,-0.8523453261323868,LOW,You are skeptical that AI tools genuinely improve task performance.,0.7889836720525929,HIGH,You pick up new technology quickly and find it intuitive.,0.11136999255101436,MODERATE,You sometimes try new technology when it seems relevant.,-0.43412295653599664,MODERATE,You have a neutral-to-positive attitude toward AI activities.,0.27081277962943207,MODERATE,You think current AI has reasonable but limited capability.
H_0969,0.6965365364080431,HIGH,You strongly believe AI tools improve efficiency and outcomes.,-0.013786252295368107,MODERATE,You find most apps usable but sometimes need time to learn.,0.26002486808007486,MODERATE,You sometimes try new technology when it seems relevant.,1.3468268595601096,HIGH,You feel enthusiastic and positive about AI-assisted activities.,0.5514333589199448,HIGH,You believe current AI is capable of complex information tasks.
H_0970,-0.12314827332165938,MODERATE,You think AI tools can be somewhat useful for certain tasks.,0.0946008061269422,MODERATE,You find most apps usable but sometimes need time to learn.,-1.6766015630876958,LOW,You rarely choose to adopt new digital tools in daily life.,-0.9321990293322856,LOW,You feel somewhat uncomfortable or skeptical about AI activities.,1.0075939049861171,HIGH,You believe current AI is capable of complex information tasks.
H_0971,2.039486240779452,HIGH,You strongly believe AI tools improve efficiency and outcomes.,1.1520114858396688,HIGH,You pick up new technology quickly and find it intuitive.,2.5934617146186585,HIGH,You actively seek out and adopt useful new technology tools.,3.427804717766039,HIGH,You feel enthusiastic and positive about AI-assisted activities.,-0.12675781032670042,MODERATE,You think current AI has reasonable but limited capability.
H_0972,-1.9750294389315461,LOW,You are skeptical that AI tools genuinely improve task performance.,-2.2917599169087794,LOW,You find new technology interfaces difficult and frustrating.,-1.1258422145704112,LOW,You rarely choose to adopt new digital tools in daily life.,-1.478532128465014,LOW,You feel somewhat uncomfortable or skeptical about AI activities.,-1.7878816802959776,LOW,You doubt that current AI handles complex real-world tasks well.
H_0973,1.1927288232761082,HIGH,You strongly believe AI tools improve efficiency and outcomes.,0.6305841061577179,HIGH,You pick up new technology quickly and find it intuitive.,-0.33810835949050466,MODERATE,You sometimes try new technology when it seems relevant.,-0.2455487211594183,MODERATE,You have a neutral-to-positive attitude toward AI activities.,0.5406426556927745,HIGH,You believe current AI is capable of complex information tasks.
H_0974,1.2773282098080383,HIGH,You strongly believe AI tools improve efficiency and outcomes.,1.1764832267931693,HIGH,You pick up new technology quickly and find it intuitive.,1.5932582097896721,HIGH,You actively seek out and adopt useful new technology tools.,1.1287851250787422,HIGH,You feel enthusiastic and positive about AI-assisted activities.,0.9373727893493,HIGH,You believe current AI is capable of complex information tasks.
H_0975,-2.53333973718109,LOW,You are skeptical that AI tools genuinely improve task performance.,-1.2263507531687017,LOW,You find new technology interfaces difficult and frustrating.,-1.7822236489942782,LOW,You rarely choose to adopt new digital tools in daily life.,-2.5832657489265256,LOW,You feel somewhat uncomfortable or skeptical about AI activities.,-3.1668965207358517,LOW,You doubt that current AI handles complex real-world tasks well.
H_0976,1.1672248579877944,HIGH,You strongly believe AI tools improve efficiency and outcomes.,0.3333476808102409,MODERATE,You find most apps usable but sometimes need time to learn.,-0.1993957617995942,MODERATE,You sometimes try new technology when it seems relevant.,0.908360814873144,HIGH,You feel enthusiastic and positive about AI-assisted activities.,1.5799239970810508,HIGH,You believe current AI is capable of complex information tasks.
H_0977,-1.0308765814967686,LOW,You are skeptical that AI tools genuinely improve task performance.,-0.10206246288255032,MODERATE,You find most apps usable but sometimes need time to learn.,-0.6117753021967949,LOW,You rarely choose to adopt new digital tools in daily life.,-0.2042895207807424,MODERATE,You have a neutral-to-positive attitude toward AI activities.,-1.8225369849168962,LOW,You doubt that current AI handles complex real-world tasks well.
H_0978,0.16728368525335496,MODERATE,You think AI tools can be somewhat useful for certain tasks.,-0.7400407078200859,LOW,You find new technology interfaces difficult and frustrating.,0.20262201741741487,MODERATE,You sometimes try new technology when it seems relevant.,0.8553996767200442,HIGH,You feel enthusiastic and positive about AI-assisted activities.,1.2917719554733478,HIGH,You believe current AI is capable of complex information tasks.
H_0979,0.741819467507565,HIGH,You strongly believe AI tools improve efficiency and outcomes.,1.0661911799109267,HIGH,You pick up new technology quickly and find it intuitive.,0.46312666388290813,MODERATE,You sometimes try new technology when it seems relevant.,-0.32955365910150114,MODERATE,You have a neutral-to-positive attitude toward AI activities.,1.2753365802193195,HIGH,You believe current AI is capable of complex information tasks.
H_0980,-0.39167709474903367,MODERATE,You think AI tools can be somewhat useful for certain tasks.,1.062119250978969,HIGH,You pick up new technology quickly and find it intuitive.,-1.0432627312187068,LOW,You rarely choose to adopt new digital tools in daily life.,-0.2247252395615189,MODERATE,You have a neutral-to-positive attitude toward AI activities.,0.9647104063722525,HIGH,You believe current AI is capable of complex information tasks.
H_0981,0.5449649966535003,HIGH,You strongly believe AI tools improve efficiency and outcomes.,0.9976866800789229,HIGH,You pick up new technology quickly and find it intuitive.,-0.6886395912359126,LOW,You rarely choose to adopt new digital tools in daily life.,0.10197164642048023,MODERATE,You have a neutral-to-positive attitude toward AI activities.,0.6114531889901389,HIGH,You believe current AI is capable of complex information tasks.
H_0982,-0.8652634153878187,LOW,You are skeptical that AI tools genuinely improve task performance.,0.3176078399635945,MODERATE,You find most apps usable but sometimes need time to learn.,-0.7503102713136578,LOW,You rarely choose to adopt new digital tools in daily life.,-1.4492311479755047,LOW,You feel somewhat uncomfortable or skeptical about AI activities.,-0.45588070192528823,MODERATE,You think current AI has reasonable but limited capability.
H_0983,0.3343219594320886,MODERATE,You think AI tools can be somewhat useful for certain tasks.,-0.2967060026391954,MODERATE,You find most apps usable but sometimes need time to learn.,1.682023503727381,HIGH,You actively seek out and adopt useful new technology tools.,0.2997828424865529,MODERATE,You have a neutral-to-positive attitude toward AI activities.,-0.31991979985758856,MODERATE,You think current AI has reasonable but limited capability.
H_0984,-0.9524753734550414,LOW,You are skeptical that AI tools genuinely improve task performance.,0.2534201105129039,MODERATE,You find most apps usable but sometimes need time to learn.,-0.15508065621797737,MODERATE,You sometimes try new technology when it seems relevant.,0.90859399549381,HIGH,You feel enthusiastic and positive about AI-assisted activities.,-0.912307933825562,LOW,You doubt that current AI handles complex real-world tasks well.
H_0985,-2.1960751089150086,LOW,You are skeptical that AI tools genuinely improve task performance.,-1.306227707632419,LOW,You find new technology interfaces difficult and frustrating.,-0.9332335948007711,LOW,You rarely choose to adopt new digital tools in daily life.,-0.6423386307023667,LOW,You feel somewhat uncomfortable or skeptical about AI activities.,-0.9367122863007953,LOW,You doubt that current AI handles complex real-world tasks well.
H_0986,1.1534846584087597,HIGH,You strongly believe AI tools improve efficiency and outcomes.,-0.03330904033135838,MODERATE,You find most apps usable but sometimes need time to learn.,0.08399003174633818,MODERATE,You sometimes try new technology when it seems relevant.,0.031465228533763774,MODERATE,You have a neutral-to-positive attitude toward AI activities.,0.5516982578299972,HIGH,You believe current AI is capable of complex information tasks.
H_0987,-1.6394780627031444,LOW,You are skeptical that AI tools genuinely improve task performance.,-1.4185777049282784,LOW,You find new technology interfaces difficult and frustrating.,-0.8972429490280815,LOW,You rarely choose to adopt new digital tools in daily life.,-1.1433402024003463,LOW,You feel somewhat uncomfortable or skeptical about AI activities.,1.4995258325355236,HIGH,You believe current AI is capable of complex information tasks.
H_0988,-1.0473215105685163,LOW,You are skeptical that AI tools genuinely improve task performance.,-1.022831361395951,LOW,You find new technology interfaces difficult and frustrating.,0.6779831068892003,HIGH,You actively seek out and adopt useful new technology tools.,-0.7083413955460635,LOW,You feel somewhat uncomfortable or skeptical about AI activities.,0.20212522911483458,MODERATE,You think current AI has reasonable but limited capability.
H_0989,-0.06606519074023215,MODERATE,You think AI tools can be somewhat useful for certain tasks.,-0.6148351723304019,LOW,You find new technology interfaces difficult and frustrating.,-1.4065006942024407,LOW,You rarely choose to adopt new digital tools in daily life.,0.24938565118579034,MODERATE,You have a neutral-to-positive attitude toward AI activities.,-0.3756219395378899,MODERATE,You think current AI has reasonable but limited capability.
H_0990,-0.5796631116406173,LOW,You are skeptical that AI tools genuinely improve task performance.,0.23898218048824776,MODERATE,You find most apps usable but sometimes need time to learn.,-1.6451015587729798,LOW,You rarely choose to adopt new digital tools in daily life.,-1.1204013637243238,LOW,You feel somewhat uncomfortable or skeptical about AI activities.,-0.548295840106695,LOW,You doubt that current AI handles complex real-world tasks well.
H_0991,-0.7751247749090852,LOW,You are skeptical that AI tools genuinely improve task performance.,-0.6610218507649943,LOW,You find new technology interfaces difficult and frustrating.,0.522616936644998,HIGH,You actively seek out and adopt useful new technology tools.,0.6180885686084368,HIGH,You feel enthusiastic and positive about AI-assisted activities.,-0.7360775264882691,LOW,You doubt that current AI handles complex real-world tasks well.
H_0992,1.1003910845065636,HIGH,You strongly believe AI tools improve efficiency and outcomes.,0.16578808786702715,MODERATE,You find most apps usable but sometimes need time to learn.,0.9918760561097207,HIGH,You actively seek out and adopt useful new technology tools.,1.495153266894926,HIGH,You feel enthusiastic and positive about AI-assisted activities.,1.2594917604305447,HIGH,You believe current AI is capable of complex information tasks.
H_0993,0.06382688849991947,MODERATE,You think AI tools can be somewhat useful for certain tasks.,0.46480265412344113,MODERATE,You find most apps usable but sometimes need time to learn.,0.16207315641027104,MODERATE,You sometimes try new technology when it seems relevant.,-0.30843797184371086,MODERATE,You have a neutral-to-positive attitude toward AI activities.,0.9818311163721216,HIGH,You believe current AI is capable of complex information tasks.
H_0994,0.29023468376504996,MODERATE,You think AI tools can be somewhat useful for certain tasks.,-0.6531020608720208,LOW,You find new technology interfaces difficult and frustrating.,-0.6129810946189519,LOW,You rarely choose to adopt new digital tools in daily life.,0.8448023867689566,HIGH,You feel enthusiastic and positive about AI-assisted activities.,1.0209209992467798,HIGH,You believe current AI is capable of complex information tasks.
H_0995,0.060368778364445916,MODERATE,You think AI tools can be somewhat useful for certain tasks.,-0.6451719045628251,LOW,You find new technology interfaces difficult and frustrating.,-1.1651042269232013,LOW,You rarely choose to adopt new digital tools in daily life.,-2.5202957611749257,LOW,You feel somewhat uncomfortable or skeptical about AI activities.,-1.3362488229476441,LOW,You doubt that current AI handles complex real-world tasks well.
H_0996,0.9207815834752487,HIGH,You strongly believe AI tools improve efficiency and outcomes.,0.8464108101004248,HIGH,You pick up new technology quickly and find it intuitive.,2.6412129756214275,HIGH,You actively seek out and adopt useful new technology tools.,0.40988328642507155,MODERATE,You have a neutral-to-positive attitude toward AI activities.,0.05188700128965725,MODERATE,You think current AI has reasonable but limited capability.
H_0997,1.0512614036502734,HIGH,You strongly believe AI tools improve efficiency and outcomes.,0.47720038264284415,MODERATE,You find most apps usable but sometimes need time to learn.,1.0366018116259925,HIGH,You actively seek out and adopt useful new technology tools.,1.4787165535401532,HIGH,You feel enthusiastic and positive about AI-assisted activities.,0.1270545504506911,MODERATE,You think current AI has reasonable but limited capability.
H_0998,-1.4624130786107876,LOW,You are skeptical that AI tools genuinely improve task performance.,-1.1498929099100237,LOW,You find new technology interfaces difficult and frustrating.,-2.31788082102572,LOW,You rarely choose to adopt new digital tools in daily life.,-0.09869168610045162,MODERATE,You have a neutral-to-positive attitude toward AI activities.,-0.9388665827357741,LOW,You doubt that current AI handles complex real-world tasks well.
H_0999,1.3752615129052705,HIGH,You strongly believe AI tools improve efficiency and outcomes.,1.548889112774597,HIGH,You pick up new technology quickly and find it intuitive.,2.214685826194311,HIGH,You actively seek out and adopt useful new technology tools.,1.5688840554508747,HIGH,You feel enthusiastic and positive about AI-assisted activities.,0.8732178900105725,HIGH,You believe current AI is capable of complex information tasks.
H_1000,-0.5255071863287172,LOW,You are skeptical that AI tools genuinely improve task performance.,-2.0799541633841097,LOW,You find new technology interfaces difficult and frustrating.,1.5637903438503686,HIGH,You actively seek out and adopt useful new technology tools.,0.5569384027910825,HIGH,You feel enthusiastic and positive about AI-assisted activities.,0.5270648718029266,HIGH,You believe current AI is capable of complex information tasks.
H_1001,0.5819710171823095,HIGH,You strongly believe AI tools improve efficiency and outcomes.,1.5247198284519052,HIGH,You pick up new technology quickly and find it intuitive.,-0.6589236285069712,LOW,You rarely choose to adopt new digital tools in daily life.,0.16809093198362754,MODERATE,You have a neutral-to-positive attitude toward AI activities.,0.008858562434158767,MODERATE,You think current AI has reasonable but limited capability.
H_1002,1.4652416795402683,HIGH,You strongly believe AI tools improve efficiency and outcomes.,0.27952267939864234,MODERATE,You find most apps usable but sometimes need time to learn.,1.4037953757508554,HIGH,You actively seek out and adopt useful new technology tools.,1.164666355380225,HIGH,You feel enthusiastic and positive about AI-assisted activities.,0.08118569975718563,MODERATE,You think current AI has reasonable but limited capability.
H_1003,-1.1297509760775748,LOW,You are skeptical that AI tools genuinely improve task performance.,-1.1844422956867566,LOW,You find new technology interfaces difficult and frustrating.,-1.0010175128264946,LOW,You rarely choose to adopt new digital tools in daily life.,-1.070820979151448,LOW,You feel somewhat uncomfortable or skeptical about AI activities.,-1.5474840712819093,LOW,You doubt that current AI handles complex real-world tasks well.
H_1004,0.20144952041187525,MODERATE,You think AI tools can be somewhat useful for certain tasks.,-0.9159696252346333,LOW,You find new technology interfaces difficult and frustrating.,-0.08817931433660767,MODERATE,You sometimes try new technology when it seems relevant.,0.5026932229076849,HIGH,You feel enthusiastic and positive about AI-assisted activities.,2.4051138753496923,HIGH,You believe current AI is capable of complex information tasks.
H_1005,0.9626250401087917,HIGH,You strongly believe AI tools improve efficiency and outcomes.,-0.12178132101913315,MODERATE,You find most apps usable but sometimes need time to learn.,-1.5807884991987007,LOW,You rarely choose to adopt new digital tools in daily life.,0.6807814567530086,HIGH,You feel enthusiastic and positive about AI-assisted activities.,0.19573067146376125,MODERATE,You think current AI has reasonable but limited capability.
H_1006,0.2217994579463123,MODERATE,You think AI tools can be somewhat useful for certain tasks.,1.468635355554519,HIGH,You pick up new technology quickly and find it intuitive.,0.6668225706165205,HIGH,You actively seek out and adopt useful new technology tools.,0.8519250398894468,HIGH,You feel enthusiastic and positive about AI-assisted activities.,1.5414498617521468,HIGH,You believe current AI is capable of complex information tasks.
H_1007,0.6648770177930078,HIGH,You strongly believe AI tools improve efficiency and outcomes.,0.2774789240425619,MODERATE,You find most apps usable but sometimes need time to learn.,1.3724511317768353,HIGH,You actively seek out and adopt useful new technology tools.,1.8849770137905357,HIGH,You feel enthusiastic and positive about AI-assisted activities.,0.08317539140691696,MODERATE,You think current AI has reasonable but limited capability.
H_1008,-2.8251652534414164,LOW,You are skeptical that AI tools genuinely improve task performance.,-1.006384378181037,LOW,You find new technology interfaces difficult and frustrating.,-0.994818111075932,LOW,You rarely choose to adopt new digital tools in daily life.,-0.9902381181445088,LOW,You feel somewhat uncomfortable or skeptical about AI activities.,-3.074309104480678,LOW,You doubt that current AI handles complex real-world tasks well.
H_1009,0.04470227591635794,MODERATE,You think AI tools can be somewhat useful for certain tasks.,-0.23840520444241545,MODERATE,You find most apps usable but sometimes need time to learn.,-1.5817716545633869,LOW,You rarely choose to adopt new digital tools in daily life.,-0.5821636621634464,LOW,You feel somewhat uncomfortable or skeptical about AI activities.,0.7255563067937206,HIGH,You believe current AI is capable of complex information tasks.
H_1010,-1.5651236688320593,LOW,You are skeptical that AI tools genuinely improve task performance.,-0.30694752582610285,MODERATE,You find most apps usable but sometimes need time to learn.,-1.3184258497677688,LOW,You rarely choose to adopt new digital tools in daily life.,-1.268166791821157,LOW,You feel somewhat uncomfortable or skeptical about AI activities.,0.9819963192677708,HIGH,You believe current AI is capable of complex information tasks.
H_1011,-0.4160123822348428,MODERATE,You think AI tools can be somewhat useful for certain tasks.,-0.7808976798565357,LOW,You find new technology interfaces difficult and frustrating.,0.14810714982039772,MODERATE,You sometimes try new technology when it seems relevant.,-1.0700909514601786,LOW,You feel somewhat uncomfortable or skeptical about AI activities.,-0.5741042942488773,LOW,You doubt that current AI handles complex real-world tasks well.
H_1012,1.0015790271011389,HIGH,You strongly believe AI tools improve efficiency and outcomes.,0.6596124678798821,HIGH,You pick up new technology quickly and find it intuitive.,1.2837526017107161,HIGH,You actively seek out and adopt useful new technology tools.,0.8282499715258504,HIGH,You feel enthusiastic and positive about AI-assisted activities.,0.19013191991699757,MODERATE,You think current AI has reasonable but limited capability.
H_1013,1.0657074679497645,HIGH,You strongly believe AI tools improve efficiency and outcomes.,0.08381931204524777,MODERATE,You find most apps usable but sometimes need time to learn.,-0.02352998651459486,MODERATE,You sometimes try new technology when it seems relevant.,0.57540162611118,HIGH,You feel enthusiastic and positive about AI-assisted activities.,-0.86725045486519,LOW,You doubt that current AI handles complex real-world tasks well.
H_1014,0.11809412659699019,MODERATE,You think AI tools can be somewhat useful for certain tasks.,-1.025405132376037,LOW,You find new technology interfaces difficult and frustrating.,0.413083547295927,MODERATE,You sometimes try new technology when it seems relevant.,0.6304304238190612,HIGH,You feel enthusiastic and positive about AI-assisted activities.,0.5327304598559285,HIGH,You believe current AI is capable of complex information tasks.
H_1015,1.843003553727819,HIGH,You strongly believe AI tools improve efficiency and outcomes.,0.07668093551945393,MODERATE,You find most apps usable but sometimes need time to learn.,0.5699013901945832,HIGH,You actively seek out and adopt useful new technology tools.,0.8212331340508928,HIGH,You feel enthusiastic and positive about AI-assisted activities.,0.8559568995707707,HIGH,You believe current AI is capable of complex information tasks.
H_1016,-0.33155187141539366,MODERATE,You think AI tools can be somewhat useful for certain tasks.,-0.7877190381760897,LOW,You find new technology interfaces difficult and frustrating.,-0.4034491825062628,MODERATE,You sometimes try new technology when it seems relevant.,0.934474331626019,HIGH,You feel enthusiastic and positive about AI-assisted activities.,0.1552703833281019,MODERATE,You think current AI has reasonable but limited capability.
H_1017,1.4223283980229713,HIGH,You strongly believe AI tools improve efficiency and outcomes.,0.3681405527675202,MODERATE,You find most apps usable but sometimes need time to learn.,0.20237150638913548,MODERATE,You sometimes try new technology when it seems relevant.,1.1227100648570048,HIGH,You feel enthusiastic and positive about AI-assisted activities.,0.3549877324095718,MODERATE,You think current AI has reasonable but limited capability.
H_1018,-1.9280702484107584,LOW,You are skeptical that AI tools genuinely improve task performance.,-1.8790799146290356,LOW,You find new technology interfaces difficult and frustrating.,-1.3138164617646981,LOW,You rarely choose to adopt new digital tools in daily life.,-2.070456293315155,LOW,You feel somewhat uncomfortable or skeptical about AI activities.,-1.2307622603289061,LOW,You doubt that current AI handles complex real-world tasks well.
H_1019,0.48696867864917176,MODERATE,You think AI tools can be somewhat useful for certain tasks.,2.5930096408607244,HIGH,You pick up new technology quickly and find it intuitive.,1.1459314957995685,HIGH,You actively seek out and adopt useful new technology tools.,1.2125877587309424,HIGH,You feel enthusiastic and positive about AI-assisted activities.,1.4594305457808479,HIGH,You believe current AI is capable of complex information tasks.
H_1020,0.7893699206714366,HIGH,You strongly believe AI tools improve efficiency and outcomes.,0.8109750986114799,HIGH,You pick up new technology quickly and find it intuitive.,0.16605741938725016,MODERATE,You sometimes try new technology when it seems relevant.,0.17319155711210585,MODERATE,You have a neutral-to-positive attitude toward AI activities.,-0.8397349368742972,LOW,You doubt that current AI handles complex real-world tasks well.
H_1021,-0.8762261503871599,LOW,You are skeptical that AI tools genuinely improve task performance.,-0.9042860953668791,LOW,You find new technology interfaces difficult and frustrating.,-0.6869562075483868,LOW,You rarely choose to adopt new digital tools in daily life.,-0.41789271889097496,MODERATE,You have a neutral-to-positive attitude toward AI activities.,-0.9413003171829807,LOW,You doubt that current AI handles complex real-world tasks well.
H_1022,0.4525797726886161,MODERATE,You think AI tools can be somewhat useful for certain tasks.,-0.2807807307327294,MODERATE,You find most apps usable but sometimes need time to learn.,-0.7729542890902353,LOW,You rarely choose to adopt new digital tools in daily life.,-0.5562052326110122,LOW,You feel somewhat uncomfortable or skeptical about AI activities.,0.49951481926105396,MODERATE,You think current AI has reasonable but limited capability.
H_1023,1.27336863566067,HIGH,You strongly believe AI tools improve efficiency and outcomes.,-0.12804103563741684,MODERATE,You find most apps usable but sometimes need time to learn.,1.1247507548163982,HIGH,You actively seek out and adopt useful new technology tools.,0.7004490862472196,HIGH,You feel enthusiastic and positive about AI-assisted activities.,-1.716435984003543,LOW,You doubt that current AI handles complex real-world tasks well.
H_1024,0.5669781185746549,HIGH,You strongly believe AI tools improve efficiency and outcomes.,-0.3868409141542059,MODERATE,You find most apps usable but sometimes need time to learn.,-0.5424147215679253,LOW,You rarely choose to adopt new digital tools in daily life.,0.030233491447762714,MODERATE,You have a neutral-to-positive attitude toward AI activities.,-1.9335022900624455,LOW,You doubt that current AI handles complex real-world tasks well.
H_1025,1.143291889901082,HIGH,You strongly believe AI tools improve efficiency and outcomes.,1.113863214887577,HIGH,You pick up new technology quickly and find it intuitive.,0.49873935104587774,MODERATE,You sometimes try new technology when it seems relevant.,1.2542669148074919,HIGH,You feel enthusiastic and positive about AI-assisted activities.,1.048762456986254,HIGH,You believe current AI is capable of complex information tasks.
H_1026,0.4544480311911244,MODERATE,You think AI tools can be somewhat useful for certain tasks.,0.5162130523186769,HIGH,You pick up new technology quickly and find it intuitive.,0.3926605208594033,MODERATE,You sometimes try new technology when it seems relevant.,0.5395887891751836,HIGH,You feel enthusiastic and positive about AI-assisted activities.,0.6285445113338314,HIGH,You believe current AI is capable of complex information tasks.
H_1027,-0.5988897314447791,LOW,You are skeptical that AI tools genuinely improve task performance.,-0.5194980527554097,LOW,You find new technology interfaces difficult and frustrating.,0.866395503068536,HIGH,You actively seek out and adopt useful new technology tools.,-0.7614899484343077,LOW,You feel somewhat uncomfortable or skeptical about AI activities.,-0.6276762949618007,LOW,You doubt that current AI handles complex real-world tasks well.
H_1028,0.36223619438744153,MODERATE,You think AI tools can be somewhat useful for certain tasks.,-0.7077234825716526,LOW,You find new technology interfaces difficult and frustrating.,0.47721297499363363,MODERATE,You sometimes try new technology when it seems relevant.,-0.22224087520486313,MODERATE,You have a neutral-to-positive attitude toward AI activities.,-0.22260842652697146,MODERATE,You think current AI has reasonable but limited capability.
H_1029,0.6676266578483928,HIGH,You strongly believe AI tools improve efficiency and outcomes.,-0.5005527288444943,LOW,You find new technology interfaces difficult and frustrating.,0.4070473859946394,MODERATE,You sometimes try new technology when it seems relevant.,1.175212994756436,HIGH,You feel enthusiastic and positive about AI-assisted activities.,0.15366713027001958,MODERATE,You think current AI has reasonable but limited capability.
H_1030,-0.5413089795985797,LOW,You are skeptical that AI tools genuinely improve task performance.,0.20990332165789494,MODERATE,You find most apps usable but sometimes need time to learn.,-0.1939980462082749,MODERATE,You sometimes try new technology when it seems relevant.,0.12196134562309467,MODERATE,You have a neutral-to-positive attitude toward AI activities.,0.027493192079040215,MODERATE,You think current AI has reasonable but limited capability.
H_1031,-1.5396706473253863,LOW,You are skeptical that AI tools genuinely improve task performance.,-1.893851832118755,LOW,You find new technology interfaces difficult and frustrating.,-1.6407435661265983,LOW,You rarely choose to adopt new digital tools in daily life.,-2.4254058740556803,LOW,You feel somewhat uncomfortable or skeptical about AI activities.,-0.6580208711195723,LOW,You doubt that current AI handles complex real-world tasks well.
H_1032,0.03162273875728716,MODERATE,You think AI tools can be somewhat useful for certain tasks.,-2.0942394669843862,LOW,You find new technology interfaces difficult and frustrating.,1.2075088121715545,HIGH,You actively seek out and adopt useful new technology tools.,0.029310919614973282,MODERATE,You have a neutral-to-positive attitude toward AI activities.,0.7603046254155937,HIGH,You believe current AI is capable of complex information tasks.
H_1033,-0.2757684672627133,MODERATE,You think AI tools can be somewhat useful for certain tasks.,0.045084624866038425,MODERATE,You find most apps usable but sometimes need time to learn.,-1.369916246385012,LOW,You rarely choose to adopt new digital tools in daily life.,-0.3581175462804863,MODERATE,You have a neutral-to-positive attitude toward AI activities.,1.2661261176554928,HIGH,You believe current AI is capable of complex information tasks.
H_1034,-0.3194707314917637,MODERATE,You think AI tools can be somewhat useful for certain tasks.,-0.6132861078915427,LOW,You find new technology interfaces difficult and frustrating.,-0.6114061612306954,LOW,You rarely choose to adopt new digital tools in daily life.,-1.6185789627651053,LOW,You feel somewhat uncomfortable or skeptical about AI activities.,-0.30803396973117236,MODERATE,You think current AI has reasonable but limited capability.
H_1035,0.3249708358830128,MODERATE,You think AI tools can be somewhat useful for certain tasks.,-0.0004565136463290296,MODERATE,You find most apps usable but sometimes need time to learn.,-1.247373530218744,LOW,You rarely choose to adopt new digital tools in daily life.,-0.5471445989527582,LOW,You feel somewhat uncomfortable or skeptical about AI activities.,0.46437564658940145,MODERATE,You think current AI has reasonable but limited capability.
H_1036,-1.3346520614203168,LOW,You are skeptical that AI tools genuinely improve task performance.,0.2083536838458705,MODERATE,You find most apps usable but sometimes need time to learn.,-2.324521241555301,LOW,You rarely choose to adopt new digital tools in daily life.,-2.127533906724711,LOW,You feel somewhat uncomfortable or skeptical about AI activities.,-0.7004669467034065,LOW,You doubt that current AI handles complex real-world tasks well.
H_1037,-0.4074593689767562,MODERATE,You think AI tools can be somewhat useful for certain tasks.,0.07733779844541125,MODERATE,You find most apps usable but sometimes need time to learn.,-0.7716665867400456,LOW,You rarely choose to adopt new digital tools in daily life.,0.25878984372947494,MODERATE,You have a neutral-to-positive attitude toward AI activities.,0.11928420091648957,MODERATE,You think current AI has reasonable but limited capability.
H_1038,2.081819188015851,HIGH,You strongly believe AI tools improve efficiency and outcomes.,0.9702892239417661,HIGH,You pick up new technology quickly and find it intuitive.,0.45275631487747015,MODERATE,You sometimes try new technology when it seems relevant.,2.188956906449866,HIGH,You feel enthusiastic and positive about AI-assisted activities.,1.324830156127811,HIGH,You believe current AI is capable of complex information tasks.
H_1039,0.862169470828953,HIGH,You strongly believe AI tools improve efficiency and outcomes.,-0.031282036518240214,MODERATE,You find most apps usable but sometimes need time to learn.,1.294683312331516,HIGH,You actively seek out and adopt useful new technology tools.,-0.42544783585454027,MODERATE,You have a neutral-to-positive attitude toward AI activities.,0.607389172058183,HIGH,You believe current AI is capable of complex information tasks.
H_1040,0.8688640033398409,HIGH,You strongly believe AI tools improve efficiency and outcomes.,0.25650303882223,MODERATE,You find most apps usable but sometimes need time to learn.,0.07506495899232328,MODERATE,You sometimes try new technology when it seems relevant.,0.8446009093164566,HIGH,You feel enthusiastic and positive about AI-assisted activities.,-0.729011426223758,LOW,You doubt that current AI handles complex real-world tasks well.
