source_human_id,response_id,age,generation,sex,country,city,fam_1,fam_2,fam_3,fam_4,fam_5,fam_6,fam_7,use_1,use_2,use_3,use_4,use_5,use_6,use_7,use_8,use_9,use_10,use_11,risk_1,risk_2,risk_3,risk_4,risk_5,risk_6,fam_1_norm,fam_2_norm,fam_3_norm,fam_4_norm,fam_5_norm,fam_6_norm,fam_7_norm,use_1_norm,use_2_norm,use_3_norm,use_4_norm,use_5_norm,use_6_norm,use_7_norm,use_8_norm,use_9_norm,use_10_norm,use_11_norm,risk_1_norm,risk_2_norm,risk_3_norm,risk_4_norm,risk_5_norm,risk_6_norm
H_0007,R_1LdGGTGxBGD8P6X,43-49,younger Gen X,Female,United States,Utah,1,1,1,1,1,1,1,1,1,1,1,1,1,1,1,1,1,1,2,3,4,4,5,2,0.0,0.0,0.0,0.0,0.0,0.0,0.0,0.0,0.0,0.0,0.0,0.0,0.0,0.0,0.0,0.0,0.0,0.0,0.25,0.5,0.75,0.75,1.0,0.25
H_0008,R_2B8v1eE48HNE1D3,22-26,older Gen Z,Female,USA,Hawaii,2,2,2,1,2,2,1,1,1,1,1,1,1,1,1,1,1,5,4,4,1,5,5,2,0.25,0.25,0.25,0.0,0.25,0.25,0.0,0.0,0.0,0.0,0.0,0.0,0.0,0.0,0.0,0.0,0.0,1.0,0.75,0.75,0.0,1.0,1.0,0.25
H_0009,R_2WHyIS78yy6HOsh,22-26,older Gen Z,Female,Indonesia,Cikarang,1,1,1,1,1,1,1,1,1,1,1,1,1,1,1,1,1,1,5,5,4,5,5,1,0.0,0.0,0.0,0.0,0.0,0.0,0.0,0.0,0.0,0.0,0.0,0.0,0.0,0.0,0.0,0.0,0.0,0.0,1.0,1.0,0.75,1.0,1.0,0.0
H_0010,R_UVARrdNDeWl7rC9,22-26,younger Millennials,Female,Kiribati,Tarawa,3,3,3,3,4,3,3,1,1,1,1,1,1,1,1,1,1,1,5,5,5,5,5,5,0.5,0.5,0.5,0.5,0.75,0.5,0.5,0.0,0.0,0.0,0.0,0.0,0.0,0.0,0.0,0.0,0.0,0.0,1.0,1.0,1.0,1.0,1.0,1.0
H_0011,R_3fK2kHxgtRXqc2w,22-26,older Gen Z,Female,USA,Arizona,5,5,5,4,4,3,5,3,2,5,5,1,3,5,4,5,4,3,5,5,5,5,5,5,1.0,1.0,1.0,0.75,0.75,0.5,1.0,0.5,0.25,1.0,1.0,0.0,0.5,1.0,0.75,1.0,0.75,0.5,1.0,1.0,1.0,1.0,1.0,1.0
H_0012,R_QbPNksSY6ZxD6I9,18-21,younger Millennials,Female,Philippines,Philippines,5,5,5,5,5,5,5,5,5,5,5,5,5,5,5,5,5,5,5,5,5,5,5,5,1.0,1.0,1.0,1.0,1.0,1.0,1.0,1.0,1.0,1.0,1.0,1.0,1.0,1.0,1.0,1.0,1.0,1.0,1.0,1.0,1.0,1.0,1.0,1.0
H_0013,R_3Pq79yqFrO6lTSo,18-21,younger Gen Z,Female,United States,Hawaii,3,2,1,1,1,1,1,1,1,1,1,1,1,1,1,1,1,1,5,4,4,4,5,1,0.5,0.25,0.0,0.0,0.0,0.0,0.0,0.0,0.0,0.0,0.0,0.0,0.0,0.0,0.0,0.0,0.0,0.0,1.0,0.75,0.75,0.75,1.0,0.0
H_0014,R_3m2iAeHOkvvCSxP,22-26,older Gen Z,Female,Taiwan,New Taipei City,1,1,2,1,1,1,1,1,1,1,1,1,1,1,1,1,1,1,3,3,2,3,5,1,0.0,0.0,0.25,0.0,0.0,0.0,0.0,0.0,0.0,0.0,0.0,0.0,0.0,0.0,0.0,0.0,0.0,0.0,0.5,0.5,0.25,0.5,1.0,0.0
H_0015,R_2CBN2s4ITmyJFxb,37-42,older Baby Boomer,Female,Philippines,Alicia,3,3,3,3,3,3,4,3,4,3,3,3,3,4,3,4,4,4,5,5,5,4,5,5,0.5,0.5,0.5,0.5,0.5,0.5,0.75,0.5,0.75,0.5,0.5,0.5,0.5,0.75,0.5,0.75,0.75,0.75,1.0,1.0,1.0,0.75,1.0,1.0
H_0016,R_2do28AgTsDkWbbZ,22-26,younger Millennials,Female,Tahiti,Maraea,1,1,1,1,1,1,1,1,1,1,1,1,1,1,1,1,1,1,4,5,5,5,5,5,0.0,0.0,0.0,0.0,0.0,0.0,0.0,0.0,0.0,0.0,0.0,0.0,0.0,0.0,0.0,0.0,0.0,0.0,0.75,1.0,1.0,1.0,1.0,1.0
H_0017,R_1eRcMbAd0elu6bE,43-49,older Gen X,Female,Canada,Cardston,2,1,2,1,1,1,1,1,1,1,1,3,1,1,1,1,3,3,5,5,5,5,5,5,0.25,0.0,0.25,0.0,0.0,0.0,0.0,0.0,0.0,0.0,0.0,0.5,0.0,0.0,0.0,0.0,0.5,0.5,1.0,1.0,1.0,1.0,1.0,1.0
H_0018,R_3DtGLS8PfHfUXwk,22-26,older Gen Z,Female,Usa,Ohio,2,4,1,1,1,1,1,1,1,1,1,1,1,1,1,1,1,1,5,5,5,5,5,2,0.25,0.75,0.0,0.0,0.0,0.0,0.0,0.0,0.0,0.0,0.0,0.0,0.0,0.0,0.0,0.0,0.0,0.0,1.0,1.0,1.0,1.0,1.0,0.25
H_0019,R_1JPHXt1M1z7ekEp,22-26,older Gen Z,Female,United States,Wyoming,1,1,1,1,1,1,1,1,1,1,1,1,1,1,1,1,1,1,3,4,5,4,5,1,0.0,0.0,0.0,0.0,0.0,0.0,0.0,0.0,0.0,0.0,0.0,0.0,0.0,0.0,0.0,0.0,0.0,0.0,0.5,0.75,1.0,0.75,1.0,0.0
H_0020,R_3lFewF0PW8Dl0xL,22-26,younger Millennials,Female,Philippines,Hawaii,5,5,5,5,5,5,3,2,3,2,2,2,2,2,2,3,2,1,5,5,5,5,5,5,1.0,1.0,1.0,1.0,1.0,1.0,0.5,0.25,0.5,0.25,0.25,0.25,0.25,0.25,0.25,0.5,0.25,0.0,1.0,1.0,1.0,1.0,1.0,1.0
H_0021,R_3L5ptBKktFaRKR9,22-26,older Gen Z,Female,Philippines,Bacolod City,4,5,4,5,5,5,3,4,4,3,1,1,1,1,4,3,1,1,4,5,5,4,5,1,0.75,1.0,0.75,1.0,1.0,1.0,0.5,0.75,0.75,0.5,0.0,0.0,0.0,0.0,0.75,0.5,0.0,0.0,0.75,1.0,1.0,0.75,1.0,0.0
H_0022,R_3D1nkWcfoCfJLIo,22-26,older Gen Z,Female,Philippines,Cebu,3,3,3,2,4,4,4,1,1,1,1,1,1,1,1,1,1,1,5,5,4,3,5,2,0.5,0.5,0.5,0.25,0.75,0.75,0.75,0.0,0.0,0.0,0.0,0.0,0.0,0.0,0.0,0.0,0.0,0.0,1.0,1.0,0.75,0.5,1.0,0.25
H_0023,R_1GDMhvUq2YOck9u,37-42,older Millennials,Female,United States,Utah,2,2,2,2,3,2,3,1,1,1,1,1,1,1,1,2,1,1,5,5,5,5,5,2,0.25,0.25,0.25,0.25,0.5,0.25,0.5,0.0,0.0,0.0,0.0,0.0,0.0,0.0,0.0,0.25,0.0,0.0,1.0,1.0,1.0,1.0,1.0,0.25
H_0024,R_Y3NfLIzIQVYpYbf,18-21,younger Gen Z,Female,Mexico,Veracruz,4,3,3,4,3,1,4,4,1,1,2,4,1,1,4,3,5,5,5,1,1,3,5,3,0.75,0.5,0.5,0.75,0.5,0.0,0.75,0.75,0.0,0.0,0.25,0.75,0.0,0.0,0.75,0.5,1.0,1.0,1.0,0.0,0.0,0.5,1.0,0.5
H_0025,R_1pG8njqoprA6oXS,37-42,older Millennials,Female,America,Utah,3,2,2,3,5,4,3,1,1,1,1,1,1,1,2,1,1,1,5,5,5,5,5,5,0.5,0.25,0.25,0.5,1.0,0.75,0.5,0.0,0.0,0.0,0.0,0.0,0.0,0.0,0.25,0.0,0.0,0.0,1.0,1.0,1.0,1.0,1.0,1.0
H_0026,R_2viA7ruiIjPLXtP,18-21,younger Gen Z,Female,United States,San diego,3,5,4,2,4,4,3,1,1,1,1,1,1,1,1,1,1,1,5,5,5,5,5,3,0.5,1.0,0.75,0.25,0.75,0.75,0.5,0.0,0.0,0.0,0.0,0.0,0.0,0.0,0.0,0.0,0.0,0.0,1.0,1.0,1.0,1.0,1.0,0.5
H_0027,R_1jlmL6MgxbFh9u4,50-58,younger Gen X,Female,Usa,Hawaii,5,5,5,5,5,5,5,5,4,4,3,3,3,3,4,3,3,3,5,5,5,5,5,4,1.0,1.0,1.0,1.0,1.0,1.0,1.0,1.0,0.75,0.75,0.5,0.5,0.5,0.5,0.75,0.5,0.5,0.5,1.0,1.0,1.0,1.0,1.0,0.75
H_0028,R_5iDfPQXmAlajW93,18-21,younger Gen Z,Female,United States of America,Florida,5,5,4,5,5,5,4,2,1,2,1,1,2,3,3,4,1,1,5,5,4,5,5,2,1.0,1.0,0.75,1.0,1.0,1.0,0.75,0.25,0.0,0.25,0.0,0.0,0.25,0.5,0.5,0.75,0.0,0.0,1.0,1.0,0.75,1.0,1.0,0.25
H_0029,R_2duzvXOmPtaLE69,18-21,older Gen Z,Female,United States,Utah,2,1,1,1,1,1,1,1,1,1,1,1,1,1,1,1,1,1,5,3,1,4,5,4,0.25,0.0,0.0,0.0,0.0,0.0,0.0,0.0,0.0,0.0,0.0,0.0,0.0,0.0,0.0,0.0,0.0,0.0,1.0,0.5,0.0,0.75,1.0,0.75
H_0030,R_3f0PtYuo2yxDN2F,22-26,older Gen Z,Female,United States,"Boise, Idaho",3,5,3,4,5,5,4,3,3,2,1,1,3,1,3,1,1,1,5,5,4,3,5,3,0.5,1.0,0.5,0.75,1.0,1.0,0.75,0.5,0.5,0.25,0.0,0.0,0.5,0.0,0.5,0.0,0.0,0.0,1.0,1.0,0.75,0.5,1.0,0.5
H_0031,R_2U6s407aG6mlehz,22-26,older Gen X,Female,United States of America,Colorado,4,5,4,4,5,5,4,4,1,1,1,2,5,1,1,4,4,1,5,5,5,5,5,2,0.75,1.0,0.75,0.75,1.0,1.0,0.75,0.75,0.0,0.0,0.0,0.25,1.0,0.0,0.0,0.75,0.75,0.0,1.0,1.0,1.0,1.0,1.0,0.25
H_0032,R_1mErGdVadIpc5sc,50-58,older Gen X,Female,USA,Colorado,1,1,1,1,1,1,1,1,1,1,1,1,1,1,1,1,1,1,5,5,5,5,5,2,0.0,0.0,0.0,0.0,0.0,0.0,0.0,0.0,0.0,0.0,0.0,0.0,0.0,0.0,0.0,0.0,0.0,0.0,1.0,1.0,1.0,1.0,1.0,0.25
H_0033,R_cU99WxXaTsy73q1,18-21,younger Gen Z,Female,United States,Bluffdale Utah,3,4,3,1,4,4,2,1,1,1,1,1,1,1,2,1,1,1,5,5,5,5,5,1,0.5,0.75,0.5,0.0,0.75,0.75,0.25,0.0,0.0,0.0,0.0,0.0,0.0,0.0,0.25,0.0,0.0,0.0,1.0,1.0,1.0,1.0,1.0,0.0
H_0034,R_b70WG7So55NR0uR,18-21,older Gen Z,Female,USA,Hawaii,3,5,3,1,4,5,2,1,1,1,1,1,1,1,1,1,1,1,5,5,5,5,5,1,0.5,1.0,0.5,0.0,0.75,1.0,0.25,0.0,0.0,0.0,0.0,0.0,0.0,0.0,0.0,0.0,0.0,0.0,1.0,1.0,1.0,1.0,1.0,0.0
H_0035,R_pAFqofehVc8jAZ3,22-26,older Gen Z,Female,Philippines,Santa Barbara,5,5,4,3,4,3,4,1,1,1,1,1,1,1,1,1,1,1,4,4,4,5,5,4,1.0,1.0,0.75,0.5,0.75,0.5,0.75,0.0,0.0,0.0,0.0,0.0,0.0,0.0,0.0,0.0,0.0,0.0,0.75,0.75,0.75,1.0,1.0,0.75
H_0036,R_3emCtutLfRwzCjD,18-21,older Gen Z,Female,Philippines,Baguio City,3,4,2,4,4,4,4,2,1,2,1,1,3,1,1,2,1,1,4,5,4,5,5,3,0.5,0.75,0.25,0.75,0.75,0.75,0.75,0.25,0.0,0.25,0.0,0.0,0.5,0.0,0.0,0.25,0.0,0.0,0.75,1.0,0.75,1.0,1.0,0.5
H_0037,R_3CPE34jl7fkjV8C,22-26,older Gen Z,Female,USA,Texas,4,5,4,4,5,5,3,4,4,3,2,1,3,1,3,1,1,1,5,5,5,5,5,2,0.75,1.0,0.75,0.75,1.0,1.0,0.5,0.75,0.75,0.5,0.25,0.0,0.5,0.0,0.5,0.0,0.0,0.0,1.0,1.0,1.0,1.0,1.0,0.25
H_0038,R_xAzQImGzh3tTvTX,22-26,older Gen Z,Female,US,HI,4,4,4,4,4,4,4,5,5,5,1,1,5,5,5,1,1,1,5,5,5,5,5,5,0.75,0.75,0.75,0.75,0.75,0.75,0.75,1.0,1.0,1.0,0.0,0.0,1.0,1.0,1.0,0.0,0.0,0.0,1.0,1.0,1.0,1.0,1.0,1.0
H_0039,R_3kjtpVFJE3nUpme,18-21,younger Gen Z,Female,Japan,Tokyo,4,4,2,3,4,4,5,4,4,4,4,4,4,2,4,1,1,1,5,5,5,5,5,4,0.75,0.75,0.25,0.5,0.75,0.75,1.0,0.75,0.75,0.75,0.75,0.75,0.75,0.25,0.75,0.0,0.0,0.0,1.0,1.0,1.0,1.0,1.0,0.75
H_0040,R_aaeRALiF4fUXsZ3,22-26,older Gen Z,Female,United States,Utah,3,2,4,2,3,3,2,1,2,2,1,1,1,1,4,1,1,1,5,5,4,4,5,1,0.5,0.25,0.75,0.25,0.5,0.5,0.25,0.0,0.25,0.25,0.0,0.0,0.0,0.0,0.75,0.0,0.0,0.0,1.0,1.0,0.75,0.75,1.0,0.0
H_0041,R_2y12B0tVhClD7y5,22-26,Silent Generation,Female,"Tahiti, French Polynesia","Punaauia, Taravao, and Papeete",5,5,5,5,5,5,5,5,4,4,1,3,5,4,5,4,2,1,5,5,5,5,5,5,1.0,1.0,1.0,1.0,1.0,1.0,1.0,1.0,0.75,0.75,0.0,0.5,1.0,0.75,1.0,0.75,0.25,0.0,1.0,1.0,1.0,1.0,1.0,1.0
H_0042,R_9vprzRAiYnBeOA1,27-31,younger Millennials,Female,United States,Hawaii,4,5,3,4,5,4,4,4,4,4,4,1,4,2,5,1,2,1,5,5,5,5,5,3,0.75,1.0,0.5,0.75,1.0,0.75,0.75,0.75,0.75,0.75,0.75,0.0,0.75,0.25,1.0,0.0,0.25,0.0,1.0,1.0,1.0,1.0,1.0,0.5
H_0043,R_1NreZAftqlp6boZ,22-26,younger Millennials,Female,America,Ohio,4,4,3,5,4,5,2,1,2,1,1,1,1,1,1,3,1,1,5,5,5,5,5,1,0.75,0.75,0.5,1.0,0.75,1.0,0.25,0.0,0.25,0.0,0.0,0.0,0.0,0.0,0.0,0.5,0.0,0.0,1.0,1.0,1.0,1.0,1.0,0.0
H_0044,R_27VRnObcfQFutPy,37-42,younger Millennials,Female,United States,Texas,1,1,1,1,1,1,1,1,1,1,1,1,1,1,1,1,1,1,5,5,5,5,5,5,0.0,0.0,0.0,0.0,0.0,0.0,0.0,0.0,0.0,0.0,0.0,0.0,0.0,0.0,0.0,0.0,0.0,0.0,1.0,1.0,1.0,1.0,1.0,1.0
H_0045,R_uwX6NJIrsE6O2K5,22-26,older Gen Z,Female,Philippines,Digos City,5,5,5,4,5,5,5,4,4,4,1,1,1,1,4,1,1,1,5,5,5,5,5,5,1.0,1.0,1.0,0.75,1.0,1.0,1.0,0.75,0.75,0.75,0.0,0.0,0.0,0.0,0.75,0.0,0.0,0.0,1.0,1.0,1.0,1.0,1.0,1.0
H_0046,R_3CUHKPC7jy0cFDX,27-31,younger Millennials,Female,Philippines,Cebu,3,3,3,2,2,2,2,1,1,1,1,1,1,1,1,1,1,1,5,5,5,5,5,4,0.5,0.5,0.5,0.25,0.25,0.25,0.25,0.0,0.0,0.0,0.0,0.0,0.0,0.0,0.0,0.0,0.0,0.0,1.0,1.0,1.0,1.0,1.0,0.75
H_0047,R_2t5b7IRWN40D406,27-31,younger Millennials,Female,Sāmoa,Hawaii,2,2,2,1,2,2,2,1,1,1,1,1,1,1,1,1,1,1,3,2,5,4,5,2,0.25,0.25,0.25,0.0,0.25,0.25,0.25,0.0,0.0,0.0,0.0,0.0,0.0,0.0,0.0,0.0,0.0,0.0,0.5,0.25,1.0,0.75,1.0,0.25
H_0048,R_3R87JuW8bkRYsN4,22-26,younger Millennials,Female,Philippines,Camarines Sur,4,5,4,5,5,5,5,4,4,4,1,3,5,5,5,4,1,1,3,5,3,5,5,2,0.75,1.0,0.75,1.0,1.0,1.0,1.0,0.75,0.75,0.75,0.0,0.5,1.0,1.0,1.0,0.75,0.0,0.0,0.5,1.0,0.5,1.0,1.0,0.25
H_0049,R_1hzBymVze5FHDiD,22-26,younger Gen Z,Female,Philippines,Pangasinan,1,1,1,3,1,1,1,1,1,1,1,1,1,1,1,1,1,1,5,5,5,5,5,3,0.0,0.0,0.0,0.5,0.0,0.0,0.0,0.0,0.0,0.0,0.0,0.0,0.0,0.0,0.0,0.0,0.0,0.0,1.0,1.0,1.0,1.0,1.0,0.5
H_0050,R_1IaxAKdDy9vgU7E,18-21,younger Gen Z,Female,Philippines,Pangsinan,1,4,1,1,1,1,1,1,1,1,1,1,1,1,1,1,1,1,5,5,5,5,5,1,0.0,0.75,0.0,0.0,0.0,0.0,0.0,0.0,0.0,0.0,0.0,0.0,0.0,0.0,0.0,0.0,0.0,0.0,1.0,1.0,1.0,1.0,1.0,0.0
H_0051,R_1igtzhZCO3LpBNH,22-26,older Gen Z,Female,United States,Utah,3,4,3,3,4,3,3,4,4,2,3,1,1,1,1,1,1,1,2,4,4,4,5,1,0.5,0.75,0.5,0.5,0.75,0.5,0.5,0.75,0.75,0.25,0.5,0.0,0.0,0.0,0.0,0.0,0.0,0.0,0.25,0.75,0.75,0.75,1.0,0.0
H_0052,R_1P1nMUK3CDSSWBX,59-64,younger Baby Boomers,Female,USA,Utah,4,2,4,3,4,2,2,2,1,1,2,2,1,2,1,1,1,1,5,5,5,5,5,2,0.75,0.25,0.75,0.5,0.75,0.25,0.25,0.25,0.0,0.0,0.25,0.25,0.0,0.25,0.0,0.0,0.0,0.0,1.0,1.0,1.0,1.0,1.0,0.25
H_0053,R_33svzmpxLf8dm8N,22-26,older Millennials,Female,Mexico,Monterrey,5,4,3,4,3,4,2,1,1,1,1,1,1,1,1,1,3,1,2,3,5,5,5,4,1.0,0.75,0.5,0.75,0.5,0.75,0.25,0.0,0.0,0.0,0.0,0.0,0.0,0.0,0.0,0.0,0.5,0.0,0.25,0.5,1.0,1.0,1.0,0.75
H_0054,R_2P0wSrzoE7VI2H6,27-31,younger Millennials,Female,USA,"Anchorage, AK",4,5,2,1,4,4,4,2,3,1,2,1,1,1,2,1,1,1,5,5,5,5,5,5,0.75,1.0,0.25,0.0,0.75,0.75,0.75,0.25,0.5,0.0,0.25,0.0,0.0,0.0,0.25,0.0,0.0,0.0,1.0,1.0,1.0,1.0,1.0,1.0
H_0055,R_A6ZdmE3ky6BAkWR,22-26,older Gen Z,Female,America,Colorado,2,5,2,3,1,1,1,1,1,3,1,1,1,1,1,1,1,1,5,5,5,5,5,2,0.25,1.0,0.25,0.5,0.0,0.0,0.0,0.0,0.0,0.5,0.0,0.0,0.0,0.0,0.0,0.0,0.0,0.0,1.0,1.0,1.0,1.0,1.0,0.25
H_0056,R_diGQQMWIP6ySfQZ,27-31,older Millennials,Female,United States,Iowa,4,2,1,1,1,1,1,1,1,1,1,1,1,1,1,1,1,1,5,5,5,5,5,1,0.75,0.25,0.0,0.0,0.0,0.0,0.0,0.0,0.0,0.0,0.0,0.0,0.0,0.0,0.0,0.0,0.0,0.0,1.0,1.0,1.0,1.0,1.0,0.0
H_0057,R_3LZ1VyNsIxcEJmK,32-36,older Millennials,Female,United States,Nevada,1,1,1,1,1,1,1,1,1,1,1,1,1,1,1,1,1,1,4,4,5,5,5,1,0.0,0.0,0.0,0.0,0.0,0.0,0.0,0.0,0.0,0.0,0.0,0.0,0.0,0.0,0.0,0.0,0.0,0.0,0.75,0.75,1.0,1.0,1.0,0.0
H_0058,R_1C3jwtawJTK9isP,50-58,younger Gen X,Female,United States,Arizona,1,4,1,1,1,3,1,1,1,1,5,1,1,1,1,1,1,1,5,5,5,5,5,3,0.0,0.75,0.0,0.0,0.0,0.5,0.0,0.0,0.0,0.0,1.0,0.0,0.0,0.0,0.0,0.0,0.0,0.0,1.0,1.0,1.0,1.0,1.0,0.5
H_0059,R_D0lvRs0mpJ9a6Hv,50-58,younger Gen X,Female,United States,Utah,3,3,4,2,1,3,3,1,1,1,1,1,1,1,1,1,1,1,2,4,4,3,5,3,0.5,0.5,0.75,0.25,0.0,0.5,0.5,0.0,0.0,0.0,0.0,0.0,0.0,0.0,0.0,0.0,0.0,0.0,0.25,0.75,0.75,0.5,1.0,0.5
H_0060,R_1fiK4KdsAnMmSrD,18-21,older Gen Z,Female,USA,Utah,1,1,1,1,1,3,3,1,1,1,1,1,1,1,1,1,1,1,3,4,3,4,5,3,0.0,0.0,0.0,0.0,0.0,0.5,0.5,0.0,0.0,0.0,0.0,0.0,0.0,0.0,0.0,0.0,0.0,0.0,0.5,0.75,0.5,0.75,1.0,0.5
H_0061,R_2wTg7Q60fxuklra,32-36,younger Millennials,Female,United States,San Diego,3,5,3,2,1,3,2,1,1,1,1,1,1,1,1,1,1,1,5,5,4,3,5,2,0.5,1.0,0.5,0.25,0.0,0.5,0.25,0.0,0.0,0.0,0.0,0.0,0.0,0.0,0.0,0.0,0.0,0.0,1.0,1.0,0.75,0.5,1.0,0.25
H_0062,R_3nNT7veQ25p0jM9,22-26,older Millennials,Female,Wisconsin,Ladysmith,5,5,5,3,5,5,5,1,1,1,1,1,1,1,1,1,1,1,5,5,5,4,5,4,1.0,1.0,1.0,0.5,1.0,1.0,1.0,0.0,0.0,0.0,0.0,0.0,0.0,0.0,0.0,0.0,0.0,0.0,1.0,1.0,1.0,0.75,1.0,0.75
H_0063,R_XMRKZTfTf6XRPSp,22-26,older Gen Z,Male,United states,Draper Utah,5,5,5,3,5,4,2,4,2,2,1,1,5,1,2,1,1,1,5,5,3,4,5,3,1.0,1.0,1.0,0.5,1.0,0.75,0.25,0.75,0.25,0.25,0.0,0.0,1.0,0.0,0.25,0.0,0.0,0.0,1.0,1.0,0.5,0.75,1.0,0.5
H_0064,R_2eR8KSOarNWBl4p,18-21,younger Gen Z,Male,Japan,Saitama,3,3,2,1,5,1,5,2,1,2,1,3,1,1,1,1,1,1,5,5,5,5,5,5,0.5,0.5,0.25,0.0,1.0,0.0,1.0,0.25,0.0,0.25,0.0,0.5,0.0,0.0,0.0,0.0,0.0,0.0,1.0,1.0,1.0,1.0,1.0,1.0
H_0065,R_1ruGr6dOgtp8EZl,22-26,younger Gen Z,Male,Philippines,Bacolod,3,3,3,3,2,3,4,1,1,1,1,1,1,1,1,1,1,1,4,5,5,5,5,3,0.5,0.5,0.5,0.5,0.25,0.5,0.75,0.0,0.0,0.0,0.0,0.0,0.0,0.0,0.0,0.0,0.0,0.0,0.75,1.0,1.0,1.0,1.0,0.5
H_0066,R_bp9pgWYlItbNqtb,22-26,younger Millennials,Male,United States of America,Georgia,3,4,2,1,1,1,3,1,1,1,1,1,1,1,1,1,1,1,5,5,5,5,5,3,0.5,0.75,0.25,0.0,0.0,0.0,0.5,0.0,0.0,0.0,0.0,0.0,0.0,0.0,0.0,0.0,0.0,0.0,1.0,1.0,1.0,1.0,1.0,0.5
H_0067,R_3O02IN5BuYSPNgK,27-31,younger Millennials,Male,Philippines,Pasuquin,1,1,1,1,1,1,1,1,1,1,1,1,1,1,1,1,1,1,3,3,3,4,5,1,0.0,0.0,0.0,0.0,0.0,0.0,0.0,0.0,0.0,0.0,0.0,0.0,0.0,0.0,0.0,0.0,0.0,0.0,0.5,0.5,0.5,0.75,1.0,0.0
H_0068,R_3hbSuXKb5MSuiS2,27-31,younger Gen X,Male,Kiribati,Tarawa,1,2,2,1,1,2,2,2,2,1,1,1,1,1,1,1,1,1,5,5,5,5,5,1,0.0,0.25,0.25,0.0,0.0,0.25,0.25,0.25,0.25,0.0,0.0,0.0,0.0,0.0,0.0,0.0,0.0,0.0,1.0,1.0,1.0,1.0,1.0,0.0
H_0069,R_VVh6qNqnoPJfpDP,18-21,younger Gen Z,Male,Japan,Okinawa,1,1,1,1,5,5,5,1,1,1,1,1,1,1,1,1,1,1,5,5,5,5,5,5,0.0,0.0,0.0,0.0,1.0,1.0,1.0,0.0,0.0,0.0,0.0,0.0,0.0,0.0,0.0,0.0,0.0,0.0,1.0,1.0,1.0,1.0,1.0,1.0
H_0070,R_2w5mYu7UsYTF9Yp,18-21,younger Gen Z,Male,PHILIPPINES,Bulacan,5,5,5,5,5,5,5,4,5,5,3,1,5,1,1,3,5,3,5,5,5,5,5,5,1.0,1.0,1.0,1.0,1.0,1.0,1.0,0.75,1.0,1.0,0.5,0.0,1.0,0.0,0.0,0.5,1.0,0.5,1.0,1.0,1.0,1.0,1.0,1.0
H_0071,R_3QJGY4953wRK7cn,50-58,younger Gen X,Male,United States of America,Utah,2,5,2,3,4,4,3,2,1,1,2,1,2,1,2,1,1,1,5,5,4,5,5,2,0.25,1.0,0.25,0.5,0.75,0.75,0.5,0.25,0.0,0.0,0.25,0.0,0.25,0.0,0.25,0.0,0.0,0.0,1.0,1.0,0.75,1.0,1.0,0.25
H_0072,R_2OYZK2cpwqKF6xI,22-26,older Millennials,Male,Philippines,Pasig City,5,5,5,5,5,5,5,5,5,5,5,5,5,5,5,5,5,5,5,5,5,5,5,5,1.0,1.0,1.0,1.0,1.0,1.0,1.0,1.0,1.0,1.0,1.0,1.0,1.0,1.0,1.0,1.0,1.0,1.0,1.0,1.0,1.0,1.0,1.0,1.0
H_0073,R_xt3b5ySTyo2ROhz,27-31,younger Millennials,Male,USA,Utah,3,3,2,1,2,3,1,1,1,1,1,1,1,1,1,1,1,1,5,5,5,5,5,1,0.5,0.5,0.25,0.0,0.25,0.5,0.0,0.0,0.0,0.0,0.0,0.0,0.0,0.0,0.0,0.0,0.0,0.0,1.0,1.0,1.0,1.0,1.0,0.0
H_0074,R_3iX1HoMVhEutP3e,22-26,younger Millennials,Male,United States,Utah,4,5,3,4,5,5,4,2,3,3,1,3,1,1,1,2,1,1,3,4,4,3,5,5,0.75,1.0,0.5,0.75,1.0,1.0,0.75,0.25,0.5,0.5,0.0,0.5,0.0,0.0,0.0,0.25,0.0,0.0,0.5,0.75,0.75,0.5,1.0,1.0
H_0075,R_2e29mhOpfOUU2F1,27-31,younger Millennials,Male,Aotearoa,Hastings,5,5,5,5,5,5,5,1,1,1,1,1,1,1,1,1,1,1,5,5,5,5,5,5,1.0,1.0,1.0,1.0,1.0,1.0,1.0,0.0,0.0,0.0,0.0,0.0,0.0,0.0,0.0,0.0,0.0,0.0,1.0,1.0,1.0,1.0,1.0,1.0
H_0076,R_28Vb0FOKu0lq27u,18-21,younger Gen Z,Male,Japan,Japan,1,1,1,1,1,1,1,1,2,2,2,2,1,2,1,2,2,2,4,4,5,5,5,4,0.0,0.0,0.0,0.0,0.0,0.0,0.0,0.0,0.25,0.25,0.25,0.25,0.0,0.25,0.0,0.25,0.25,0.25,0.75,0.75,1.0,1.0,1.0,0.75
H_0077,R_9sfzVMGWk9BMbDP,22-26,younger Millennials,Male,United States,California,3,4,2,4,2,2,3,2,1,3,1,1,1,2,2,3,3,1,2,5,5,5,5,5,0.5,0.75,0.25,0.75,0.25,0.25,0.5,0.25,0.0,0.5,0.0,0.0,0.0,0.25,0.25,0.5,0.5,0.0,0.25,1.0,1.0,1.0,1.0,1.0
H_0078,R_1Ol5Zn3xkLl71Ip,22-26,older Gen Z,Male,United States,hawaii,4,5,4,4,5,5,4,4,4,5,3,1,4,1,3,1,3,4,5,5,4,3,5,3,0.75,1.0,0.75,0.75,1.0,1.0,0.75,0.75,0.75,1.0,0.5,0.0,0.75,0.0,0.5,0.0,0.5,0.75,1.0,1.0,0.75,0.5,1.0,0.5
H_0079,R_3CDS72qzXEWoBLK,22-26,older Gen Z,Male,Malaysia,Perak state,5,5,5,4,5,5,5,5,4,5,1,5,5,5,5,3,5,5,5,4,2,2,5,4,1.0,1.0,1.0,0.75,1.0,1.0,1.0,1.0,0.75,1.0,0.0,1.0,1.0,1.0,1.0,0.5,1.0,1.0,1.0,0.75,0.25,0.25,1.0,0.75
H_0080,R_2dnZiDVPl6Vm3Sa,22-26,younger Millennials,Male,India,New Delhi,4,4,5,4,4,4,4,3,3,3,3,3,3,3,3,3,3,3,2,3,2,3,5,4,0.75,0.75,1.0,0.75,0.75,0.75,0.75,0.5,0.5,0.5,0.5,0.5,0.5,0.5,0.5,0.5,0.5,0.5,0.25,0.5,0.25,0.5,1.0,0.75
H_0081,R_3et2kNscW33H56T,22-26,older Gen Z,Male,NZ,Hastings,1,1,1,1,1,2,2,2,1,1,1,1,1,1,1,1,1,1,4,4,3,4,5,4,0.0,0.0,0.0,0.0,0.0,0.25,0.25,0.25,0.0,0.0,0.0,0.0,0.0,0.0,0.0,0.0,0.0,0.0,0.75,0.75,0.5,0.75,1.0,0.75
H_0082,R_2D5otS7ORZzehwh,22-26,younger Millennials,Male,New Zealand,Hastings,5,5,5,5,5,5,2,1,2,2,2,5,1,1,3,1,1,1,5,5,5,5,5,4,1.0,1.0,1.0,1.0,1.0,1.0,0.25,0.0,0.25,0.25,0.25,1.0,0.0,0.0,0.5,0.0,0.0,0.0,1.0,1.0,1.0,1.0,1.0,0.75
H_0083,R_SNU1gRxc6xqcabf,22-26,younger Gen Z,Male,Philippines,Gumaca,5,5,5,5,5,5,5,5,4,4,3,1,4,2,2,1,3,2,5,5,5,5,5,5,1.0,1.0,1.0,1.0,1.0,1.0,1.0,1.0,0.75,0.75,0.5,0.0,0.75,0.25,0.25,0.0,0.5,0.25,1.0,1.0,1.0,1.0,1.0,1.0
H_0084,R_2tf1Dh1xCnDYJT1,18-21,younger Gen Z,Male,USA,CT,4,5,4,1,5,3,3,1,1,2,1,1,1,1,1,2,1,1,3,5,3,2,5,1,0.75,1.0,0.75,0.0,1.0,0.5,0.5,0.0,0.0,0.25,0.0,0.0,0.0,0.0,0.0,0.25,0.0,0.0,0.5,1.0,0.5,0.25,1.0,0.0
H_0085,R_sG3qyScEbKhQnbb,22-26,younger Millennials,Male,Fiji,Suva,5,5,4,5,5,4,4,5,5,5,1,1,4,4,5,4,4,1,5,5,5,5,5,3,1.0,1.0,0.75,1.0,1.0,0.75,0.75,1.0,1.0,1.0,0.0,0.0,0.75,0.75,1.0,0.75,0.75,0.0,1.0,1.0,1.0,1.0,1.0,0.5
H_0086,R_2fBVVZxcbdrVCO4,22-26,younger Millennials,Male,USA,Washington,4,4,4,2,4,4,3,1,3,1,1,2,1,1,2,3,1,1,5,5,5,5,5,1,0.75,0.75,0.75,0.25,0.75,0.75,0.5,0.0,0.5,0.0,0.0,0.25,0.0,0.0,0.25,0.5,0.0,0.0,1.0,1.0,1.0,1.0,1.0,0.0
H_0087,R_1mJ0tao0eYW500u,22-26,younger Millennials,Male,United States,Connecticut,5,4,5,4,5,5,2,1,1,1,1,1,1,1,3,4,1,1,5,4,4,5,5,1,1.0,0.75,1.0,0.75,1.0,1.0,0.25,0.0,0.0,0.0,0.0,0.0,0.0,0.0,0.5,0.75,0.0,0.0,1.0,0.75,0.75,1.0,1.0,0.0
H_0088,R_1FxhywuryOA1nUS,22-26,older Baby Boomer,Male,papua new guinea,Hawaii,3,4,3,3,3,3,3,5,5,5,1,1,5,5,5,2,5,5,5,5,5,5,5,5,0.5,0.75,0.5,0.5,0.5,0.5,0.5,1.0,1.0,1.0,0.0,0.0,1.0,1.0,1.0,0.25,1.0,1.0,1.0,1.0,1.0,1.0,1.0,1.0
H_0089,R_3PFCGHHrTXz9qVZ,32-36,younger Millennials,Male,Papua New Guinea,Lae City,4,5,5,4,3,4,4,1,2,1,1,2,1,1,3,1,4,2,1,2,3,5,5,1,0.75,1.0,1.0,0.75,0.5,0.75,0.75,0.0,0.25,0.0,0.0,0.25,0.0,0.0,0.5,0.0,0.75,0.25,0.0,0.25,0.5,1.0,1.0,0.0
H_0090,R_2PpPM7hZYuC3RuQ,27-31,younger Millennials,Male,PNG,Port Moresby,1,2,3,3,3,3,3,3,3,4,1,1,3,1,4,1,1,1,5,5,5,5,5,1,0.0,0.25,0.5,0.5,0.5,0.5,0.5,0.5,0.5,0.75,0.0,0.0,0.5,0.0,0.75,0.0,0.0,0.0,1.0,1.0,1.0,1.0,1.0,0.0
H_0091,R_11YEXBqINi9IBEP,22-26,older Gen Z,Male,Japan,Gifu (Prefecture),5,4,4,3,5,5,5,5,5,5,1,5,5,1,5,1,1,1,5,5,2,4,5,3,1.0,0.75,0.75,0.5,1.0,1.0,1.0,1.0,1.0,1.0,0.0,1.0,1.0,0.0,1.0,0.0,0.0,0.0,1.0,1.0,0.25,0.75,1.0,0.5
H_0092,R_2tKGnbWXhWBiSQE,18-21,older Gen Z,Male,USA,Hawaii,1,3,1,1,1,1,1,1,1,1,1,1,1,1,1,1,1,1,5,5,5,5,5,1,0.0,0.5,0.0,0.0,0.0,0.0,0.0,0.0,0.0,0.0,0.0,0.0,0.0,0.0,0.0,0.0,0.0,0.0,1.0,1.0,1.0,1.0,1.0,0.0
H_0093,R_33dsdbASgzbVCfT,22-26,younger Gen Z,Male,United States,Washington,4,5,4,5,5,4,5,5,4,4,3,1,4,4,5,1,1,3,4,4,4,5,5,5,0.75,1.0,0.75,1.0,1.0,0.75,1.0,1.0,0.75,0.75,0.5,0.0,0.75,0.75,1.0,0.0,0.0,0.5,0.75,0.75,0.75,1.0,1.0,1.0
H_0094,R_3erjhLlsGPbpwCR,22-26,older Millennials,Male,United States,Utah,3,4,2,4,2,2,4,3,1,1,2,1,1,4,4,4,1,5,5,4,5,5,5,5,0.5,0.75,0.25,0.75,0.25,0.25,0.75,0.5,0.0,0.0,0.25,0.0,0.0,0.75,0.75,0.75,0.0,1.0,1.0,0.75,1.0,1.0,1.0,1.0
H_0095,R_2CCxl5xKpYnFkWx,18-21,older Gen Z,Male,United States,California,4,4,4,2,5,5,1,1,1,1,1,1,1,1,1,1,1,1,5,5,5,5,5,1,0.75,0.75,0.75,0.25,1.0,1.0,0.0,0.0,0.0,0.0,0.0,0.0,0.0,0.0,0.0,0.0,0.0,0.0,1.0,1.0,1.0,1.0,1.0,0.0
H_0096,R_2w5kJdosLvjwn29,27-31,younger Millennials,Male,USA,Guam,4,4,4,3,3,4,4,1,1,1,1,1,2,1,2,4,1,1,5,5,5,5,5,5,0.75,0.75,0.75,0.5,0.5,0.75,0.75,0.0,0.0,0.0,0.0,0.0,0.25,0.0,0.25,0.75,0.0,0.0,1.0,1.0,1.0,1.0,1.0,1.0
H_0097,R_1gUgxDLt9ra1o58,22-26,older Gen Z,Male,Philippines,Manila,1,4,1,2,3,3,2,1,1,1,1,1,1,1,1,1,1,1,5,5,5,5,5,2,0.0,0.75,0.0,0.25,0.5,0.5,0.25,0.0,0.0,0.0,0.0,0.0,0.0,0.0,0.0,0.0,0.0,0.0,1.0,1.0,1.0,1.0,1.0,0.25
H_0098,R_234B2rOMLOypxHr,27-31,older Gen Z,Male,Kiribati,Kiritimati Island,3,3,3,4,4,4,5,3,4,5,5,1,4,1,3,1,3,1,5,5,5,5,5,5,0.5,0.5,0.5,0.75,0.75,0.75,1.0,0.5,0.75,1.0,1.0,0.0,0.75,0.0,0.5,0.0,0.5,0.0,1.0,1.0,1.0,1.0,1.0,1.0
H_0099,R_ZsfqsR34SIELVeN,32-36,older Millennials,Male,USA,Hawaii,4,4,4,4,3,3,4,2,1,1,2,1,2,1,2,1,1,1,5,5,4,5,5,2,0.75,0.75,0.75,0.75,0.5,0.5,0.75,0.25,0.0,0.0,0.25,0.0,0.25,0.0,0.25,0.0,0.0,0.0,1.0,1.0,0.75,1.0,1.0,0.25
H_0100,R_3CHnt8aEIbFuOBZ,18-21,older Gen Z,Male,Brazil,Sao Paulo,1,1,1,1,1,1,1,1,1,1,1,1,1,1,1,1,1,1,1,5,5,5,5,1,0.0,0.0,0.0,0.0,0.0,0.0,0.0,0.0,0.0,0.0,0.0,0.0,0.0,0.0,0.0,0.0,0.0,0.0,0.0,1.0,1.0,1.0,1.0,0.0
H_0101,R_2RXhJi2yFm1vcMu,22-26,older Gen Z,Male,United States of America,Utah,5,4,4,3,4,4,3,2,1,2,1,2,2,1,1,3,1,1,5,4,2,4,5,2,1.0,0.75,0.75,0.5,0.75,0.75,0.5,0.25,0.0,0.25,0.0,0.25,0.25,0.0,0.0,0.5,0.0,0.0,1.0,0.75,0.25,0.75,1.0,0.25
H_0102,R_3NUNpfquf2fkv2N,22-26,younger Millennials,Male,US,HI,3,4,3,2,4,3,4,2,1,2,1,1,4,1,4,4,1,1,5,4,4,5,5,5,0.5,0.75,0.5,0.25,0.75,0.5,0.75,0.25,0.0,0.25,0.0,0.0,0.75,0.0,0.75,0.75,0.0,0.0,1.0,0.75,0.75,1.0,1.0,1.0
H_0103,R_3fNNL0WA6nWE913,50-58,older Gen X,Male,America,Oregon,1,1,1,1,1,1,3,1,1,1,1,1,1,1,1,1,1,1,4,4,4,4,5,1,0.0,0.0,0.0,0.0,0.0,0.0,0.5,0.0,0.0,0.0,0.0,0.0,0.0,0.0,0.0,0.0,0.0,0.0,0.75,0.75,0.75,0.75,1.0,0.0
H_0104,R_1qa0bYkdYNcQN9b,22-26,younger Millennials,Male,United States,Indiana,4,5,4,3,4,3,3,3,4,4,1,1,4,1,4,1,1,1,4,4,4,3,5,3,0.75,1.0,0.75,0.5,0.75,0.5,0.5,0.5,0.75,0.75,0.0,0.0,0.75,0.0,0.75,0.0,0.0,0.0,0.75,0.75,0.75,0.5,1.0,0.5
H_0105,R_9TY2PpGLMnfxvHj,50-58,older Gen X,Male,usa,colorado,3,5,3,4,4,4,3,1,1,1,1,1,1,1,1,1,1,1,5,3,5,4,5,1,0.5,1.0,0.5,0.75,0.75,0.75,0.5,0.0,0.0,0.0,0.0,0.0,0.0,0.0,0.0,0.0,0.0,0.0,1.0,0.5,1.0,0.75,1.0,0.0
H_0106,R_3k08o7O6Ncexy8a,18-21,younger Millennials,Male,Kingdom of Hawai’i,Makawao,2,1,3,1,1,1,1,1,1,1,1,1,1,1,1,1,1,1,5,5,5,5,5,1,0.25,0.0,0.5,0.0,0.0,0.0,0.0,0.0,0.0,0.0,0.0,0.0,0.0,0.0,0.0,0.0,0.0,0.0,1.0,1.0,1.0,1.0,1.0,0.0
H_0107,R_a3gNqmVOUMDTVst,27-31,younger Millennials,Male,USA,Pennsylvania,5,5,5,5,5,5,5,4,4,4,4,1,4,1,4,1,1,1,5,5,5,5,5,5,1.0,1.0,1.0,1.0,1.0,1.0,1.0,0.75,0.75,0.75,0.75,0.0,0.75,0.0,0.75,0.0,0.0,0.0,1.0,1.0,1.0,1.0,1.0,1.0
H_0108,R_1IRRhaRPVK6QZGG,27-31,older Gen X,Male,Japan,Tokyo,1,3,2,2,3,3,4,3,1,1,1,1,1,1,3,5,4,2,5,5,4,4,5,4,0.0,0.5,0.25,0.25,0.5,0.5,0.75,0.5,0.0,0.0,0.0,0.0,0.0,0.0,0.5,1.0,0.75,0.25,1.0,1.0,0.75,0.75,1.0,0.75
H_0109,R_3qyrkYql8YCZiMt,27-31,older Gen Z,Male,Sri Lanka,Negombo,4,5,3,3,5,4,5,4,3,3,1,4,2,1,1,5,4,1,5,2,5,5,5,5,0.75,1.0,0.5,0.5,1.0,0.75,1.0,0.75,0.5,0.5,0.0,0.75,0.25,0.0,0.0,1.0,0.75,0.0,1.0,0.25,1.0,1.0,1.0,1.0
H_0110,R_pi6tOMIBh8QSNyN,27-31,younger Gen X,Male,Papua New Guinea,Papua New Guinea,5,5,5,4,5,5,5,5,5,5,5,5,5,5,5,5,5,5,5,5,5,5,5,5,1.0,1.0,1.0,0.75,1.0,1.0,1.0,1.0,1.0,1.0,1.0,1.0,1.0,1.0,1.0,1.0,1.0,1.0,1.0,1.0,1.0,1.0,1.0,1.0
H_0111,R_1rB9i7cSSVn0xKT,18-21,younger Gen Z,Male,Japan,Okinawa,5,5,5,5,5,5,5,5,5,5,5,5,5,5,5,5,5,5,5,5,5,5,5,5,1.0,1.0,1.0,1.0,1.0,1.0,1.0,1.0,1.0,1.0,1.0,1.0,1.0,1.0,1.0,1.0,1.0,1.0,1.0,1.0,1.0,1.0,1.0,1.0
H_0112,R_2AEacALNq2wsTDu,18-21,younger Gen Z,Male,Japan,Okinawa,4,4,4,4,5,5,5,5,4,5,2,4,5,5,5,2,4,2,5,4,4,4,5,5,0.75,0.75,0.75,0.75,1.0,1.0,1.0,1.0,0.75,1.0,0.25,0.75,1.0,1.0,1.0,0.25,0.75,0.25,1.0,0.75,0.75,0.75,1.0,1.0
H_0113,R_2V2Yth29OF7b3wB,22-26,older Gen Z,Male,El Salvador,"Phoenix, Arizona",1,1,1,1,1,1,1,1,1,1,1,1,1,1,1,1,1,1,5,5,4,5,5,1,0.0,0.0,0.0,0.0,0.0,0.0,0.0,0.0,0.0,0.0,0.0,0.0,0.0,0.0,0.0,0.0,0.0,0.0,1.0,1.0,0.75,1.0,1.0,0.0
H_0114,R_1Ld23OV3rLzrX1E,27-31,older Millennials,Male,Mexico,Veracruz,5,5,5,5,5,5,5,5,5,5,4,5,5,5,5,5,5,5,5,5,5,5,5,5,1.0,1.0,1.0,1.0,1.0,1.0,1.0,1.0,1.0,1.0,0.75,1.0,1.0,1.0,1.0,1.0,1.0,1.0,1.0,1.0,1.0,1.0,1.0,1.0
H_0115,R_3IWC7bqXLdA1gsG,27-31,older Millennials,Male,Fiji,Laie,5,5,5,5,5,5,5,5,5,5,5,5,4,5,5,5,5,5,5,5,5,5,5,5,1.0,1.0,1.0,1.0,1.0,1.0,1.0,1.0,1.0,1.0,1.0,1.0,0.75,1.0,1.0,1.0,1.0,1.0,1.0,1.0,1.0,1.0,1.0,1.0
H_0116,R_V2Uzku7qsWHRL45,22-26,older Gen Z,Male,Tahiti,Tahiti,5,5,4,3,4,4,4,4,2,1,1,1,3,1,1,1,1,1,5,5,5,5,5,1,1.0,1.0,0.75,0.5,0.75,0.75,0.75,0.75,0.25,0.0,0.0,0.0,0.5,0.0,0.0,0.0,0.0,0.0,1.0,1.0,1.0,1.0,1.0,0.0
H_0117,R_12tzSXOkhaF8vzD,27-31,older Gen Z,Male,sri lanka,colombo,4,4,5,4,4,4,5,4,4,5,4,4,4,4,4,4,4,4,4,4,4,4,5,4,0.75,0.75,1.0,0.75,0.75,0.75,1.0,0.75,0.75,1.0,0.75,0.75,0.75,0.75,0.75,0.75,0.75,0.75,0.75,0.75,0.75,0.75,1.0,0.75
H_0118,R_3OlvZwimI1IdqHS,18-21,younger Gen Z,Male,United states,newport,4,4,4,5,4,5,4,3,4,3,4,5,4,4,3,4,3,4,3,4,4,3,5,4,0.75,0.75,0.75,1.0,0.75,1.0,0.75,0.5,0.75,0.5,0.75,1.0,0.75,0.75,0.5,0.75,0.5,0.75,0.5,0.75,0.75,0.5,1.0,0.75
H_0119,R_3Gp1cQE1ZWSTOUP,18-21,older Gen Z,Male,Montana,Charlo Montana,5,5,5,3,5,4,3,5,1,1,4,1,1,5,1,1,2,1,5,4,5,4,5,4,1.0,1.0,1.0,0.5,1.0,0.75,0.5,1.0,0.0,0.0,0.75,0.0,0.0,1.0,0.0,0.0,0.25,0.0,1.0,0.75,1.0,0.75,1.0,0.75
H_0120,R_PNTsLRASoo777d7,18-21,younger Millennials,Male,United States of America,Phoenix arizona,4,2,3,2,1,2,3,1,1,1,2,1,1,2,1,1,2,1,2,4,3,2,5,3,0.75,0.25,0.5,0.25,0.0,0.25,0.5,0.0,0.0,0.0,0.25,0.0,0.0,0.25,0.0,0.0,0.25,0.0,0.25,0.75,0.5,0.25,1.0,0.5
H_0121,R_Oweezomxlft5Tl7,22-26,older Gen Z,Male,United States,Salt Lake City,4,4,3,4,4,2,2,3,2,1,1,1,3,3,1,1,4,2,5,5,5,5,5,2,0.75,0.75,0.5,0.75,0.75,0.25,0.25,0.5,0.25,0.0,0.0,0.0,0.5,0.5,0.0,0.0,0.75,0.25,1.0,1.0,1.0,1.0,1.0,0.25
H_0122,R_1pFFLR9yIvxGst6,22-26,older Gen Z,Male,United States,"Eagle, Idaho",2,4,1,1,1,1,2,1,1,1,1,1,1,1,1,1,1,1,4,4,4,4,5,2,0.25,0.75,0.0,0.0,0.0,0.0,0.25,0.0,0.0,0.0,0.0,0.0,0.0,0.0,0.0,0.0,0.0,0.0,0.75,0.75,0.75,0.75,1.0,0.25
H_0123,R_2zjA1dCZBdvAS7s,22-26,older Gen Z,Male,United States,Idaho,4,4,4,4,5,2,2,1,1,1,1,1,1,1,1,1,1,1,5,4,5,5,5,3,0.75,0.75,0.75,0.75,1.0,0.25,0.25,0.0,0.0,0.0,0.0,0.0,0.0,0.0,0.0,0.0,0.0,0.0,1.0,0.75,1.0,1.0,1.0,0.5
H_0124,R_2Qo1hwH6rG5J3l4,18-21,older Gen Z,Male,United States,Utah,4,5,4,4,5,4,3,3,2,1,3,1,3,2,1,2,1,1,5,5,4,4,5,3,0.75,1.0,0.75,0.75,1.0,0.75,0.5,0.5,0.25,0.0,0.5,0.0,0.5,0.25,0.0,0.25,0.0,0.0,1.0,1.0,0.75,0.75,1.0,0.5
H_0125,R_1IiWPWNMTnJVehT,22-26,younger Millennials,Male,United States,Texas,3,2,3,2,2,3,3,1,1,1,1,1,1,1,1,1,1,1,5,5,5,5,5,1,0.5,0.25,0.5,0.25,0.25,0.5,0.5,0.0,0.0,0.0,0.0,0.0,0.0,0.0,0.0,0.0,0.0,0.0,1.0,1.0,1.0,1.0,1.0,0.0
H_0126,R_1gc2TzakOWsFIlF,50-58,younger Gen X,Male,USA,ARIZONA,2,5,4,3,3,3,3,1,1,1,1,1,1,1,1,1,1,1,3,3,4,4,5,3,0.25,1.0,0.75,0.5,0.5,0.5,0.5,0.0,0.0,0.0,0.0,0.0,0.0,0.0,0.0,0.0,0.0,0.0,0.5,0.5,0.75,0.75,1.0,0.5
H_0127,R_3I6eYhAINVdUrZv,22-26,older Gen Z,Male,United States,"Magna, utah",3,4,2,3,2,2,3,1,1,1,1,1,1,1,1,1,1,1,4,4,5,5,5,2,0.5,0.75,0.25,0.5,0.25,0.25,0.5,0.0,0.0,0.0,0.0,0.0,0.0,0.0,0.0,0.0,0.0,0.0,0.75,0.75,1.0,1.0,1.0,0.25
H_0128,R_3JvY9DY52MkhogX,37-42,older Millennials,Male,United States,Utah,2,2,1,1,2,1,1,1,1,1,1,1,1,1,1,1,1,1,5,5,5,5,5,1,0.25,0.25,0.0,0.0,0.25,0.0,0.0,0.0,0.0,0.0,0.0,0.0,0.0,0.0,0.0,0.0,0.0,0.0,1.0,1.0,1.0,1.0,1.0,0.0
H_0134,R_10ZQcanxAeeDGCg,22-26,younger Gen X,Female,Tonga,Nuku'alofa,3,3,3,3,3,3,3,4,5,5,5,4,4,5,4,5,5,5,3,3,2,2,4,2,0.5,0.5,0.5,0.5,0.5,0.5,0.5,0.75,1.0,1.0,1.0,0.75,0.75,1.0,0.75,1.0,1.0,1.0,0.5,0.5,0.25,0.25,0.75,0.25
H_0135,R_cMddaRngjSp7KPn,22-26,older Gen Z,Female,Fiji,Suva,3,2,1,1,1,1,3,1,1,1,1,1,1,1,1,1,1,1,3,3,3,5,4,3,0.5,0.25,0.0,0.0,0.0,0.0,0.5,0.0,0.0,0.0,0.0,0.0,0.0,0.0,0.0,0.0,0.0,0.0,0.5,0.5,0.5,1.0,0.75,0.5
H_0136,R_3fOD6NmX2c1ATMC,22-26,younger Gen Z,Female,Australia,Queensland,3,3,3,2,1,1,1,1,1,1,1,1,1,1,1,1,1,1,4,4,4,4,4,2,0.5,0.5,0.5,0.25,0.0,0.0,0.0,0.0,0.0,0.0,0.0,0.0,0.0,0.0,0.0,0.0,0.0,0.0,0.75,0.75,0.75,0.75,0.75,0.25
H_0137,R_2rwReX7FfB9dk82,22-26,older Millennials,Female,Philippines,Tuguegarao City,3,4,2,2,4,4,2,1,2,1,1,1,1,1,1,1,1,1,4,4,4,4,4,4,0.5,0.75,0.25,0.25,0.75,0.75,0.25,0.0,0.25,0.0,0.0,0.0,0.0,0.0,0.0,0.0,0.0,0.0,0.75,0.75,0.75,0.75,0.75,0.75
H_0138,R_AgS3DkqEqMCzLFf,22-26,younger Gen Z,Female,Philippines,Cebu City,2,4,3,2,1,1,3,1,1,1,1,1,1,1,1,1,1,1,3,4,4,4,4,4,0.25,0.75,0.5,0.25,0.0,0.0,0.5,0.0,0.0,0.0,0.0,0.0,0.0,0.0,0.0,0.0,0.0,0.0,0.5,0.75,0.75,0.75,0.75,0.75
H_0139,R_b1TDvfNBiEqR1qV,27-31,younger Gen Z,Female,Kiribati,Tarawa,1,1,1,1,1,1,1,1,1,1,1,1,1,1,1,1,1,1,4,4,4,4,4,4,0.0,0.0,0.0,0.0,0.0,0.0,0.0,0.0,0.0,0.0,0.0,0.0,0.0,0.0,0.0,0.0,0.0,0.0,0.75,0.75,0.75,0.75,0.75,0.75
H_0140,R_PM7SEO0C7bLU081,18-21,older Gen Z,Female,Philippines,Hawaii,3,3,3,3,3,3,3,2,2,2,2,2,2,2,2,2,2,2,4,4,4,4,4,4,0.5,0.5,0.5,0.5,0.5,0.5,0.5,0.25,0.25,0.25,0.25,0.25,0.25,0.25,0.25,0.25,0.25,0.25,0.75,0.75,0.75,0.75,0.75,0.75
H_0141,R_sAnMMFSssqRPVO9,18-21,younger Gen Z,Female,Philippines,Cavite,3,3,3,3,2,1,1,1,1,1,1,1,2,1,1,3,1,1,5,4,3,3,4,3,0.5,0.5,0.5,0.5,0.25,0.0,0.0,0.0,0.0,0.0,0.0,0.0,0.25,0.0,0.0,0.5,0.0,0.0,1.0,0.75,0.5,0.5,0.75,0.5
H_0142,R_ub0dN1LRAjEjFjX,18-21,younger Gen Z,Female,Philippines,Nueva Ecija,3,3,2,3,3,3,3,1,1,1,1,1,1,1,1,1,1,1,4,4,4,4,4,3,0.5,0.5,0.25,0.5,0.5,0.5,0.5,0.0,0.0,0.0,0.0,0.0,0.0,0.0,0.0,0.0,0.0,0.0,0.75,0.75,0.75,0.75,0.75,0.5
H_0143,R_1r0vTDoICW9ZM6n,43-49,older Millennials,Female,Philippines,Cavite,5,5,5,5,5,5,5,3,4,4,4,4,4,4,4,3,4,4,4,3,4,4,4,4,1.0,1.0,1.0,1.0,1.0,1.0,1.0,0.5,0.75,0.75,0.75,0.75,0.75,0.75,0.75,0.5,0.75,0.75,0.75,0.5,0.75,0.75,0.75,0.75
H_0144,R_2tlr5GvC1NPRg5C,18-21,older Gen Z,Female,United States,Utah,1,1,1,1,1,1,1,1,1,1,1,1,1,1,1,1,1,1,5,3,3,4,4,2,0.0,0.0,0.0,0.0,0.0,0.0,0.0,0.0,0.0,0.0,0.0,0.0,0.0,0.0,0.0,0.0,0.0,0.0,1.0,0.5,0.5,0.75,0.75,0.25
H_0145,R_3svvolYejHRIulA,27-31,older Millennials,Female,USA,California,2,3,2,2,1,1,3,1,1,1,1,1,1,1,1,2,1,1,5,4,4,4,4,3,0.25,0.5,0.25,0.25,0.0,0.0,0.5,0.0,0.0,0.0,0.0,0.0,0.0,0.0,0.0,0.25,0.0,0.0,1.0,0.75,0.75,0.75,0.75,0.5
H_0146,R_3qORQFLFELTWhH3,59-64,younger Baby Boomers,Female,USA,Oregon,4,5,5,5,5,5,5,5,5,5,5,5,5,5,5,5,5,5,3,3,3,4,4,4,0.75,1.0,1.0,1.0,1.0,1.0,1.0,1.0,1.0,1.0,1.0,1.0,1.0,1.0,1.0,1.0,1.0,1.0,0.5,0.5,0.5,0.75,0.75,0.75
H_0147,R_Z8CMFrYe03jNRe1,50-58,older Gen X,Female,USA,Utah,3,5,4,3,3,4,3,2,1,1,1,1,1,1,2,2,1,5,2,1,2,2,4,4,0.5,1.0,0.75,0.5,0.5,0.75,0.5,0.25,0.0,0.0,0.0,0.0,0.0,0.0,0.25,0.25,0.0,1.0,0.25,0.0,0.25,0.25,0.75,0.75
H_0148,R_3n2ya5SIzZtqZLV,22-26,older Gen Z,Female,Japan,Miyagi,5,5,5,4,5,5,4,4,2,2,1,3,2,2,2,4,4,2,4,3,2,2,4,3,1.0,1.0,1.0,0.75,1.0,1.0,0.75,0.75,0.25,0.25,0.0,0.5,0.25,0.25,0.25,0.75,0.75,0.25,0.75,0.5,0.25,0.25,0.75,0.5
H_0149,R_Zs3gv9gaRNduX2p,22-26,younger Millennials,Female,Philippines,Iligan,3,4,5,3,5,4,4,2,3,1,1,1,2,1,1,1,1,1,4,4,4,4,4,4,0.5,0.75,1.0,0.5,1.0,0.75,0.75,0.25,0.5,0.0,0.0,0.0,0.25,0.0,0.0,0.0,0.0,0.0,0.75,0.75,0.75,0.75,0.75,0.75
H_0150,R_1F3M6DEMcdJA7dr,18-21,younger Millennials,Female,Philippines,Lubao,2,4,3,1,4,2,2,1,1,1,1,1,1,1,1,1,1,1,2,5,4,5,4,2,0.25,0.75,0.5,0.0,0.75,0.25,0.25,0.0,0.0,0.0,0.0,0.0,0.0,0.0,0.0,0.0,0.0,0.0,0.25,1.0,0.75,1.0,0.75,0.25
H_0151,R_2wnMWZpi5Cmdin2,22-26,younger Millennials,Female,Taiwan,Changhua,4,4,2,1,5,4,5,5,1,3,1,3,4,1,1,3,5,1,5,5,5,5,4,2,0.75,0.75,0.25,0.0,1.0,0.75,1.0,1.0,0.0,0.5,0.0,0.5,0.75,0.0,0.0,0.5,1.0,0.0,1.0,1.0,1.0,1.0,0.75,0.25
H_0152,R_VX7TI1MSQ2CsL6h,22-26,older Gen Z,Female,Hong Kong,Hong Kong,1,2,1,1,1,1,1,1,1,1,1,1,1,1,1,1,1,1,4,5,4,5,4,1,0.0,0.25,0.0,0.0,0.0,0.0,0.0,0.0,0.0,0.0,0.0,0.0,0.0,0.0,0.0,0.0,0.0,0.0,0.75,1.0,0.75,1.0,0.75,0.0
H_0153,R_1DTsP2rvDLxhJp5,22-26,younger Gen Z,Female,New Zealand,Hamilton,2,3,2,2,3,3,3,2,3,3,1,1,2,1,3,3,1,1,5,4,4,4,4,1,0.25,0.5,0.25,0.25,0.5,0.5,0.5,0.25,0.5,0.5,0.0,0.0,0.25,0.0,0.5,0.5,0.0,0.0,1.0,0.75,0.75,0.75,0.75,0.0
H_0154,R_yyYe69rpw99Vhxn,22-26,older Gen Z,Female,Tonga,Nuku'alofa,2,3,3,2,2,2,3,1,1,1,1,1,1,1,1,1,1,1,4,4,4,4,4,1,0.25,0.5,0.5,0.25,0.25,0.25,0.5,0.0,0.0,0.0,0.0,0.0,0.0,0.0,0.0,0.0,0.0,0.0,0.75,0.75,0.75,0.75,0.75,0.0
H_0155,R_1Cg4nZL0ya9yMQz,22-26,older Gen Z,Female,Philippines,Caloocan city,3,5,2,4,4,5,4,4,1,4,1,1,2,1,1,1,1,1,4,5,5,4,4,4,0.5,1.0,0.25,0.75,0.75,1.0,0.75,0.75,0.0,0.75,0.0,0.0,0.25,0.0,0.0,0.0,0.0,0.0,0.75,1.0,1.0,0.75,0.75,0.75
H_0156,R_bHp3gjd0tQBcKxr,18-21,younger Gen Z,Female,Philippines,Lucena,4,4,4,3,5,4,4,3,2,3,3,1,4,4,4,1,2,3,3,2,4,3,4,3,0.75,0.75,0.75,0.5,1.0,0.75,0.75,0.5,0.25,0.5,0.5,0.0,0.75,0.75,0.75,0.0,0.25,0.5,0.5,0.25,0.75,0.5,0.75,0.5
H_0157,R_STwbke4umqIwQYF,22-26,younger Millennials,Female,Philippines,Alicia,2,2,2,2,3,3,3,2,1,1,1,1,1,1,1,1,1,1,2,3,2,3,4,3,0.25,0.25,0.25,0.25,0.5,0.5,0.5,0.25,0.0,0.0,0.0,0.0,0.0,0.0,0.0,0.0,0.0,0.0,0.25,0.5,0.25,0.5,0.75,0.5
H_0158,R_bwQ9LGsegLdrDs5,22-26,younger Millennials,Female,Philippines,Laguna,3,4,3,2,3,3,4,4,4,1,1,1,4,3,4,5,5,1,4,3,4,4,4,3,0.5,0.75,0.5,0.25,0.5,0.5,0.75,0.75,0.75,0.0,0.0,0.0,0.75,0.5,0.75,1.0,1.0,0.0,0.75,0.5,0.75,0.75,0.75,0.5
H_0159,R_24c54Oi3SGoegOo,50-58,older Gen X,Female,Philippines,Cebu,1,1,1,1,1,1,1,1,1,1,1,1,1,1,1,1,1,1,4,3,4,4,4,3,0.0,0.0,0.0,0.0,0.0,0.0,0.0,0.0,0.0,0.0,0.0,0.0,0.0,0.0,0.0,0.0,0.0,0.0,0.75,0.5,0.75,0.75,0.75,0.5
H_0160,R_33vhpHKl1T4JjvF,22-26,younger Millennials,Female,Philippines,Banga,1,1,1,1,1,1,1,1,1,1,1,1,1,1,1,1,1,1,4,4,4,4,4,4,0.0,0.0,0.0,0.0,0.0,0.0,0.0,0.0,0.0,0.0,0.0,0.0,0.0,0.0,0.0,0.0,0.0,0.0,0.75,0.75,0.75,0.75,0.75,0.75
H_0161,R_2fB3t5d3BxF3psZ,22-26,younger Gen Z,Female,Tonga,Vava’u,1,1,1,1,1,1,3,1,1,1,1,1,1,1,1,1,1,1,3,4,3,4,4,4,0.0,0.0,0.0,0.0,0.0,0.0,0.5,0.0,0.0,0.0,0.0,0.0,0.0,0.0,0.0,0.0,0.0,0.0,0.5,0.75,0.5,0.75,0.75,0.75
H_0162,R_1qgQLQ90JdSK4No,22-26,older Gen Z,Female,Philippines,Manila,4,4,4,3,5,5,4,5,3,3,2,1,5,3,5,3,3,3,5,5,4,5,4,4,0.75,0.75,0.75,0.5,1.0,1.0,0.75,1.0,0.5,0.5,0.25,0.0,1.0,0.5,1.0,0.5,0.5,0.5,1.0,1.0,0.75,1.0,0.75,0.75
H_0163,R_Q68sTkgceYjh7Ed,18-21,younger Gen Z,Female,USA,California,1,2,1,1,2,1,3,1,1,1,1,1,1,1,1,1,1,1,3,3,3,4,4,3,0.0,0.25,0.0,0.0,0.25,0.0,0.5,0.0,0.0,0.0,0.0,0.0,0.0,0.0,0.0,0.0,0.0,0.0,0.5,0.5,0.5,0.75,0.75,0.5
H_0164,R_2ZNCfQIH2gSMdsK,22-26,younger Millennials,Female,United States,Utah,2,3,3,3,3,2,3,1,1,1,1,1,1,1,1,2,1,1,3,3,3,3,4,4,0.25,0.5,0.5,0.5,0.5,0.25,0.5,0.0,0.0,0.0,0.0,0.0,0.0,0.0,0.0,0.25,0.0,0.0,0.5,0.5,0.5,0.5,0.75,0.75
H_0165,R_OCkkZnQhwkEWkmJ,27-31,older Gen Z,Female,Fiji,Suva,1,1,1,3,1,1,3,5,5,5,2,1,5,2,5,4,2,3,3,1,4,3,4,3,0.0,0.0,0.0,0.5,0.0,0.0,0.5,1.0,1.0,1.0,0.25,0.0,1.0,0.25,1.0,0.75,0.25,0.5,0.5,0.0,0.75,0.5,0.75,0.5
H_0166,R_PuFsF4xWJV9SKjL,27-31,younger Millennials,Female,Philippines,Pasuquin,2,3,1,1,4,4,4,4,2,2,1,1,2,1,2,1,1,1,4,5,5,4,4,2,0.25,0.5,0.0,0.0,0.75,0.75,0.75,0.75,0.25,0.25,0.0,0.0,0.25,0.0,0.25,0.0,0.0,0.0,0.75,1.0,1.0,0.75,0.75,0.25
H_0167,R_8eTAoH8558UuofL,18-21,younger Gen Z,Female,Taiwan,Hualien,5,4,4,3,5,5,4,5,5,4,3,3,4,4,3,3,3,4,4,5,4,4,4,3,1.0,0.75,0.75,0.5,1.0,1.0,0.75,1.0,1.0,0.75,0.5,0.5,0.75,0.75,0.5,0.5,0.5,0.75,0.75,1.0,0.75,0.75,0.75,0.5
H_0168,R_3kgMdTXL7VZFbV5,18-21,younger Gen Z,Female,USA,Kailua Hawaii,2,1,1,1,2,1,2,1,1,1,1,1,1,1,1,1,1,1,4,4,4,4,4,2,0.25,0.0,0.0,0.0,0.25,0.0,0.25,0.0,0.0,0.0,0.0,0.0,0.0,0.0,0.0,0.0,0.0,0.0,0.75,0.75,0.75,0.75,0.75,0.25
H_0169,R_u7wAFjF5edVP9gB,27-31,younger Millennials,Female,Mongolia,Ulaanbaatar,3,3,3,3,4,3,4,1,2,1,1,1,1,1,2,1,1,1,5,4,3,4,4,1,0.5,0.5,0.5,0.5,0.75,0.5,0.75,0.0,0.25,0.0,0.0,0.0,0.0,0.0,0.25,0.0,0.0,0.0,1.0,0.75,0.5,0.75,0.75,0.0
H_0170,R_33D1LLlQN8fTksM,18-21,older Gen Z,Female,US,West Virginia,3,5,3,3,4,4,3,3,4,3,2,1,4,2,2,2,2,2,4,4,4,4,4,4,0.5,1.0,0.5,0.5,0.75,0.75,0.5,0.5,0.75,0.5,0.25,0.0,0.75,0.25,0.25,0.25,0.25,0.25,0.75,0.75,0.75,0.75,0.75,0.75
H_0171,R_UG6fkuCpI7ORFjH,18-21,older Gen Z,Female,United States,Missouri,5,5,4,5,5,4,4,5,4,5,3,1,4,5,5,5,5,3,4,3,1,3,4,1,1.0,1.0,0.75,1.0,1.0,0.75,0.75,1.0,0.75,1.0,0.5,0.0,0.75,1.0,1.0,1.0,1.0,0.5,0.75,0.5,0.0,0.5,0.75,0.0
H_0172,R_BVU260tOd4CCddT,22-26,younger Millennials,Female,United States,Montana,3,4,2,2,3,4,2,2,1,1,1,1,1,1,2,3,2,1,4,5,4,4,4,2,0.5,0.75,0.25,0.25,0.5,0.75,0.25,0.25,0.0,0.0,0.0,0.0,0.0,0.0,0.25,0.5,0.25,0.0,0.75,1.0,0.75,0.75,0.75,0.25
H_0173,R_3lsPZhB9eapW95v,43-49,younger Gen X,Female,United States,Texas,2,5,1,2,4,4,3,1,1,1,1,1,1,1,1,2,1,1,3,3,3,3,4,1,0.25,1.0,0.0,0.25,0.75,0.75,0.5,0.0,0.0,0.0,0.0,0.0,0.0,0.0,0.0,0.25,0.0,0.0,0.5,0.5,0.5,0.5,0.75,0.0
H_0174,R_1i8bVWuxw452rUo,22-26,older Millennials,Female,Philippines,Butuan,1,3,3,1,1,2,1,1,1,1,1,1,1,1,1,1,1,1,4,4,4,4,4,4,0.0,0.5,0.5,0.0,0.0,0.25,0.0,0.0,0.0,0.0,0.0,0.0,0.0,0.0,0.0,0.0,0.0,0.0,0.75,0.75,0.75,0.75,0.75,0.75
H_0175,R_2DP05vlhuG30udF,18-21,younger Gen Z,Female,Canada,Alberta,4,5,4,4,5,5,5,5,3,4,1,1,3,1,3,1,1,1,1,2,2,4,4,4,0.75,1.0,0.75,0.75,1.0,1.0,1.0,1.0,0.5,0.75,0.0,0.0,0.5,0.0,0.5,0.0,0.0,0.0,0.0,0.25,0.25,0.75,0.75,0.75
H_0176,R_2dBhmpNgUaWhO1b,18-21,older Gen Z,Female,USA,California,5,4,4,4,5,5,3,3,3,3,1,1,1,1,4,4,3,1,3,3,4,2,4,4,1.0,0.75,0.75,0.75,1.0,1.0,0.5,0.5,0.5,0.5,0.0,0.0,0.0,0.0,0.75,0.75,0.5,0.0,0.5,0.5,0.75,0.25,0.75,0.75
H_0177,R_W1cjjXInm5dbq5b,22-26,older Millennials,Female,USA,"Edison, New Jersey",3,2,2,1,1,1,1,2,1,1,1,1,1,1,1,1,1,1,4,5,4,4,4,1,0.5,0.25,0.25,0.0,0.0,0.0,0.0,0.25,0.0,0.0,0.0,0.0,0.0,0.0,0.0,0.0,0.0,0.0,0.75,1.0,0.75,0.75,0.75,0.0
H_0178,R_3EmdSrWGCYtSS6O,43-49,younger Gen X,Female,United States,NC,3,2,3,3,1,4,1,1,1,1,1,1,1,1,1,1,1,1,1,1,4,4,4,4,0.5,0.25,0.5,0.5,0.0,0.75,0.0,0.0,0.0,0.0,0.0,0.0,0.0,0.0,0.0,0.0,0.0,0.0,0.0,0.0,0.75,0.75,0.75,0.75
H_0179,R_3p3Yj85WE4ocWPM,50-58,older Gen X,Female,USA,Utah,1,4,4,2,2,1,3,1,1,1,1,1,1,1,1,1,1,1,4,4,3,4,4,3,0.0,0.75,0.75,0.25,0.25,0.0,0.5,0.0,0.0,0.0,0.0,0.0,0.0,0.0,0.0,0.0,0.0,0.0,0.75,0.75,0.5,0.75,0.75,0.5
H_0180,R_yUVqm2ZSa2B7CY9,32-36,younger Gen Z,Female,USA,California,3,2,3,3,3,3,3,3,3,3,3,3,3,3,3,3,3,1,5,4,4,4,4,4,0.5,0.25,0.5,0.5,0.5,0.5,0.5,0.5,0.5,0.5,0.5,0.5,0.5,0.5,0.5,0.5,0.5,0.0,1.0,0.75,0.75,0.75,0.75,0.75
H_0181,R_22Y5Bg1Z1zedXKO,18-21,younger Gen Z,Female,United States,Hawaii,1,1,1,1,1,1,1,1,1,1,1,1,1,1,1,1,1,1,2,2,2,2,4,3,0.0,0.0,0.0,0.0,0.0,0.0,0.0,0.0,0.0,0.0,0.0,0.0,0.0,0.0,0.0,0.0,0.0,0.0,0.25,0.25,0.25,0.25,0.75,0.5
H_0182,R_432aDspY9XLkqop,18-21,older Gen Z,Female,KSA,Dhahran,2,4,2,4,5,4,4,4,4,4,2,1,4,3,4,1,1,1,5,4,3,4,4,2,0.25,0.75,0.25,0.75,1.0,0.75,0.75,0.75,0.75,0.75,0.25,0.0,0.75,0.5,0.75,0.0,0.0,0.0,1.0,0.75,0.5,0.75,0.75,0.25
H_0183,R_2zpY8MtMOX3GGrP,22-26,younger Millennials,Female,Philippines,"Jaen, Nueva Ecija",3,5,4,4,4,4,4,4,5,4,2,1,4,3,4,1,3,2,4,3,4,4,4,4,0.5,1.0,0.75,0.75,0.75,0.75,0.75,0.75,1.0,0.75,0.25,0.0,0.75,0.5,0.75,0.0,0.5,0.25,0.75,0.5,0.75,0.75,0.75,0.75
H_0184,R_33s4vVyvZ8OOyOm,22-26,older Gen Z,Female,United States,Virginia,4,4,2,1,4,4,4,2,2,4,4,1,1,2,3,1,1,1,4,4,4,4,4,4,0.75,0.75,0.25,0.0,0.75,0.75,0.75,0.25,0.25,0.75,0.75,0.0,0.0,0.25,0.5,0.0,0.0,0.0,0.75,0.75,0.75,0.75,0.75,0.75
H_0185,R_pt86IlTqA2vy6Z3,27-31,younger Millennials,Female,Japan,Yamaguchi,1,1,1,1,1,1,1,1,1,1,1,1,1,1,1,1,1,1,4,4,3,4,4,3,0.0,0.0,0.0,0.0,0.0,0.0,0.0,0.0,0.0,0.0,0.0,0.0,0.0,0.0,0.0,0.0,0.0,0.0,0.75,0.75,0.5,0.75,0.75,0.5
H_0186,R_2rIQT1i209mf5MX,18-21,older Gen Z,Female,United States,Texas,1,4,1,1,1,1,1,1,1,1,1,1,1,1,1,1,1,1,4,3,4,3,4,2,0.0,0.75,0.0,0.0,0.0,0.0,0.0,0.0,0.0,0.0,0.0,0.0,0.0,0.0,0.0,0.0,0.0,0.0,0.75,0.5,0.75,0.5,0.75,0.25
H_0187,R_1gtjEFgVE4goQWU,27-31,younger Millennials,Female,United States,Hawaii,2,3,3,2,3,3,4,2,1,2,2,1,1,2,1,1,3,2,3,3,3,3,4,4,0.25,0.5,0.5,0.25,0.5,0.5,0.75,0.25,0.0,0.25,0.25,0.0,0.0,0.25,0.0,0.0,0.5,0.25,0.5,0.5,0.5,0.5,0.75,0.75
H_0188,R_2XarcXAHjReKbrr,22-26,older Millennials,Female,Fiji,Suva,3,4,3,3,3,3,3,4,4,3,1,1,4,1,1,1,1,1,4,4,4,4,4,2,0.5,0.75,0.5,0.5,0.5,0.5,0.5,0.75,0.75,0.5,0.0,0.0,0.75,0.0,0.0,0.0,0.0,0.0,0.75,0.75,0.75,0.75,0.75,0.25
H_0189,R_2Eh1WPoOF89XyNE,18-21,older Gen Z,Female,USA,California,1,1,1,1,1,1,1,1,1,1,1,1,1,1,1,1,1,1,3,3,4,3,4,2,0.0,0.0,0.0,0.0,0.0,0.0,0.0,0.0,0.0,0.0,0.0,0.0,0.0,0.0,0.0,0.0,0.0,0.0,0.5,0.5,0.75,0.5,0.75,0.25
H_0190,R_2PhVek7e4R5EFVn,27-31,younger Millennials,Female,USA,Oregon,3,4,3,3,4,4,4,4,1,4,1,1,3,2,4,1,1,1,4,3,4,4,4,2,0.5,0.75,0.5,0.5,0.75,0.75,0.75,0.75,0.0,0.75,0.0,0.0,0.5,0.25,0.75,0.0,0.0,0.0,0.75,0.5,0.75,0.75,0.75,0.25
H_0191,R_SUmXGVzaMWREFoZ,22-26,older Gen Z,Female,Usa,Louisiana,4,4,3,2,3,3,4,1,1,1,1,1,1,2,2,1,1,1,4,4,4,4,4,1,0.75,0.75,0.5,0.25,0.5,0.5,0.75,0.0,0.0,0.0,0.0,0.0,0.0,0.25,0.25,0.0,0.0,0.0,0.75,0.75,0.75,0.75,0.75,0.0
H_0192,R_bCosME4yzPXOG1r,18-21,younger Gen Z,Female,United States,Utah,5,5,5,4,5,4,3,3,3,4,3,1,3,1,2,1,1,1,3,4,2,2,4,4,1.0,1.0,1.0,0.75,1.0,0.75,0.5,0.5,0.5,0.75,0.5,0.0,0.5,0.0,0.25,0.0,0.0,0.0,0.5,0.75,0.25,0.25,0.75,0.75
H_0193,R_1kXrLqjhKXhYVzC,43-49,younger Gen X,Female,Philippines,Utah,1,1,1,1,1,1,1,1,1,1,1,1,1,1,1,1,1,1,4,4,4,4,4,1,0.0,0.0,0.0,0.0,0.0,0.0,0.0,0.0,0.0,0.0,0.0,0.0,0.0,0.0,0.0,0.0,0.0,0.0,0.75,0.75,0.75,0.75,0.75,0.0
H_0194,R_2tzg7Q0B1whJeeL,37-42,younger Millennials,Female,Papua New Guinea,Hawaii,1,1,1,1,1,1,1,1,1,1,1,1,1,1,1,1,1,1,4,4,4,4,4,4,0.0,0.0,0.0,0.0,0.0,0.0,0.0,0.0,0.0,0.0,0.0,0.0,0.0,0.0,0.0,0.0,0.0,0.0,0.75,0.75,0.75,0.75,0.75,0.75
H_0195,R_eg4QQAhFDskI73b,22-26,older Gen Z,Female,United States,Colorado,4,5,3,2,4,3,4,3,1,2,3,1,3,3,2,3,3,1,3,3,3,4,4,2,0.75,1.0,0.5,0.25,0.75,0.5,0.75,0.5,0.0,0.25,0.5,0.0,0.5,0.5,0.25,0.5,0.5,0.0,0.5,0.5,0.5,0.75,0.75,0.25
H_0196,R_sSWzuoUzAiKzBRf,22-26,older Millennials,Female,India,Hyderabad,5,5,5,5,5,5,5,4,1,4,1,4,1,1,1,1,1,1,4,4,4,4,4,4,1.0,1.0,1.0,1.0,1.0,1.0,1.0,0.75,0.0,0.75,0.0,0.75,0.0,0.0,0.0,0.0,0.0,0.0,0.75,0.75,0.75,0.75,0.75,0.75
H_0197,R_1jqTnZOZ7V4K2JQ,22-26,younger Gen Z,Female,United States,California,1,1,1,1,2,1,2,2,2,2,1,1,1,1,1,1,1,1,4,4,4,4,4,4,0.0,0.0,0.0,0.0,0.25,0.0,0.25,0.25,0.25,0.25,0.0,0.0,0.0,0.0,0.0,0.0,0.0,0.0,0.75,0.75,0.75,0.75,0.75,0.75
H_0198,R_9GmYChVpKoQ8kpz,18-21,older Gen Z,Female,United States of America,Oregon,1,1,2,1,1,2,1,1,1,1,1,1,1,1,1,1,1,1,4,3,4,4,4,1,0.0,0.0,0.25,0.0,0.0,0.25,0.0,0.0,0.0,0.0,0.0,0.0,0.0,0.0,0.0,0.0,0.0,0.0,0.75,0.5,0.75,0.75,0.75,0.0
H_0199,R_2403BB1qxC2Ovt4,18-21,younger Gen Z,Female,U.S.,Utah,5,5,5,5,5,5,5,4,1,3,3,1,5,1,4,1,1,1,4,2,4,4,4,1,1.0,1.0,1.0,1.0,1.0,1.0,1.0,0.75,0.0,0.5,0.5,0.0,1.0,0.0,0.75,0.0,0.0,0.0,0.75,0.25,0.75,0.75,0.75,0.0
H_0200,R_2SqSCLbVcBM01Yh,18-21,younger Gen Z,Female,USA,Minnesota,2,4,1,3,4,4,2,1,1,1,1,1,1,1,1,3,1,1,3,3,3,5,4,1,0.25,0.75,0.0,0.5,0.75,0.75,0.25,0.0,0.0,0.0,0.0,0.0,0.0,0.0,0.0,0.5,0.0,0.0,0.5,0.5,0.5,1.0,0.75,0.0
H_0201,R_24FXNx8IGLdQM2v,22-26,younger Gen Z,Female,Japan,Fukuoka,2,3,2,4,4,4,4,3,1,1,2,1,4,2,4,5,2,2,5,4,4,4,4,4,0.25,0.5,0.25,0.75,0.75,0.75,0.75,0.5,0.0,0.0,0.25,0.0,0.75,0.25,0.75,1.0,0.25,0.25,1.0,0.75,0.75,0.75,0.75,0.75
H_0202,R_DvCnyl5tGTFqlCp,22-26,older Gen Z,Female,United States,Utah,3,3,3,2,2,2,2,1,1,1,1,1,1,1,1,1,1,1,4,4,4,4,4,4,0.5,0.5,0.5,0.25,0.25,0.25,0.25,0.0,0.0,0.0,0.0,0.0,0.0,0.0,0.0,0.0,0.0,0.0,0.75,0.75,0.75,0.75,0.75,0.75
H_0203,R_vDmSAHovQrDrlHb,27-31,younger Millennials,Female,Kiribati,Tarawa,3,4,2,1,4,2,3,1,1,2,1,1,2,1,1,1,1,1,3,3,3,4,4,1,0.5,0.75,0.25,0.0,0.75,0.25,0.5,0.0,0.0,0.25,0.0,0.0,0.25,0.0,0.0,0.0,0.0,0.0,0.5,0.5,0.5,0.75,0.75,0.0
H_0204,R_3EG9i1nAwvJuGMB,22-26,younger Millennials,Female,United States,Hawaii,2,2,1,2,2,2,3,2,1,2,2,1,2,2,1,2,2,2,3,3,3,4,4,4,0.25,0.25,0.0,0.25,0.25,0.25,0.5,0.25,0.0,0.25,0.25,0.0,0.25,0.25,0.0,0.25,0.25,0.25,0.5,0.5,0.5,0.75,0.75,0.75
H_0205,R_2t9D8uTldyq0HVK,22-26,younger Gen Z,Female,Kiribati,Tarawa,4,3,3,4,3,3,4,3,3,3,4,4,4,4,4,4,4,4,3,3,3,4,4,3,0.75,0.5,0.5,0.75,0.5,0.5,0.75,0.5,0.5,0.5,0.75,0.75,0.75,0.75,0.75,0.75,0.75,0.75,0.5,0.5,0.5,0.75,0.75,0.5
H_0206,R_3P6syR22Kcey7Xu,22-26,younger Millennials,Female,Tarawa,Kiribati,4,4,4,4,4,4,4,2,2,2,2,2,2,2,2,2,2,2,4,4,4,4,4,4,0.75,0.75,0.75,0.75,0.75,0.75,0.75,0.25,0.25,0.25,0.25,0.25,0.25,0.25,0.25,0.25,0.25,0.25,0.75,0.75,0.75,0.75,0.75,0.75
H_0207,R_6AtVuABjjwvJpT3,18-21,younger Millennials,Female,United States,Houston,2,1,1,1,1,1,1,1,1,1,1,1,1,1,1,1,1,1,5,5,5,5,4,4,0.25,0.0,0.0,0.0,0.0,0.0,0.0,0.0,0.0,0.0,0.0,0.0,0.0,0.0,0.0,0.0,0.0,0.0,1.0,1.0,1.0,1.0,0.75,0.75
H_0208,R_1jNHxDy54P7fFKy,22-26,younger Gen Z,Female,Kiribati,South-Tarawa,5,4,4,4,4,4,4,4,4,4,4,4,4,4,4,4,4,4,4,4,4,4,4,4,1.0,0.75,0.75,0.75,0.75,0.75,0.75,0.75,0.75,0.75,0.75,0.75,0.75,0.75,0.75,0.75,0.75,0.75,0.75,0.75,0.75,0.75,0.75,0.75
H_0209,R_3krgE1XzGzY5Db3,50-58,older Gen X,Female,USA,Hawaii,4,4,4,4,4,3,3,5,5,3,3,1,5,4,5,4,2,5,4,4,4,4,4,3,0.75,0.75,0.75,0.75,0.75,0.5,0.5,1.0,1.0,0.5,0.5,0.0,1.0,0.75,1.0,0.75,0.25,1.0,0.75,0.75,0.75,0.75,0.75,0.5
H_0210,R_2WGttYImQ7yad8v,22-26,younger Millennials,Female,Kiribati,Tarawa,5,5,5,5,5,5,3,4,4,3,1,1,4,3,3,2,5,1,3,3,4,4,4,3,1.0,1.0,1.0,1.0,1.0,1.0,0.5,0.75,0.75,0.5,0.0,0.0,0.75,0.5,0.5,0.25,1.0,0.0,0.5,0.5,0.75,0.75,0.75,0.5
H_0211,R_22GhwuYQfgyVwGc,22-26,older Gen Z,Female,philippines,quezon city,3,4,3,2,4,4,5,3,3,4,3,4,3,3,3,4,4,5,5,5,4,5,4,3,0.5,0.75,0.5,0.25,0.75,0.75,1.0,0.5,0.5,0.75,0.5,0.75,0.5,0.5,0.5,0.75,0.75,1.0,1.0,1.0,0.75,1.0,0.75,0.5
H_0212,R_1ihuBiYQe4g1GeT,22-26,older Gen Z,Female,Philippines,Pampanga,3,3,3,3,1,3,3,1,1,1,1,1,1,1,1,1,1,1,4,4,4,4,4,4,0.5,0.5,0.5,0.5,0.0,0.5,0.5,0.0,0.0,0.0,0.0,0.0,0.0,0.0,0.0,0.0,0.0,0.0,0.75,0.75,0.75,0.75,0.75,0.75
H_0213,R_RCdTxy6uSeuGhwJ,27-31,younger Millennials,Female,Philippines,Davao City,3,3,3,3,4,3,3,4,4,2,1,1,2,2,4,1,1,1,3,3,3,3,4,2,0.5,0.5,0.5,0.5,0.75,0.5,0.5,0.75,0.75,0.25,0.0,0.0,0.25,0.25,0.75,0.0,0.0,0.0,0.5,0.5,0.5,0.5,0.75,0.25
H_0214,R_2cnqx1Ktyyl1dWR,18-21,older Gen Z,Female,United States,Minnesota,4,5,2,1,4,4,1,1,2,1,1,1,3,1,2,3,1,1,4,3,3,4,4,1,0.75,1.0,0.25,0.0,0.75,0.75,0.0,0.0,0.25,0.0,0.0,0.0,0.5,0.0,0.25,0.5,0.0,0.0,0.75,0.5,0.5,0.75,0.75,0.0
H_0215,R_3GxLfo3lLRoHMI3,22-26,older Gen Z,Female,Philippines,Tanauan,4,4,4,4,4,4,4,4,4,4,3,2,5,4,4,3,3,3,3,3,3,3,4,2,0.75,0.75,0.75,0.75,0.75,0.75,0.75,0.75,0.75,0.75,0.5,0.25,1.0,0.75,0.75,0.5,0.5,0.5,0.5,0.5,0.5,0.5,0.75,0.25
H_0216,R_110Gsj3xhWlVkxf,18-21,younger Gen Z,Female,USA,Honolulu,2,3,3,5,5,2,3,1,3,4,3,3,4,4,3,4,3,2,4,3,3,2,4,4,0.25,0.5,0.5,1.0,1.0,0.25,0.5,0.0,0.5,0.75,0.5,0.5,0.75,0.75,0.5,0.75,0.5,0.25,0.75,0.5,0.5,0.25,0.75,0.75
H_0217,R_273DzWO6kH0FWbE,18-21,older Gen Z,Female,USA,Palo alto,4,4,4,3,4,4,4,3,1,1,1,1,2,1,1,1,1,1,2,3,3,3,4,2,0.75,0.75,0.75,0.5,0.75,0.75,0.75,0.5,0.0,0.0,0.0,0.0,0.25,0.0,0.0,0.0,0.0,0.0,0.25,0.5,0.5,0.5,0.75,0.25
H_0218,R_1E4iQUJU9YsMa0b,22-26,older Gen Z,Female,USA,California,2,4,2,1,4,5,4,1,1,1,1,1,2,2,2,2,1,1,4,4,3,3,4,5,0.25,0.75,0.25,0.0,0.75,1.0,0.75,0.0,0.0,0.0,0.0,0.0,0.25,0.25,0.25,0.25,0.0,0.0,0.75,0.75,0.5,0.5,0.75,1.0
H_0219,R_qw4PT0mrsPitMuB,22-26,younger Millennials,Female,Philippines,Tuguegarao,5,5,5,5,5,5,5,4,4,4,4,4,4,4,3,1,4,2,4,4,4,4,4,4,1.0,1.0,1.0,1.0,1.0,1.0,1.0,0.75,0.75,0.75,0.75,0.75,0.75,0.75,0.5,0.0,0.75,0.25,0.75,0.75,0.75,0.75,0.75,0.75
H_0220,R_1BSfhem0oodoRCY,18-21,older Gen Z,Female,United States,Provo,5,4,3,2,4,2,4,1,1,4,1,1,4,1,1,1,1,1,3,3,2,3,4,3,1.0,0.75,0.5,0.25,0.75,0.25,0.75,0.0,0.0,0.75,0.0,0.0,0.75,0.0,0.0,0.0,0.0,0.0,0.5,0.5,0.25,0.5,0.75,0.5
H_0221,R_2sQKlfVsjQLYRDp,18-21,older Gen Z,Female,México,Veracruz,3,4,2,2,4,4,3,2,1,2,1,1,2,1,1,2,2,2,3,2,3,4,4,3,0.5,0.75,0.25,0.25,0.75,0.75,0.5,0.25,0.0,0.25,0.0,0.0,0.25,0.0,0.0,0.25,0.25,0.25,0.5,0.25,0.5,0.75,0.75,0.5
H_0222,R_BVqOUpYJr9cDSNz,22-26,younger Millennials,Female,USA,Hawaii,1,1,1,1,1,1,3,1,1,1,1,1,1,1,1,1,1,1,4,4,4,4,4,1,0.0,0.0,0.0,0.0,0.0,0.0,0.5,0.0,0.0,0.0,0.0,0.0,0.0,0.0,0.0,0.0,0.0,0.0,0.75,0.75,0.75,0.75,0.75,0.0
H_0223,R_3QX0yOfcWAQxd1O,27-31,younger Millennials,Female,Usa,Spokane,2,2,1,2,2,3,3,1,1,1,1,1,1,1,1,1,1,1,4,4,4,3,4,3,0.25,0.25,0.0,0.25,0.25,0.5,0.5,0.0,0.0,0.0,0.0,0.0,0.0,0.0,0.0,0.0,0.0,0.0,0.75,0.75,0.75,0.5,0.75,0.5
H_0224,R_3nIfoluvIU0Yzk2,27-31,older Millennials,Female,united states,airway heights,3,3,4,2,3,4,4,3,3,2,3,4,3,3,2,4,2,2,3,4,5,3,4,3,0.5,0.5,0.75,0.25,0.5,0.75,0.75,0.5,0.5,0.25,0.5,0.75,0.5,0.5,0.25,0.75,0.25,0.25,0.5,0.75,1.0,0.5,0.75,0.5
H_0225,R_2aV7G4RqseGqfeZ,37-42,younger Gen X,Female,United States,"Anthem, AZ",1,4,1,1,1,3,3,1,1,1,1,1,1,1,1,1,1,1,4,4,4,4,4,4,0.0,0.75,0.0,0.0,0.0,0.5,0.5,0.0,0.0,0.0,0.0,0.0,0.0,0.0,0.0,0.0,0.0,0.0,0.75,0.75,0.75,0.75,0.75,0.75
H_0226,R_3G8LrTgQN6YN6Dz,22-26,older Gen Z,Female,United States,"Logan, UT",1,1,1,1,1,3,3,1,1,1,1,1,1,1,1,1,1,1,4,4,4,4,4,2,0.0,0.0,0.0,0.0,0.0,0.5,0.5,0.0,0.0,0.0,0.0,0.0,0.0,0.0,0.0,0.0,0.0,0.0,0.75,0.75,0.75,0.75,0.75,0.25
H_0227,R_prOwkVEp6hEDzwd,27-31,younger Millennials,Female,United States,Utah,1,4,1,1,1,3,3,1,1,1,1,1,1,1,1,1,1,1,3,3,3,4,4,1,0.0,0.75,0.0,0.0,0.0,0.5,0.5,0.0,0.0,0.0,0.0,0.0,0.0,0.0,0.0,0.0,0.0,0.0,0.5,0.5,0.5,0.75,0.75,0.0
H_0228,R_3eqcL5ILNQsOn30,18-21,older Gen Z,Female,United States,Utah,1,4,1,2,4,3,3,2,2,1,2,2,1,2,2,1,1,1,4,3,4,4,4,3,0.0,0.75,0.0,0.25,0.75,0.5,0.5,0.25,0.25,0.0,0.25,0.25,0.0,0.25,0.25,0.0,0.0,0.0,0.75,0.5,0.75,0.75,0.75,0.5
H_0229,R_1q3Z7NZ7PSCtt1C,22-26,older Gen Z,Female,United States,Utah,1,2,1,2,1,3,3,1,1,1,1,1,1,1,1,1,1,1,4,4,4,4,4,4,0.0,0.25,0.0,0.25,0.0,0.5,0.5,0.0,0.0,0.0,0.0,0.0,0.0,0.0,0.0,0.0,0.0,0.0,0.75,0.75,0.75,0.75,0.75,0.75
H_0230,R_2RaIi523eUjgmZY,22-26,older Gen Z,Female,USA,Utah,4,5,5,4,5,5,5,3,1,4,3,1,1,3,1,4,3,4,3,3,2,2,4,3,0.75,1.0,1.0,0.75,1.0,1.0,1.0,0.5,0.0,0.75,0.5,0.0,0.0,0.5,0.0,0.75,0.5,0.75,0.5,0.5,0.25,0.25,0.75,0.5
H_0231,R_1EYZASJEsWmtJj0,22-26,older Gen Z,Female,United States,"Alpine, UT",1,1,2,1,1,1,1,1,2,1,1,1,1,1,1,1,1,2,4,5,5,4,4,4,0.0,0.0,0.25,0.0,0.0,0.0,0.0,0.0,0.25,0.0,0.0,0.0,0.0,0.0,0.0,0.0,0.0,0.25,0.75,1.0,1.0,0.75,0.75,0.75
H_0232,R_1Inr4QwECX7CZVG,22-26,older Gen Z,Female,U.S.,Utah,1,2,1,2,1,3,3,1,1,1,1,1,1,1,1,1,1,1,3,3,3,3,4,2,0.0,0.25,0.0,0.25,0.0,0.5,0.5,0.0,0.0,0.0,0.0,0.0,0.0,0.0,0.0,0.0,0.0,0.0,0.5,0.5,0.5,0.5,0.75,0.25
H_0233,R_etAQ3cqGq1iWa6R,50-58,older Gen X,Female,USA,Idaho,3,3,2,2,4,4,4,4,1,1,4,1,1,4,4,1,4,5,4,2,2,2,4,2,0.5,0.5,0.25,0.25,0.75,0.75,0.75,0.75,0.0,0.0,0.75,0.0,0.0,0.75,0.75,0.0,0.75,1.0,0.75,0.25,0.25,0.25,0.75,0.25
H_0234,R_277LHiG0VCqsZnH,59-64,younger Baby Boomers,Female,United states,Utah,1,4,1,3,2,2,3,1,1,1,1,1,1,1,1,1,1,1,4,4,4,4,4,3,0.0,0.75,0.0,0.5,0.25,0.25,0.5,0.0,0.0,0.0,0.0,0.0,0.0,0.0,0.0,0.0,0.0,0.0,0.75,0.75,0.75,0.75,0.75,0.5
H_0235,R_3G0NiWGuIl8kYNl,22-26,older Gen Z,Female,United States,Utah,3,4,3,2,4,4,5,3,3,1,1,2,1,3,2,2,2,1,3,3,4,4,4,2,0.5,0.75,0.5,0.25,0.75,0.75,1.0,0.5,0.5,0.0,0.0,0.25,0.0,0.5,0.25,0.25,0.25,0.0,0.5,0.5,0.75,0.75,0.75,0.25
H_0236,R_129Z452gKQk4Hd7,50-58,older Gen X,Female,United States,Arizona,2,4,2,2,1,3,3,1,1,1,1,1,1,1,1,1,1,1,2,3,4,4,4,3,0.25,0.75,0.25,0.25,0.0,0.5,0.5,0.0,0.0,0.0,0.0,0.0,0.0,0.0,0.0,0.0,0.0,0.0,0.25,0.5,0.75,0.75,0.75,0.5
H_0237,R_1GwBpDz4j8zNP8M,32-36,younger Millennials,Female,United States,Logan,4,5,3,3,4,4,3,1,1,1,3,2,1,3,1,1,3,1,3,2,3,3,4,2,0.75,1.0,0.5,0.5,0.75,0.75,0.5,0.0,0.0,0.0,0.5,0.25,0.0,0.5,0.0,0.0,0.5,0.0,0.5,0.25,0.5,0.5,0.75,0.25
H_0238,R_3mlz6JB0rtD4aEt,22-26,older Gen Z,Female,United States,"Logan, Utah",2,4,2,1,4,3,3,2,2,1,2,2,1,2,1,2,1,1,4,4,4,4,4,3,0.25,0.75,0.25,0.0,0.75,0.5,0.5,0.25,0.25,0.0,0.25,0.25,0.0,0.25,0.0,0.25,0.0,0.0,0.75,0.75,0.75,0.75,0.75,0.5
H_0239,R_WfHEKrwUGfjtZHX,18-21,older Gen Z,Female,USA,"Cedar Hills, Utah",1,2,1,1,2,3,2,1,3,2,3,1,4,4,1,2,1,2,4,4,4,4,4,2,0.0,0.25,0.0,0.0,0.25,0.5,0.25,0.0,0.5,0.25,0.5,0.0,0.75,0.75,0.0,0.25,0.0,0.25,0.75,0.75,0.75,0.75,0.75,0.25
H_0240,R_3KAW5woHIypkZdz,22-26,younger Millennials,Female,Mexico,Mexico city,5,5,5,3,5,5,5,1,1,1,1,1,1,1,1,1,1,1,5,4,4,4,4,4,1.0,1.0,1.0,0.5,1.0,1.0,1.0,0.0,0.0,0.0,0.0,0.0,0.0,0.0,0.0,0.0,0.0,0.0,1.0,0.75,0.75,0.75,0.75,0.75
H_0241,R_29tchBGV131zLfP,27-31,older Millennials,Male,Papua New Guinea,Port Moresby,5,5,5,5,5,5,5,5,5,5,1,5,5,5,5,5,2,5,4,4,4,4,4,4,1.0,1.0,1.0,1.0,1.0,1.0,1.0,1.0,1.0,1.0,0.0,1.0,1.0,1.0,1.0,1.0,0.25,1.0,0.75,0.75,0.75,0.75,0.75,0.75
H_0242,R_2PnC08mcbrrnUP4,22-26,older Gen Z,Male,USA,Florida,5,5,4,4,5,5,4,4,4,3,1,1,4,1,4,5,5,1,5,4,4,3,4,4,1.0,1.0,0.75,0.75,1.0,1.0,0.75,0.75,0.75,0.5,0.0,0.0,0.75,0.0,0.75,1.0,1.0,0.0,1.0,0.75,0.75,0.5,0.75,0.75
H_0243,R_2YsLxZkRnRa8QMK,27-31,younger Millennials,Male,Indonesia,Jakarta,5,4,4,4,5,4,5,4,4,4,3,4,4,4,4,2,4,2,4,3,4,4,4,4,1.0,0.75,0.75,0.75,1.0,0.75,1.0,0.75,0.75,0.75,0.5,0.75,0.75,0.75,0.75,0.25,0.75,0.25,0.75,0.5,0.75,0.75,0.75,0.75
H_0244,R_2c5gTYUvEZrj9OJ,22-26,younger Gen Z,Male,Japan,Saitama,5,4,4,5,4,5,5,4,4,4,3,4,4,4,4,4,4,4,5,4,5,5,4,5,1.0,0.75,0.75,1.0,0.75,1.0,1.0,0.75,0.75,0.75,0.5,0.75,0.75,0.75,0.75,0.75,0.75,0.75,1.0,0.75,1.0,1.0,0.75,1.0
H_0245,R_sO0ySylGQiDJ4nn,22-26,younger Gen Z,Male,Mongolia,Ulaanbaatar,3,4,3,4,3,5,4,3,1,4,1,1,1,1,4,1,1,1,1,2,3,3,4,2,0.5,0.75,0.5,0.75,0.5,1.0,0.75,0.5,0.0,0.75,0.0,0.0,0.0,0.0,0.75,0.0,0.0,0.0,0.0,0.25,0.5,0.5,0.75,0.25
H_0246,R_pQSUhl3NXGSs9k5,22-26,younger Gen Z,Male,Tonga,Tonga,3,3,3,2,4,3,2,1,1,1,1,1,1,1,1,1,1,1,4,4,4,4,4,2,0.5,0.5,0.5,0.25,0.75,0.5,0.25,0.0,0.0,0.0,0.0,0.0,0.0,0.0,0.0,0.0,0.0,0.0,0.75,0.75,0.75,0.75,0.75,0.25
H_0247,R_Diafoia5S071Z0B,22-26,older Gen Z,Male,Philipphines,Manila,4,4,3,4,4,4,4,4,5,5,4,5,4,5,5,2,5,5,3,3,4,3,4,3,0.75,0.75,0.5,0.75,0.75,0.75,0.75,0.75,1.0,1.0,0.75,1.0,0.75,1.0,1.0,0.25,1.0,1.0,0.5,0.5,0.75,0.5,0.75,0.5
H_0248,R_xt06ZARXLJZBjgd,22-26,older Gen Z,Male,Philippines,Pasig City,4,5,2,2,1,3,3,1,1,1,1,1,1,1,1,1,1,1,4,4,3,4,4,3,0.75,1.0,0.25,0.25,0.0,0.5,0.5,0.0,0.0,0.0,0.0,0.0,0.0,0.0,0.0,0.0,0.0,0.0,0.75,0.75,0.5,0.75,0.75,0.5
H_0249,R_RzDH4hf8zO959XH,22-26,older Gen Z,Male,England,London,3,3,4,2,2,3,2,4,3,4,5,5,4,3,4,5,3,4,3,3,4,4,4,3,0.5,0.5,0.75,0.25,0.25,0.5,0.25,0.75,0.5,0.75,1.0,1.0,0.75,0.5,0.75,1.0,0.5,0.75,0.5,0.5,0.75,0.75,0.75,0.5
H_0250,R_0H8TSs6sYyyBvhL,18-21,older Gen Z,Male,Fiji,Suva,4,4,4,4,4,4,4,4,4,4,4,4,3,3,3,4,4,4,4,4,4,4,4,4,0.75,0.75,0.75,0.75,0.75,0.75,0.75,0.75,0.75,0.75,0.75,0.75,0.5,0.5,0.5,0.75,0.75,0.75,0.75,0.75,0.75,0.75,0.75,0.75
H_0251,R_73QKvj4LOShJLwt,18-21,younger Gen Z,Male,America,California,5,5,5,5,5,5,5,5,5,5,5,5,5,5,5,5,5,5,4,3,4,4,4,4,1.0,1.0,1.0,1.0,1.0,1.0,1.0,1.0,1.0,1.0,1.0,1.0,1.0,1.0,1.0,1.0,1.0,1.0,0.75,0.5,0.75,0.75,0.75,0.75
H_0252,R_1BxTJb0onLVj0Yx,22-26,younger Gen Z,Male,Kiribati,Tarawa,5,5,5,4,5,5,5,4,3,4,4,1,5,4,5,1,1,1,4,4,4,4,4,4,1.0,1.0,1.0,0.75,1.0,1.0,1.0,0.75,0.5,0.75,0.75,0.0,1.0,0.75,1.0,0.0,0.0,0.0,0.75,0.75,0.75,0.75,0.75,0.75
H_0253,R_0k9p12MC1VEqOwF,18-21,older Gen Z,Male,Mongolia,Ulaanbaatar,4,4,3,3,3,4,3,3,3,3,3,3,3,3,3,3,3,3,4,3,4,5,4,4,0.75,0.75,0.5,0.5,0.5,0.75,0.5,0.5,0.5,0.5,0.5,0.5,0.5,0.5,0.5,0.5,0.5,0.5,0.75,0.5,0.75,1.0,0.75,0.75
H_0254,R_vH12iz0smSha4Jb,43-49,older Millennials,Male,Philippines,Bulacan,5,5,5,5,5,5,5,2,2,2,2,2,2,2,2,2,2,2,4,4,4,4,4,4,1.0,1.0,1.0,1.0,1.0,1.0,1.0,0.25,0.25,0.25,0.25,0.25,0.25,0.25,0.25,0.25,0.25,0.25,0.75,0.75,0.75,0.75,0.75,0.75
H_0255,R_1f9pNYthbPtIiSZ,37-42,older Gen Z,Male,Philippines,Cavite city,5,5,5,5,5,5,5,3,3,3,3,3,3,3,4,4,4,4,4,4,4,4,4,4,1.0,1.0,1.0,1.0,1.0,1.0,1.0,0.5,0.5,0.5,0.5,0.5,0.5,0.5,0.75,0.75,0.75,0.75,0.75,0.75,0.75,0.75,0.75,0.75
H_0256,R_3nqoGVFXc4JeNRg,22-26,older Gen Z,Male,Philippines,Manila,3,4,3,3,4,4,4,3,2,1,1,1,2,3,1,1,2,1,3,4,3,4,4,3,0.5,0.75,0.5,0.5,0.75,0.75,0.75,0.5,0.25,0.0,0.0,0.0,0.25,0.5,0.0,0.0,0.25,0.0,0.5,0.75,0.5,0.75,0.75,0.5
H_0257,R_2fJXocyCO28nsMb,22-26,younger Millennials,Male,Philippines,Davao City,5,5,4,4,5,5,4,4,1,4,1,4,1,1,1,4,4,1,4,4,4,4,4,3,1.0,1.0,0.75,0.75,1.0,1.0,0.75,0.75,0.0,0.75,0.0,0.75,0.0,0.0,0.0,0.75,0.75,0.0,0.75,0.75,0.75,0.75,0.75,0.5
H_0258,R_10I58xcdtjUUtVY,22-26,older Gen Z,Male,Australia,Gold Coast,1,1,1,1,1,1,1,1,1,1,1,1,1,1,1,1,1,1,4,4,4,4,4,4,0.0,0.0,0.0,0.0,0.0,0.0,0.0,0.0,0.0,0.0,0.0,0.0,0.0,0.0,0.0,0.0,0.0,0.0,0.75,0.75,0.75,0.75,0.75,0.75
H_0259,R_1F4x1O78lGcnbTN,27-31,younger Millennials,Male,Tonga,Nuku'alofa,1,1,1,1,1,1,1,1,1,1,1,1,1,1,1,1,1,1,4,4,4,4,4,4,0.0,0.0,0.0,0.0,0.0,0.0,0.0,0.0,0.0,0.0,0.0,0.0,0.0,0.0,0.0,0.0,0.0,0.0,0.75,0.75,0.75,0.75,0.75,0.75
H_0260,R_3oFkOZfDDemPBcB,22-26,older Gen Z,Male,philippines,alicia,4,4,4,4,4,4,4,4,4,4,1,1,4,1,4,1,1,1,4,4,4,4,4,3,0.75,0.75,0.75,0.75,0.75,0.75,0.75,0.75,0.75,0.75,0.0,0.0,0.75,0.0,0.75,0.0,0.0,0.0,0.75,0.75,0.75,0.75,0.75,0.5
H_0261,R_Xoc5AIYvMhiXomB,22-26,younger Gen Z,Male,Philippines,Isabela,2,2,1,1,1,2,2,1,2,1,1,1,1,1,1,1,2,1,3,2,1,3,4,2,0.25,0.25,0.0,0.0,0.0,0.25,0.25,0.0,0.25,0.0,0.0,0.0,0.0,0.0,0.0,0.0,0.25,0.0,0.5,0.25,0.0,0.5,0.75,0.25
H_0262,R_cNiaK1lePrAut1v,22-26,younger Gen Z,Male,Philippines,Antipolo City,3,3,3,4,1,1,2,2,2,2,1,1,1,1,3,3,3,3,4,4,5,5,4,5,0.5,0.5,0.5,0.75,0.0,0.0,0.25,0.25,0.25,0.25,0.0,0.0,0.0,0.0,0.5,0.5,0.5,0.5,0.75,0.75,1.0,1.0,0.75,1.0
H_0263,R_33sruzLGX24l00j,22-26,older Millennials,Male,Philippines,Negros Occidental,3,3,2,1,2,3,4,2,2,4,1,4,4,4,2,2,4,1,4,2,4,4,4,2,0.5,0.5,0.25,0.0,0.25,0.5,0.75,0.25,0.25,0.75,0.0,0.75,0.75,0.75,0.25,0.25,0.75,0.0,0.75,0.25,0.75,0.75,0.75,0.25
H_0264,R_D7hOWVGPubZP56x,18-21,older Gen Z,Male,U.S,Colorado,3,4,3,4,5,5,3,1,1,1,1,1,1,1,1,1,1,1,4,4,4,3,4,4,0.5,0.75,0.5,0.75,1.0,1.0,0.5,0.0,0.0,0.0,0.0,0.0,0.0,0.0,0.0,0.0,0.0,0.0,0.75,0.75,0.75,0.5,0.75,0.75
H_0265,R_30epf0xYgAEW39s,22-26,older Gen Z,Male,Malaysia,Kuala Lumpur,5,4,4,3,4,5,4,3,3,2,1,1,3,3,3,1,1,1,4,4,3,3,4,2,1.0,0.75,0.75,0.5,0.75,1.0,0.75,0.5,0.5,0.25,0.0,0.0,0.5,0.5,0.5,0.0,0.0,0.0,0.75,0.75,0.5,0.5,0.75,0.25
H_0266,R_2UcjHWbK46Wp4Jt,22-26,older Millennials,Male,United States,"Glendale, California",1,1,1,1,1,1,3,2,2,1,2,1,2,1,1,2,1,3,4,4,5,5,4,2,0.0,0.0,0.0,0.0,0.0,0.0,0.5,0.25,0.25,0.0,0.25,0.0,0.25,0.0,0.0,0.25,0.0,0.5,0.75,0.75,1.0,1.0,0.75,0.25
H_0267,R_3oSEydtJsSNaMEP,22-26,younger Gen Z,Male,Indonesia,Surabaya,4,5,4,4,5,5,3,5,3,3,2,2,2,2,2,2,4,1,5,4,4,4,4,3,0.75,1.0,0.75,0.75,1.0,1.0,0.5,1.0,0.5,0.5,0.25,0.25,0.25,0.25,0.25,0.25,0.75,0.0,1.0,0.75,0.75,0.75,0.75,0.5
H_0268,R_2xRe5Q4Qavok8cr,22-26,older Gen Z,Male,Philippines,Alaminos City,2,4,2,2,2,2,3,1,1,1,1,1,1,1,1,1,1,1,4,4,4,4,4,3,0.25,0.75,0.25,0.25,0.25,0.25,0.5,0.0,0.0,0.0,0.0,0.0,0.0,0.0,0.0,0.0,0.0,0.0,0.75,0.75,0.75,0.75,0.75,0.5
H_0269,R_DGf2jDfbNd4AH6x,22-26,younger Millennials,Male,United states,North Carolina,3,4,3,3,4,4,3,4,4,4,1,1,4,2,2,4,3,2,4,4,3,3,4,4,0.5,0.75,0.5,0.5,0.75,0.75,0.5,0.75,0.75,0.75,0.0,0.0,0.75,0.25,0.25,0.75,0.5,0.25,0.75,0.75,0.5,0.5,0.75,0.75
H_0270,R_3JETHXQyqpAj4CR,22-26,younger Millennials,Male,Indonesia,Bogor,4,4,4,4,4,4,3,5,3,5,1,4,4,1,2,1,1,1,4,4,3,4,4,1,0.75,0.75,0.75,0.75,0.75,0.75,0.5,1.0,0.5,1.0,0.0,0.75,0.75,0.0,0.25,0.0,0.0,0.0,0.75,0.75,0.5,0.75,0.75,0.0
H_0271,R_1K1Jg4A8S8MW7LT,22-26,older Gen Z,Male,Philippines,Ilagan City,5,5,5,4,5,5,5,4,4,3,1,1,4,4,4,3,5,3,4,4,3,4,4,3,1.0,1.0,1.0,0.75,1.0,1.0,1.0,0.75,0.75,0.5,0.0,0.0,0.75,0.75,0.75,0.5,1.0,0.5,0.75,0.75,0.5,0.75,0.75,0.5
H_0272,R_1pX1l8983BQu6d9,22-26,older Gen Z,Male,America,Utah,1,3,2,1,1,1,1,1,1,1,1,1,1,1,1,1,1,1,4,5,5,5,4,2,0.0,0.5,0.25,0.0,0.0,0.0,0.0,0.0,0.0,0.0,0.0,0.0,0.0,0.0,0.0,0.0,0.0,0.0,0.75,1.0,1.0,1.0,0.75,0.25
H_0273,R_24AT9VaGbQC3g7J,22-26,younger Gen Z,Male,PNG,PORT MORESBY,4,4,3,4,2,2,3,3,4,3,3,1,4,3,4,1,3,1,1,3,2,5,4,2,0.75,0.75,0.5,0.75,0.25,0.25,0.5,0.5,0.75,0.5,0.5,0.0,0.75,0.5,0.75,0.0,0.5,0.0,0.0,0.5,0.25,1.0,0.75,0.25
H_0274,R_3Oog0npUwJSeR9j,18-21,older Gen Z,Male,Japan,Ibaraki,4,3,1,1,5,4,5,2,3,3,1,1,4,3,3,1,1,1,5,4,3,4,4,2,0.75,0.5,0.0,0.0,1.0,0.75,1.0,0.25,0.5,0.5,0.0,0.0,0.75,0.5,0.5,0.0,0.0,0.0,1.0,0.75,0.5,0.75,0.75,0.25
H_0275,R_3R2u8tkirtpd4uA,18-21,older Gen Z,Male,United States,Arizona,3,4,3,2,5,4,3,1,3,1,1,1,2,1,3,2,1,1,4,4,4,4,4,1,0.5,0.75,0.5,0.25,1.0,0.75,0.5,0.0,0.5,0.0,0.0,0.0,0.25,0.0,0.5,0.25,0.0,0.0,0.75,0.75,0.75,0.75,0.75,0.0
H_0276,R_6yuCxDRALhnwKrL,18-21,older Gen Z,Male,United States,Texas,2,3,2,2,4,4,5,2,1,4,1,1,3,3,3,3,1,1,4,4,4,4,4,5,0.25,0.5,0.25,0.25,0.75,0.75,1.0,0.25,0.0,0.75,0.0,0.0,0.5,0.5,0.5,0.5,0.0,0.0,0.75,0.75,0.75,0.75,0.75,1.0
H_0277,R_3nCvHuK9EdZmWpJ,18-21,older Gen Z,Male,Usa,Bountiful Utah,5,5,5,3,5,5,4,4,4,4,3,1,4,4,5,3,2,1,3,3,2,3,4,3,1.0,1.0,1.0,0.5,1.0,1.0,0.75,0.75,0.75,0.75,0.5,0.0,0.75,0.75,1.0,0.5,0.25,0.0,0.5,0.5,0.25,0.5,0.75,0.5
H_0278,R_1g1tno96Wwp5Ug7,43-49,younger Gen X,Male,United States,Bountiful,3,3,3,2,2,2,3,2,2,2,2,2,2,2,2,1,1,1,2,2,3,3,4,2,0.5,0.5,0.5,0.25,0.25,0.25,0.5,0.25,0.25,0.25,0.25,0.25,0.25,0.25,0.25,0.0,0.0,0.0,0.25,0.25,0.5,0.5,0.75,0.25
H_0279,R_3HZkN6UxltNPdEa,22-26,older Gen Z,Male,Philippines,Baguio,5,5,5,5,5,5,5,4,4,4,4,4,4,4,4,4,4,4,4,4,4,4,4,4,1.0,1.0,1.0,1.0,1.0,1.0,1.0,0.75,0.75,0.75,0.75,0.75,0.75,0.75,0.75,0.75,0.75,0.75,0.75,0.75,0.75,0.75,0.75,0.75
H_0280,R_2QnQugDCQ5STLmr,37-42,younger Millennials,Male,Unknown,Unknown,4,4,4,4,3,4,3,3,3,2,3,3,4,2,3,2,3,2,4,4,4,4,4,3,0.75,0.75,0.75,0.75,0.5,0.75,0.5,0.5,0.5,0.25,0.5,0.5,0.75,0.25,0.5,0.25,0.5,0.25,0.75,0.75,0.75,0.75,0.75,0.5
H_0281,R_21tWmrVZiK5dBgj,22-26,older Millennials,Male,United States,Orem,4,4,3,3,4,4,3,4,3,3,1,1,1,1,2,1,1,1,2,4,4,4,4,2,0.75,0.75,0.5,0.5,0.75,0.75,0.5,0.75,0.5,0.5,0.0,0.0,0.0,0.0,0.25,0.0,0.0,0.0,0.25,0.75,0.75,0.75,0.75,0.25
H_0282,R_276YdqRtmwknnOX,22-26,older Gen Z,Male,United States,Texas,4,4,3,5,5,4,5,3,3,4,2,4,4,4,2,1,4,2,2,4,2,2,4,4,0.75,0.75,0.5,1.0,1.0,0.75,1.0,0.5,0.5,0.75,0.25,0.75,0.75,0.75,0.25,0.0,0.75,0.25,0.25,0.75,0.25,0.25,0.75,0.75
H_0283,R_1IAfRA6DslgD9D6,43-49,older Gen X,Male,Unite States,"Springville, UT",2,3,2,2,1,1,3,1,1,1,1,1,1,1,1,1,1,1,4,2,3,4,4,3,0.25,0.5,0.25,0.25,0.0,0.0,0.5,0.0,0.0,0.0,0.0,0.0,0.0,0.0,0.0,0.0,0.0,0.0,0.75,0.25,0.5,0.75,0.75,0.5
H_0284,R_27W5gAvQq8KB2Ju,22-26,younger Gen X,Male,India,Delhi,3,5,3,3,3,3,3,3,3,3,3,3,3,2,2,3,3,3,3,3,3,3,4,4,0.5,1.0,0.5,0.5,0.5,0.5,0.5,0.5,0.5,0.5,0.5,0.5,0.5,0.25,0.25,0.5,0.5,0.5,0.5,0.5,0.5,0.5,0.75,0.75
H_0285,R_1GI94i8viZosN63,32-36,younger Millennials,Male,Japan,Fukoyoka,4,4,5,4,3,2,3,3,2,1,1,1,1,1,1,2,1,1,1,1,1,5,4,2,0.75,0.75,1.0,0.75,0.5,0.25,0.5,0.5,0.25,0.0,0.0,0.0,0.0,0.0,0.0,0.25,0.0,0.0,0.0,0.0,0.0,1.0,0.75,0.25
H_0286,R_3OhDFi9k1ikrFa9,27-31,older Millennials,Male,USA,Colorado,4,4,1,1,2,4,5,5,3,5,2,1,5,4,5,3,2,3,4,4,5,5,4,5,0.75,0.75,0.0,0.0,0.25,0.75,1.0,1.0,0.5,1.0,0.25,0.0,1.0,0.75,1.0,0.5,0.25,0.5,0.75,0.75,1.0,1.0,0.75,1.0
H_0287,R_2xKHD9AwBBuXPb5,71-77,older Baby Boomer,Male,United States,Colorado,1,4,1,4,1,1,1,1,1,1,1,1,1,1,1,1,1,1,5,5,5,5,4,2,0.0,0.75,0.0,0.75,0.0,0.0,0.0,0.0,0.0,0.0,0.0,0.0,0.0,0.0,0.0,0.0,0.0,0.0,1.0,1.0,1.0,1.0,0.75,0.25
H_0288,R_1q3tWRATHCGiBh2,18-21,younger Gen Z,Male,America,California,3,2,4,4,3,4,4,5,3,4,4,2,3,4,2,3,4,4,4,4,3,4,4,4,0.5,0.25,0.75,0.75,0.5,0.75,0.75,1.0,0.5,0.75,0.75,0.25,0.5,0.75,0.25,0.5,0.75,0.75,0.75,0.75,0.5,0.75,0.75,0.75
H_0289,R_2Qm0MqpVMmy43IG,22-26,older Gen Z,Male,Canada,British Columbia,5,5,5,5,5,5,5,4,3,4,1,1,2,1,3,1,1,1,5,5,2,5,4,1,1.0,1.0,1.0,1.0,1.0,1.0,1.0,0.75,0.5,0.75,0.0,0.0,0.25,0.0,0.5,0.0,0.0,0.0,1.0,1.0,0.25,1.0,0.75,0.0
H_0290,R_1jlU9MtJU2jZ4Ms,22-26,older Gen Z,Male,America,Idaho,5,5,4,5,5,5,4,5,3,4,2,2,3,3,2,4,1,5,4,4,3,2,4,3,1.0,1.0,0.75,1.0,1.0,1.0,0.75,1.0,0.5,0.75,0.25,0.25,0.5,0.5,0.25,0.75,0.0,1.0,0.75,0.75,0.5,0.25,0.75,0.5
H_0291,R_3D78L8Ji0BxEF4t,22-26,younger Gen Z,Male,America,Las Vegas,5,4,4,4,5,5,4,4,2,5,1,3,4,3,5,5,1,4,3,2,4,3,4,4,1.0,0.75,0.75,0.75,1.0,1.0,0.75,0.75,0.25,1.0,0.0,0.5,0.75,0.5,1.0,1.0,0.0,0.75,0.5,0.25,0.75,0.5,0.75,0.75
H_0292,R_1eLCfAJ97xVhrTQ,22-26,older Millennials,Male,Philippines,Cabanatuan,4,4,3,4,4,3,5,4,4,3,1,2,5,1,4,3,2,1,4,4,4,4,4,2,0.75,0.75,0.5,0.75,0.75,0.5,1.0,0.75,0.75,0.5,0.0,0.25,1.0,0.0,0.75,0.5,0.25,0.0,0.75,0.75,0.75,0.75,0.75,0.25
H_0293,R_6S5lH7S6x5XVXBn,22-26,older Gen Z,Male,Usa,Nashville,3,3,3,4,4,4,2,1,1,2,1,1,2,1,1,1,1,1,3,4,3,3,4,2,0.5,0.5,0.5,0.75,0.75,0.75,0.25,0.0,0.0,0.25,0.0,0.0,0.25,0.0,0.0,0.0,0.0,0.0,0.5,0.75,0.5,0.5,0.75,0.25
H_0294,R_268Bo0Q4kSJtwpH,22-26,older Gen Z,Male,U.S,Hawaii,3,4,3,2,3,3,2,1,1,1,1,1,1,1,1,1,1,1,3,2,2,3,4,3,0.5,0.75,0.5,0.25,0.5,0.5,0.25,0.0,0.0,0.0,0.0,0.0,0.0,0.0,0.0,0.0,0.0,0.0,0.5,0.25,0.25,0.5,0.75,0.5
H_0295,R_2RPak5Ozljh838w,22-26,younger Gen Z,Male,India,Hyderabad,5,5,4,4,5,5,4,4,4,4,1,4,3,3,3,1,1,1,5,4,3,4,4,4,1.0,1.0,0.75,0.75,1.0,1.0,0.75,0.75,0.75,0.75,0.0,0.75,0.5,0.5,0.5,0.0,0.0,0.0,1.0,0.75,0.5,0.75,0.75,0.75
H_0296,R_1N8n6L6GsJpzV8k,27-31,older Millennials,Male,Mexico,Puebla,3,3,3,4,4,4,3,2,1,1,1,2,2,2,2,2,3,1,3,3,5,3,4,3,0.5,0.5,0.5,0.75,0.75,0.75,0.5,0.25,0.0,0.0,0.0,0.25,0.25,0.25,0.25,0.25,0.5,0.0,0.5,0.5,1.0,0.5,0.75,0.5
H_0297,R_1mrUFait0Yf2szn,27-31,younger Millennials,Male,US,"Hawaii, Laie",2,2,2,2,2,1,2,3,1,2,1,2,2,2,2,1,1,1,4,4,4,4,4,3,0.25,0.25,0.25,0.25,0.25,0.0,0.25,0.5,0.0,0.25,0.0,0.25,0.25,0.25,0.25,0.0,0.0,0.0,0.75,0.75,0.75,0.75,0.75,0.5
H_0298,R_26nlDkiP7fuWjQJ,22-26,younger Gen Z,Male,USA,California,3,3,1,2,3,3,4,1,1,1,1,1,2,1,1,2,1,1,3,3,2,3,4,3,0.5,0.5,0.0,0.25,0.5,0.5,0.75,0.0,0.0,0.0,0.0,0.0,0.25,0.0,0.0,0.25,0.0,0.0,0.5,0.5,0.25,0.5,0.75,0.5
H_0299,R_1KcDuWnG8X4iUu1,22-26,older Gen Z,Male,USA,Utah,5,5,5,5,5,5,4,4,4,3,2,1,4,4,2,2,3,4,4,4,4,4,4,4,1.0,1.0,1.0,1.0,1.0,1.0,0.75,0.75,0.75,0.5,0.25,0.0,0.75,0.75,0.25,0.25,0.5,0.75,0.75,0.75,0.75,0.75,0.75,0.75
H_0300,R_1Heng6aNVj1VP8O,22-26,younger Gen Z,Male,India,New Delhi,3,1,3,4,2,3,3,4,4,4,1,1,4,1,3,1,3,1,4,4,2,3,4,2,0.5,0.0,0.5,0.75,0.25,0.5,0.5,0.75,0.75,0.75,0.0,0.0,0.75,0.0,0.5,0.0,0.5,0.0,0.75,0.75,0.25,0.5,0.75,0.25
H_0301,R_2QAQP6TLrEWnc58,18-21,younger Gen Z,Male,USA,Oklahoma,5,5,5,4,5,5,3,4,3,4,2,3,3,3,4,5,4,4,3,4,4,5,4,2,1.0,1.0,1.0,0.75,1.0,1.0,0.5,0.75,0.5,0.75,0.25,0.5,0.5,0.5,0.75,1.0,0.75,0.75,0.5,0.75,0.75,1.0,0.75,0.25
H_0302,R_2rwnqT3b2uKfoj5,18-21,younger Gen Z,Male,Japan,"Kagawa prefecture, Kanonji city",5,5,5,5,5,5,5,5,3,5,1,5,2,1,2,1,5,3,3,3,3,2,4,4,1.0,1.0,1.0,1.0,1.0,1.0,1.0,1.0,0.5,1.0,0.0,1.0,0.25,0.0,0.25,0.0,1.0,0.5,0.5,0.5,0.5,0.25,0.75,0.75
H_0303,R_3qwleZ6dJRXVHHt,18-21,older Gen Z,Male,United States,Texas,2,2,2,1,2,2,3,1,1,2,1,1,2,2,1,2,1,1,5,5,4,4,4,3,0.25,0.25,0.25,0.0,0.25,0.25,0.5,0.0,0.0,0.25,0.0,0.0,0.25,0.25,0.0,0.25,0.0,0.0,1.0,1.0,0.75,0.75,0.75,0.5
H_0304,R_1j87NNuadp6M8gP,27-31,older Gen Z,Male,South Korea,Ulsan,1,1,1,1,3,3,3,1,1,1,1,1,1,3,1,1,1,1,2,2,3,3,4,4,0.0,0.0,0.0,0.0,0.5,0.5,0.5,0.0,0.0,0.0,0.0,0.0,0.0,0.5,0.0,0.0,0.0,0.0,0.25,0.25,0.5,0.5,0.75,0.75
H_0305,R_1mOyCj9m9NopuHL,18-21,older Gen Z,Male,Philippines,Manila,5,5,5,3,5,5,5,4,4,4,4,4,4,4,4,4,4,4,4,4,4,4,4,4,1.0,1.0,1.0,0.5,1.0,1.0,1.0,0.75,0.75,0.75,0.75,0.75,0.75,0.75,0.75,0.75,0.75,0.75,0.75,0.75,0.75,0.75,0.75,0.75
H_0306,R_3emEY79A3iEIvYA,22-26,younger Gen Z,Male,Japan,Sendai,5,5,5,5,5,5,5,4,3,4,1,4,3,4,3,2,2,2,4,4,4,4,4,3,1.0,1.0,1.0,1.0,1.0,1.0,1.0,0.75,0.5,0.75,0.0,0.75,0.5,0.75,0.5,0.25,0.25,0.25,0.75,0.75,0.75,0.75,0.75,0.5
H_0307,R_VI8fh4FRbmbZEvn,27-31,younger Millennials,Male,Kiribati,Betio,4,4,3,3,2,3,4,2,1,1,1,1,1,2,1,4,1,1,3,4,3,4,4,3,0.75,0.75,0.5,0.5,0.25,0.5,0.75,0.25,0.0,0.0,0.0,0.0,0.0,0.25,0.0,0.75,0.0,0.0,0.5,0.75,0.5,0.75,0.75,0.5
H_0308,R_2cu51wOd0C2qHoQ,18-21,older Gen Z,Male,USA,"Provo, Utah",4,4,3,4,5,5,3,4,3,2,1,1,3,3,2,3,3,2,4,4,4,4,4,4,0.75,0.75,0.5,0.75,1.0,1.0,0.5,0.75,0.5,0.25,0.0,0.0,0.5,0.5,0.25,0.5,0.5,0.25,0.75,0.75,0.75,0.75,0.75,0.75
H_0309,R_1r17mzMTMa5pkAp,22-26,older Gen X,Male,New Zealand,Northland,5,5,4,4,5,4,4,4,4,1,1,1,4,4,5,1,2,3,3,3,4,4,4,4,1.0,1.0,0.75,0.75,1.0,0.75,0.75,0.75,0.75,0.0,0.0,0.0,0.75,0.75,1.0,0.0,0.25,0.5,0.5,0.5,0.75,0.75,0.75,0.75
H_0310,R_3qEZ5owLsTiGqcx,18-21,older Gen Z,Male,Philippines,SURIGAO CITY,4,4,4,4,4,4,3,3,3,3,3,3,3,3,3,3,3,3,4,4,4,4,4,4,0.75,0.75,0.75,0.75,0.75,0.75,0.5,0.5,0.5,0.5,0.5,0.5,0.5,0.5,0.5,0.5,0.5,0.5,0.75,0.75,0.75,0.75,0.75,0.75
H_0311,R_3RdU8nxSBnkKytP,27-31,younger Baby Boomers,Male,Philippines,Makati,5,4,4,4,5,5,5,2,2,2,2,2,2,2,2,2,2,2,4,4,4,4,4,4,1.0,0.75,0.75,0.75,1.0,1.0,1.0,0.25,0.25,0.25,0.25,0.25,0.25,0.25,0.25,0.25,0.25,0.25,0.75,0.75,0.75,0.75,0.75,0.75
H_0312,R_1ozrC32OARBAlik,22-26,younger Gen Z,Male,Philippines,Leyte,2,3,1,2,3,2,2,1,2,1,1,1,1,1,1,1,1,1,5,5,4,4,4,3,0.25,0.5,0.0,0.25,0.5,0.25,0.25,0.0,0.25,0.0,0.0,0.0,0.0,0.0,0.0,0.0,0.0,0.0,1.0,1.0,0.75,0.75,0.75,0.5
H_0313,R_1OTAaqI0DDQOM6R,27-31,younger Gen X,Male,Papua New Guinea,Port Moresby,3,3,3,3,3,3,5,5,3,3,1,2,5,5,2,3,2,2,3,4,3,3,4,4,0.5,0.5,0.5,0.5,0.5,0.5,1.0,1.0,0.5,0.5,0.0,0.25,1.0,1.0,0.25,0.5,0.25,0.25,0.5,0.75,0.5,0.5,0.75,0.75
H_0314,R_2Svu1vdYG3jSUv8,27-31,older Millennials,Male,Philippines,Laguna,5,5,5,5,5,5,5,5,4,4,3,4,5,5,4,2,3,3,4,4,4,4,4,4,1.0,1.0,1.0,1.0,1.0,1.0,1.0,1.0,0.75,0.75,0.5,0.75,1.0,1.0,0.75,0.25,0.5,0.5,0.75,0.75,0.75,0.75,0.75,0.75
H_0315,R_4VEYUQ865JdUySR,37-42,older Millennials,Male,Canada,Lethbridge,3,4,3,4,4,3,4,4,3,3,4,3,3,4,2,3,3,4,3,4,5,3,4,3,0.5,0.75,0.5,0.75,0.75,0.5,0.75,0.75,0.5,0.5,0.75,0.5,0.5,0.75,0.25,0.5,0.5,0.75,0.5,0.75,1.0,0.5,0.75,0.5
H_0316,R_2asLLjsjnqHaMZf,18-21,older Gen Z,Male,USA,Texas,4,4,4,4,5,5,5,4,4,5,2,2,2,3,4,4,1,2,4,4,4,4,4,4,0.75,0.75,0.75,0.75,1.0,1.0,1.0,0.75,0.75,1.0,0.25,0.25,0.25,0.5,0.75,0.75,0.0,0.25,0.75,0.75,0.75,0.75,0.75,0.75
H_0317,R_2WUU5sJ4uuF91Cx,59-64,older Baby Boomer,Male,Mexico,Puerto Vallarta,3,4,2,2,2,3,3,1,1,1,2,1,1,1,1,1,1,1,3,3,2,3,4,3,0.5,0.75,0.25,0.25,0.25,0.5,0.5,0.0,0.0,0.0,0.25,0.0,0.0,0.0,0.0,0.0,0.0,0.0,0.5,0.5,0.25,0.5,0.75,0.5
H_0318,R_3hAAjv8Dd7cimKU,43-49,younger Gen X,Male,Usa,Arizona,2,5,3,3,1,1,3,1,1,1,1,1,1,1,1,1,1,1,4,4,4,3,4,4,0.25,1.0,0.5,0.5,0.0,0.0,0.5,0.0,0.0,0.0,0.0,0.0,0.0,0.0,0.0,0.0,0.0,0.0,0.75,0.75,0.75,0.5,0.75,0.75
H_0319,R_1ltnrYdlTVLmCbl,22-26,younger Millennials,Male,USA,Utah,3,2,2,2,2,2,1,1,1,1,1,1,1,1,1,1,1,1,4,3,3,4,4,4,0.5,0.25,0.25,0.25,0.25,0.25,0.0,0.0,0.0,0.0,0.0,0.0,0.0,0.0,0.0,0.0,0.0,0.0,0.75,0.5,0.5,0.75,0.75,0.75
H_0320,R_3oYBhYM2TMvHASm,18-21,older Gen Z,Male,United States,"Kamas, Utah.",2,4,2,2,1,3,3,1,1,1,1,1,1,1,1,1,1,1,3,4,4,3,4,2,0.25,0.75,0.25,0.25,0.0,0.5,0.5,0.0,0.0,0.0,0.0,0.0,0.0,0.0,0.0,0.0,0.0,0.0,0.5,0.75,0.75,0.5,0.75,0.25
H_0321,R_1r1AyuP0yZ43evm,50-58,older Gen X,Male,United States,Utah,1,4,1,3,1,3,3,1,1,1,1,1,1,1,1,1,1,1,4,4,4,3,4,2,0.0,0.75,0.0,0.5,0.0,0.5,0.5,0.0,0.0,0.0,0.0,0.0,0.0,0.0,0.0,0.0,0.0,0.0,0.75,0.75,0.75,0.5,0.75,0.25
H_0322,R_rqN47MPHzBgNfd7,50-58,older Gen X,Male,Mexico,Nuevo Leon,5,5,5,5,5,5,5,3,2,2,3,1,1,2,1,3,1,1,2,2,3,3,4,3,1.0,1.0,1.0,1.0,1.0,1.0,1.0,0.5,0.25,0.25,0.5,0.0,0.0,0.25,0.0,0.5,0.0,0.0,0.25,0.25,0.5,0.5,0.75,0.5
H_0323,R_pKQSWbwnT8bbtyV,22-26,older Gen Z,Male,USA,Colorado,2,2,1,1,1,3,3,1,1,1,1,1,1,1,1,1,1,1,4,4,3,3,4,3,0.25,0.25,0.0,0.0,0.0,0.5,0.5,0.0,0.0,0.0,0.0,0.0,0.0,0.0,0.0,0.0,0.0,0.0,0.75,0.75,0.5,0.5,0.75,0.5
H_0324,R_OO1RYS8gFjIzICl,22-26,older Gen Z,Male,United States,Utah,4,4,4,4,3,5,2,1,1,1,1,1,1,1,1,1,3,2,2,2,4,5,4,2,0.75,0.75,0.75,0.75,0.5,1.0,0.25,0.0,0.0,0.0,0.0,0.0,0.0,0.0,0.0,0.0,0.5,0.25,0.25,0.25,0.75,1.0,0.75,0.25
H_0325,R_0oyhSFwzgHhqWhr,22-26,older Gen Z,Male,USA,Utah,4,4,3,4,4,5,2,3,2,2,3,2,3,3,1,3,1,1,3,3,4,4,4,4,0.75,0.75,0.5,0.75,0.75,1.0,0.25,0.5,0.25,0.25,0.5,0.25,0.5,0.5,0.0,0.5,0.0,0.0,0.5,0.5,0.75,0.75,0.75,0.75
H_0326,R_wSH9LQuA9y4ZqYV,66-70,older Baby Boomer,Male,United States,Boise,3,3,2,3,1,4,3,1,1,1,1,1,1,1,1,1,1,1,3,2,2,2,4,4,0.5,0.5,0.25,0.5,0.0,0.75,0.5,0.0,0.0,0.0,0.0,0.0,0.0,0.0,0.0,0.0,0.0,0.0,0.5,0.25,0.25,0.25,0.75,0.75
H_0327,R_28RPtP1QR6jmojN,22-26,older Gen Z,Male,United States,Utah,2,2,2,2,2,1,2,2,2,2,2,2,2,2,2,2,2,2,4,4,4,4,4,4,0.25,0.25,0.25,0.25,0.25,0.0,0.25,0.25,0.25,0.25,0.25,0.25,0.25,0.25,0.25,0.25,0.25,0.25,0.75,0.75,0.75,0.75,0.75,0.75
H_0328,R_3PL82OhuihCNlDc,18-21,older Gen Z,Male,United States,Utah,3,4,1,4,2,3,4,1,1,1,1,1,1,1,1,1,2,1,4,4,4,4,4,3,0.5,0.75,0.0,0.75,0.25,0.5,0.75,0.0,0.0,0.0,0.0,0.0,0.0,0.0,0.0,0.0,0.25,0.0,0.75,0.75,0.75,0.75,0.75,0.5
H_0329,R_1oGeu60JCbJP6Nz,50-58,older Gen X,Male,United States,Arizona,1,4,1,1,5,3,4,1,1,1,1,1,1,2,2,1,2,1,4,4,4,4,4,3,0.0,0.75,0.0,0.0,1.0,0.5,0.75,0.0,0.0,0.0,0.0,0.0,0.0,0.25,0.25,0.0,0.25,0.0,0.75,0.75,0.75,0.75,0.75,0.5
H_0330,R_1kYtDafipUPc23z,22-26,older Gen Z,Male,USA,Logan,4,4,3,3,4,4,4,3,2,2,2,2,2,2,2,2,2,2,3,4,4,4,4,4,0.75,0.75,0.5,0.5,0.75,0.75,0.75,0.5,0.25,0.25,0.25,0.25,0.25,0.25,0.25,0.25,0.25,0.25,0.5,0.75,0.75,0.75,0.75,0.75
H_0331,R_3r2PkzzYhf6BL0W,22-26,older Gen Z,Male,United States of America,"Salt Lake City, Utah",2,2,2,2,3,3,3,2,1,1,3,1,1,2,1,3,2,1,4,4,2,4,4,3,0.25,0.25,0.25,0.25,0.5,0.5,0.5,0.25,0.0,0.0,0.5,0.0,0.0,0.25,0.0,0.5,0.25,0.0,0.75,0.75,0.25,0.75,0.75,0.5
H_0355,R_1rom2Lno9uhfBej,43-49,Silent Generation,Female,Tonga,Nuku'alofa,1,1,1,1,1,1,1,1,1,1,1,1,1,1,1,1,1,1,3,3,3,3,3,3,0.0,0.0,0.0,0.0,0.0,0.0,0.0,0.0,0.0,0.0,0.0,0.0,0.0,0.0,0.0,0.0,0.0,0.0,0.5,0.5,0.5,0.5,0.5,0.5
H_0356,R_WDusaFYOmS92cp3,22-26,younger Millennials,Female,Philippines,Bacolod,4,3,3,3,3,2,3,3,3,3,4,3,3,3,3,3,3,3,4,3,3,3,3,3,0.75,0.5,0.5,0.5,0.5,0.25,0.5,0.5,0.5,0.5,0.75,0.5,0.5,0.5,0.5,0.5,0.5,0.5,0.75,0.5,0.5,0.5,0.5,0.5
H_0357,R_3iUs24H5L8IpZwm,18-21,younger Gen Z,Female,mongolia,ulaanbaatar,4,3,3,4,4,3,3,2,3,2,3,2,2,2,2,1,2,1,4,4,4,3,3,2,0.75,0.5,0.5,0.75,0.75,0.5,0.5,0.25,0.5,0.25,0.5,0.25,0.25,0.25,0.25,0.0,0.25,0.0,0.75,0.75,0.75,0.5,0.5,0.25
H_0358,R_3erwG2xhfLD6MX5,32-36,younger Gen X,Female,Fiji,Suva,3,3,3,3,4,4,4,5,5,5,4,3,4,4,5,5,5,4,3,3,3,3,3,3,0.5,0.5,0.5,0.5,0.75,0.75,0.75,1.0,1.0,1.0,0.75,0.5,0.75,0.75,1.0,1.0,1.0,0.75,0.5,0.5,0.5,0.5,0.5,0.5
H_0359,R_1hA81B33Ww2chzN,22-26,younger Gen Z,Female,United States of America,California,1,1,1,1,1,1,1,1,1,1,1,1,1,1,1,1,1,1,3,3,3,3,3,3,0.0,0.0,0.0,0.0,0.0,0.0,0.0,0.0,0.0,0.0,0.0,0.0,0.0,0.0,0.0,0.0,0.0,0.0,0.5,0.5,0.5,0.5,0.5,0.5
H_0360,R_27J1dXqDi3h51m9,22-26,younger Gen X,Female,Papua New Guinea,"Port Moresby, Papua New Guinea",1,5,1,1,1,1,3,1,1,1,1,1,1,1,1,1,1,1,3,3,3,3,3,3,0.0,1.0,0.0,0.0,0.0,0.0,0.5,0.0,0.0,0.0,0.0,0.0,0.0,0.0,0.0,0.0,0.0,0.0,0.5,0.5,0.5,0.5,0.5,0.5
H_0361,R_1Do4BhZOsITGlRn,22-26,younger Millennials,Female,Kiribati,Tarawa,3,3,3,2,3,3,4,3,2,1,1,1,3,2,1,2,2,2,3,4,3,3,3,3,0.5,0.5,0.5,0.25,0.5,0.5,0.75,0.5,0.25,0.0,0.0,0.0,0.5,0.25,0.0,0.25,0.25,0.25,0.5,0.75,0.5,0.5,0.5,0.5
H_0362,R_TbIq6LujHwY67iV,18-21,older Gen Z,Female,Japan,Kannonnji,1,2,2,1,1,1,3,1,1,1,1,1,1,1,1,1,1,1,3,3,3,3,3,3,0.0,0.25,0.25,0.0,0.0,0.0,0.5,0.0,0.0,0.0,0.0,0.0,0.0,0.0,0.0,0.0,0.0,0.0,0.5,0.5,0.5,0.5,0.5,0.5
H_0363,R_264q9zBQdoxDTNU,18-21,younger Gen Z,Female,Fiji,Lautoka,3,3,3,3,4,3,2,3,2,2,2,3,3,3,3,3,3,2,3,3,1,4,3,4,0.5,0.5,0.5,0.5,0.75,0.5,0.25,0.5,0.25,0.25,0.25,0.5,0.5,0.5,0.5,0.5,0.5,0.25,0.5,0.5,0.0,0.75,0.5,0.75
H_0364,R_1mz2SyR60HWkYGZ,22-26,younger Gen X,Female,Samoa,Apia,4,3,3,3,3,3,3,3,3,4,3,3,3,3,3,3,3,3,4,4,4,4,3,3,0.75,0.5,0.5,0.5,0.5,0.5,0.5,0.5,0.5,0.75,0.5,0.5,0.5,0.5,0.5,0.5,0.5,0.5,0.75,0.75,0.75,0.75,0.5,0.5
H_0365,R_bmx1qQIlQtQN9nP,22-26,younger Gen Z,Female,New Zealand,Hamilton,1,1,1,1,1,1,1,1,1,1,1,1,1,1,1,1,1,1,3,3,3,3,3,3,0.0,0.0,0.0,0.0,0.0,0.0,0.0,0.0,0.0,0.0,0.0,0.0,0.0,0.0,0.0,0.0,0.0,0.0,0.5,0.5,0.5,0.5,0.5,0.5
H_0366,R_2tDtM9YmiTGhaW5,18-21,older Gen Z,Female,Thailand,Nonthaburi,5,5,5,5,5,5,4,5,3,5,1,4,5,4,4,2,4,1,4,3,3,4,3,2,1.0,1.0,1.0,1.0,1.0,1.0,0.75,1.0,0.5,1.0,0.0,0.75,1.0,0.75,0.75,0.25,0.75,0.0,0.75,0.5,0.5,0.75,0.5,0.25
H_0367,R_3QSQWPiuW1ySxpY,18-21,older Gen Z,Female,USA,California,5,5,5,4,5,5,5,5,3,5,1,1,4,5,4,1,4,3,2,2,3,2,3,3,1.0,1.0,1.0,0.75,1.0,1.0,1.0,1.0,0.5,1.0,0.0,0.0,0.75,1.0,0.75,0.0,0.75,0.5,0.25,0.25,0.5,0.25,0.5,0.5
H_0368,R_29lU2GDQsoM82kn,22-26,older Millennials,Female,Philippines,Taguig,4,4,4,4,4,4,4,4,4,4,3,1,1,4,4,1,1,1,3,3,3,3,3,3,0.75,0.75,0.75,0.75,0.75,0.75,0.75,0.75,0.75,0.75,0.5,0.0,0.0,0.75,0.75,0.0,0.0,0.0,0.5,0.5,0.5,0.5,0.5,0.5
H_0369,R_3kFdx3zGLpTJyVk,22-26,younger Gen Z,Female,Indonesia,Surakarta,2,3,1,2,5,3,2,2,2,2,1,1,2,2,3,3,3,1,3,3,3,3,3,3,0.25,0.5,0.0,0.25,1.0,0.5,0.25,0.25,0.25,0.25,0.0,0.0,0.25,0.25,0.5,0.5,0.5,0.0,0.5,0.5,0.5,0.5,0.5,0.5
H_0370,R_2fD8qmR1X7m9t8C,18-21,older Gen Z,Female,USA,Utah,1,1,1,1,1,1,1,1,1,1,1,1,1,1,1,1,1,1,2,3,2,1,3,3,0.0,0.0,0.0,0.0,0.0,0.0,0.0,0.0,0.0,0.0,0.0,0.0,0.0,0.0,0.0,0.0,0.0,0.0,0.25,0.5,0.25,0.0,0.5,0.5
H_0371,R_Wl2j2MgzTB52WvT,22-26,older Millennials,Female,Philippines,Ballesteros,4,4,3,3,4,4,4,4,3,4,1,1,4,2,4,1,1,1,3,3,3,3,3,3,0.75,0.75,0.5,0.5,0.75,0.75,0.75,0.75,0.5,0.75,0.0,0.0,0.75,0.25,0.75,0.0,0.0,0.0,0.5,0.5,0.5,0.5,0.5,0.5
H_0372,R_1mLtSyfVw4lDh7S,22-26,younger Gen Z,Female,Kiribati,Tarawa,3,2,3,4,3,3,3,3,1,1,1,1,1,1,1,1,1,1,3,3,3,3,3,3,0.5,0.25,0.5,0.75,0.5,0.5,0.5,0.5,0.0,0.0,0.0,0.0,0.0,0.0,0.0,0.0,0.0,0.0,0.5,0.5,0.5,0.5,0.5,0.5
H_0373,R_3mfXc18RIA7BeB7,22-26,older Gen Z,Female,USA,Fort Worth Texas,4,4,4,4,4,4,4,4,3,3,3,3,3,3,3,3,3,3,3,3,3,3,3,3,0.75,0.75,0.75,0.75,0.75,0.75,0.75,0.75,0.5,0.5,0.5,0.5,0.5,0.5,0.5,0.5,0.5,0.5,0.5,0.5,0.5,0.5,0.5,0.5
H_0374,R_vvKhS3hKfl7yVFL,22-26,younger Gen Z,Female,Kiribati,Butaritari,4,3,1,1,3,2,3,2,2,1,1,1,1,1,1,2,2,1,3,2,2,3,3,3,0.75,0.5,0.0,0.0,0.5,0.25,0.5,0.25,0.25,0.0,0.0,0.0,0.0,0.0,0.0,0.25,0.25,0.0,0.5,0.25,0.25,0.5,0.5,0.5
H_0375,R_RQPjneLLuNAhEpX,27-31,younger Millennials,Female,Philippines,Quezon City,5,5,4,4,5,4,3,2,2,5,5,5,4,4,2,4,3,4,3,3,3,3,3,3,1.0,1.0,0.75,0.75,1.0,0.75,0.5,0.25,0.25,1.0,1.0,1.0,0.75,0.75,0.25,0.75,0.5,0.75,0.5,0.5,0.5,0.5,0.5,0.5
H_0376,R_2RU2t3m760iisw8,18-21,Silent Generation,Female,Tonga,Haapai,5,5,5,4,5,5,3,4,3,4,1,1,4,5,4,5,5,5,2,2,3,2,3,2,1.0,1.0,1.0,0.75,1.0,1.0,0.5,0.75,0.5,0.75,0.0,0.0,0.75,1.0,0.75,1.0,1.0,1.0,0.25,0.25,0.5,0.25,0.5,0.25
H_0377,R_sS7qsaMAqieR9Rf,18-21,younger Gen Z,Female,Philippines,Tuguegarao,2,3,3,2,3,3,2,1,1,1,1,1,1,1,2,1,1,1,3,4,2,2,3,4,0.25,0.5,0.5,0.25,0.5,0.5,0.25,0.0,0.0,0.0,0.0,0.0,0.0,0.0,0.25,0.0,0.0,0.0,0.5,0.75,0.25,0.25,0.5,0.75
H_0378,R_2f9zPRC3dVMlNgA,18-21,older Gen Z,Female,Philippines,Malaybalay,3,4,3,3,4,4,5,3,3,3,3,1,4,2,2,2,2,1,4,3,3,4,3,1,0.5,0.75,0.5,0.5,0.75,0.75,1.0,0.5,0.5,0.5,0.5,0.0,0.75,0.25,0.25,0.25,0.25,0.0,0.75,0.5,0.5,0.75,0.5,0.0
H_0379,R_20VvQGtNsIaWU67,27-31,older Gen Z,Female,Philippines,Quezon City,3,3,3,3,3,3,3,2,2,3,2,2,2,2,2,2,2,2,3,3,3,3,3,3,0.5,0.5,0.5,0.5,0.5,0.5,0.5,0.25,0.25,0.5,0.25,0.25,0.25,0.25,0.25,0.25,0.25,0.25,0.5,0.5,0.5,0.5,0.5,0.5
H_0380,R_31tvQmkK8YGKkFs,27-31,older Baby Boomer,Female,Philippines,Muntinlupa,5,5,3,5,5,3,5,5,5,2,2,2,5,3,5,2,5,3,3,3,3,3,3,2,1.0,1.0,0.5,1.0,1.0,0.5,1.0,1.0,1.0,0.25,0.25,0.25,1.0,0.5,1.0,0.25,1.0,0.5,0.5,0.5,0.5,0.5,0.5,0.25
H_0381,R_2c5dJu6iswrv5SO,18-21,older Gen Z,Female,U.S.A,Oakland,5,5,4,4,5,5,5,4,5,1,1,1,5,1,1,2,1,1,4,4,2,4,3,4,1.0,1.0,0.75,0.75,1.0,1.0,1.0,0.75,1.0,0.0,0.0,0.0,1.0,0.0,0.0,0.25,0.0,0.0,0.75,0.75,0.25,0.75,0.5,0.75
H_0382,R_1FtWa4971xNseCw,18-21,older Gen Z,Female,USA,Oregon,3,4,3,4,4,4,3,2,1,2,1,1,2,3,4,1,1,1,5,4,3,5,3,2,0.5,0.75,0.5,0.75,0.75,0.75,0.5,0.25,0.0,0.25,0.0,0.0,0.25,0.5,0.75,0.0,0.0,0.0,1.0,0.75,0.5,1.0,0.5,0.25
H_0383,R_3qjnhilLK2uAibA,18-21,older Gen Z,Female,United States,Oregon,5,5,4,4,3,3,3,1,1,1,1,1,1,1,1,2,1,1,4,3,3,3,3,2,1.0,1.0,0.75,0.75,0.5,0.5,0.5,0.0,0.0,0.0,0.0,0.0,0.0,0.0,0.0,0.25,0.0,0.0,0.75,0.5,0.5,0.5,0.5,0.25
H_0384,R_3nlrqcjG1zgzUWs,22-26,younger Gen Z,Female,South Korea,Gwangju,3,4,3,2,5,2,3,4,4,4,1,2,3,1,1,3,2,1,5,3,3,3,3,3,0.5,0.75,0.5,0.25,1.0,0.25,0.5,0.75,0.75,0.75,0.0,0.25,0.5,0.0,0.0,0.5,0.25,0.0,1.0,0.5,0.5,0.5,0.5,0.5
H_0385,R_3M04cFzlLgwViVg,22-26,older Gen Z,Female,Canada,Alberta,2,2,2,2,1,1,3,1,1,1,1,1,1,1,1,1,1,1,3,3,3,3,3,3,0.25,0.25,0.25,0.25,0.0,0.0,0.5,0.0,0.0,0.0,0.0,0.0,0.0,0.0,0.0,0.0,0.0,0.0,0.5,0.5,0.5,0.5,0.5,0.5
H_0386,R_1pniMyvf5ifKRBv,18-21,younger Gen Z,Female,New Zealand,Tūrangi,4,3,3,2,2,3,1,1,1,1,1,1,1,1,1,1,1,1,2,2,1,3,3,3,0.75,0.5,0.5,0.25,0.25,0.5,0.0,0.0,0.0,0.0,0.0,0.0,0.0,0.0,0.0,0.0,0.0,0.0,0.25,0.25,0.0,0.5,0.5,0.5
H_0387,R_vULPk1Fde3aHO7v,22-26,older Gen Z,Female,PHILIPPINES,MANILA,3,3,2,2,3,3,2,2,2,2,2,2,2,2,2,2,2,2,3,3,3,3,3,3,0.5,0.5,0.25,0.25,0.5,0.5,0.25,0.25,0.25,0.25,0.25,0.25,0.25,0.25,0.25,0.25,0.25,0.25,0.5,0.5,0.5,0.5,0.5,0.5
H_0388,R_UQnsQbiGpXNWVuV,22-26,younger Gen Z,Female,Samoa,Apia,2,2,2,2,2,2,2,1,1,1,1,1,1,1,1,1,1,1,3,3,3,3,3,3,0.25,0.25,0.25,0.25,0.25,0.25,0.25,0.0,0.0,0.0,0.0,0.0,0.0,0.0,0.0,0.0,0.0,0.0,0.5,0.5,0.5,0.5,0.5,0.5
H_0389,R_3ewStwANcNvk3or,27-31,Silent Generation,Female,Tonga,Nuku'alofa,1,1,1,1,1,1,1,1,1,1,1,1,1,1,1,1,1,1,3,3,3,3,3,3,0.0,0.0,0.0,0.0,0.0,0.0,0.0,0.0,0.0,0.0,0.0,0.0,0.0,0.0,0.0,0.0,0.0,0.0,0.5,0.5,0.5,0.5,0.5,0.5
H_0390,R_6PEKlCDiqxqvKMx,22-26,older Gen Z,Female,Philippines,Santiago City,4,4,3,3,4,4,3,1,1,1,1,1,1,1,1,1,1,1,3,3,3,3,3,2,0.75,0.75,0.5,0.5,0.75,0.75,0.5,0.0,0.0,0.0,0.0,0.0,0.0,0.0,0.0,0.0,0.0,0.0,0.5,0.5,0.5,0.5,0.5,0.25
H_0391,R_1dv1Cr0npfaNoc4,22-26,younger Millennials,Female,Tonga,Tongatapu,1,1,1,1,1,1,1,1,3,2,2,2,2,2,2,2,2,2,3,3,3,3,3,3,0.0,0.0,0.0,0.0,0.0,0.0,0.0,0.0,0.5,0.25,0.25,0.25,0.25,0.25,0.25,0.25,0.25,0.25,0.5,0.5,0.5,0.5,0.5,0.5
H_0392,R_28S8cRS3T2nXtmd,22-26,younger Gen Z,Female,philippines,manila,1,5,1,3,3,2,3,1,1,1,1,1,1,1,1,1,1,1,4,3,2,3,3,4,0.0,1.0,0.0,0.5,0.5,0.25,0.5,0.0,0.0,0.0,0.0,0.0,0.0,0.0,0.0,0.0,0.0,0.0,0.75,0.5,0.25,0.5,0.5,0.75
H_0393,R_3irRBdQi1pfe9kI,43-49,older Gen X,Female,Philippine,Alicia,3,3,3,3,3,3,3,5,2,5,4,2,4,4,5,5,3,4,3,3,3,3,3,3,0.5,0.5,0.5,0.5,0.5,0.5,0.5,1.0,0.25,1.0,0.75,0.25,0.75,0.75,1.0,1.0,0.5,0.75,0.5,0.5,0.5,0.5,0.5,0.5
H_0394,R_3O9tzjupugpEIPY,22-26,older Gen Z,Female,Philippines,Cagayan,4,4,4,3,4,4,3,1,1,1,1,1,1,1,1,1,1,1,3,3,3,3,3,3,0.75,0.75,0.75,0.5,0.75,0.75,0.5,0.0,0.0,0.0,0.0,0.0,0.0,0.0,0.0,0.0,0.0,0.0,0.5,0.5,0.5,0.5,0.5,0.5
H_0395,R_2alyRMXOEsvldus,32-36,older Millennials,Female,United States,Oregon,2,4,2,1,3,4,2,4,1,4,1,1,4,1,2,3,1,3,4,4,4,4,3,1,0.25,0.75,0.25,0.0,0.5,0.75,0.25,0.75,0.0,0.75,0.0,0.0,0.75,0.0,0.25,0.5,0.0,0.5,0.75,0.75,0.75,0.75,0.5,0.0
H_0396,R_WjGSEVyiT54X185,22-26,older Gen Z,Female,United States,California,5,4,4,4,4,5,3,4,3,1,1,1,1,3,2,1,1,2,2,2,2,3,3,1,1.0,0.75,0.75,0.75,0.75,1.0,0.5,0.75,0.5,0.0,0.0,0.0,0.0,0.5,0.25,0.0,0.0,0.25,0.25,0.25,0.25,0.5,0.5,0.0
H_0397,R_2SiViNdPs86S50V,27-31,younger Millennials,Female,Malaysia,Penang,3,4,3,2,4,3,4,1,1,1,1,1,1,1,1,1,1,1,2,2,3,2,3,2,0.5,0.75,0.5,0.25,0.75,0.5,0.75,0.0,0.0,0.0,0.0,0.0,0.0,0.0,0.0,0.0,0.0,0.0,0.25,0.25,0.5,0.25,0.5,0.25
H_0398,R_D91GvnH2zoZ9ggp,22-26,older Gen Z,Female,Malaysia,Sarawak,3,3,3,3,3,2,4,4,4,4,1,1,4,1,4,1,1,1,3,3,3,3,3,3,0.5,0.5,0.5,0.5,0.5,0.25,0.75,0.75,0.75,0.75,0.0,0.0,0.75,0.0,0.75,0.0,0.0,0.0,0.5,0.5,0.5,0.5,0.5,0.5
H_0399,R_3R7XmvtlkKhw3TC,18-21,older Gen X,Female,United States,Utah,2,1,2,3,3,3,4,3,4,3,2,2,3,4,4,3,4,2,2,2,4,3,3,3,0.25,0.0,0.25,0.5,0.5,0.5,0.75,0.5,0.75,0.5,0.25,0.25,0.5,0.75,0.75,0.5,0.75,0.25,0.25,0.25,0.75,0.5,0.5,0.5
H_0400,R_9T5BWDnSYck86EV,27-31,younger Millennials,Female,United States,Utah,2,3,1,3,2,3,2,1,2,3,2,2,3,1,2,3,2,3,3,3,4,3,3,4,0.25,0.5,0.0,0.5,0.25,0.5,0.25,0.0,0.25,0.5,0.25,0.25,0.5,0.0,0.25,0.5,0.25,0.5,0.5,0.5,0.75,0.5,0.5,0.75
H_0401,R_2q4caeK2M9Vo4Ml,22-26,older Gen Z,Female,Tahiti,Bora Bora,2,2,1,2,3,2,4,2,1,2,1,1,1,1,1,1,1,1,3,3,3,3,3,3,0.25,0.25,0.0,0.25,0.5,0.25,0.75,0.25,0.0,0.25,0.0,0.0,0.0,0.0,0.0,0.0,0.0,0.0,0.5,0.5,0.5,0.5,0.5,0.5
H_0402,R_xirJDyDZwkG0OBz,27-31,older Millennials,Female,Samoa,Fale Lili,2,4,2,4,3,5,4,3,4,3,2,4,3,4,3,1,3,2,3,2,2,4,3,3,0.25,0.75,0.25,0.75,0.5,1.0,0.75,0.5,0.75,0.5,0.25,0.75,0.5,0.75,0.5,0.0,0.5,0.25,0.5,0.25,0.25,0.75,0.5,0.5
H_0403,R_33kXWjx5cKC72hc,22-26,younger Millennials,Female,Philippines,Negros Occidental,3,2,2,1,3,3,3,2,2,2,3,1,3,2,2,3,1,1,3,3,4,4,3,3,0.5,0.25,0.25,0.0,0.5,0.5,0.5,0.25,0.25,0.25,0.5,0.0,0.5,0.25,0.25,0.5,0.0,0.0,0.5,0.5,0.75,0.75,0.5,0.5
H_0404,R_2XnXDt98a19RWXJ,18-21,younger Gen Z,Female,New Zealand,Hastings,1,1,2,1,1,1,1,1,1,1,1,1,1,1,2,2,2,2,2,3,3,3,3,3,0.0,0.0,0.25,0.0,0.0,0.0,0.0,0.0,0.0,0.0,0.0,0.0,0.0,0.0,0.25,0.25,0.25,0.25,0.25,0.5,0.5,0.5,0.5,0.5
H_0405,R_6hSsvnpFicwzW93,22-26,older Millennials,Female,Philippines,Taguig,4,4,4,4,4,4,4,4,4,4,4,4,4,4,4,4,4,4,3,3,3,3,3,3,0.75,0.75,0.75,0.75,0.75,0.75,0.75,0.75,0.75,0.75,0.75,0.75,0.75,0.75,0.75,0.75,0.75,0.75,0.5,0.5,0.5,0.5,0.5,0.5
H_0406,R_2zACCfHwrdeaUSj,22-26,younger Gen Z,Female,Indonesia,Jakarta,3,3,3,3,4,4,3,1,1,1,1,1,1,1,2,1,2,1,4,4,3,3,3,3,0.5,0.5,0.5,0.5,0.75,0.75,0.5,0.0,0.0,0.0,0.0,0.0,0.0,0.0,0.25,0.0,0.25,0.0,0.75,0.75,0.5,0.5,0.5,0.5
H_0407,R_WCNbMRjQBn703DP,22-26,younger Millennials,Female,Philippines,Ramon,4,5,4,4,3,2,3,3,4,2,1,1,4,2,2,1,2,1,3,3,3,3,3,3,0.75,1.0,0.75,0.75,0.5,0.25,0.5,0.5,0.75,0.25,0.0,0.0,0.75,0.25,0.25,0.0,0.25,0.0,0.5,0.5,0.5,0.5,0.5,0.5
H_0408,R_2CKtS3h8sICFnAI,18-21,younger Millennials,Female,United State,Utah,1,1,1,1,1,1,1,1,1,1,1,1,1,1,1,1,1,1,3,3,3,3,3,3,0.0,0.0,0.0,0.0,0.0,0.0,0.0,0.0,0.0,0.0,0.0,0.0,0.0,0.0,0.0,0.0,0.0,0.0,0.5,0.5,0.5,0.5,0.5,0.5
H_0409,R_1FmQzWkbrZjpQ6N,22-26,younger Gen Z,Female,Mongolia,Ulaanbaatar,4,4,4,4,4,4,3,4,1,4,2,1,4,1,4,1,1,1,3,4,3,3,3,3,0.75,0.75,0.75,0.75,0.75,0.75,0.5,0.75,0.0,0.75,0.25,0.0,0.75,0.0,0.75,0.0,0.0,0.0,0.5,0.75,0.5,0.5,0.5,0.5
H_0410,R_3OoyXQL6bKePMM7,27-31,younger Millennials,Female,Malaysia,Sarawak,3,3,3,3,4,3,3,2,1,3,1,1,1,2,1,2,1,1,3,3,3,3,3,3,0.5,0.5,0.5,0.5,0.75,0.5,0.5,0.25,0.0,0.5,0.0,0.0,0.0,0.25,0.0,0.25,0.0,0.0,0.5,0.5,0.5,0.5,0.5,0.5
H_0411,R_1P12K0ql5XEAexk,27-31,older Gen X,Female,New Zealand,Auckland,3,3,3,3,3,3,3,1,1,1,1,1,1,1,1,1,1,1,3,3,3,3,3,3,0.5,0.5,0.5,0.5,0.5,0.5,0.5,0.0,0.0,0.0,0.0,0.0,0.0,0.0,0.0,0.0,0.0,0.0,0.5,0.5,0.5,0.5,0.5,0.5
H_0412,R_yya0LzintvNV90R,22-26,Silent Generation,Female,Samoa,Apia,3,3,2,3,2,2,3,3,4,3,1,3,2,3,3,2,2,3,4,3,3,2,3,3,0.5,0.5,0.25,0.5,0.25,0.25,0.5,0.5,0.75,0.5,0.0,0.5,0.25,0.5,0.5,0.25,0.25,0.5,0.75,0.5,0.5,0.25,0.5,0.5
H_0413,R_1IZxIghoZaAfK5q,18-21,younger Gen Z,Female,USA,Washington,2,2,2,1,2,3,3,1,2,2,1,1,1,1,1,1,1,1,3,3,3,3,3,3,0.25,0.25,0.25,0.0,0.25,0.5,0.5,0.0,0.25,0.25,0.0,0.0,0.0,0.0,0.0,0.0,0.0,0.0,0.5,0.5,0.5,0.5,0.5,0.5
H_0414,R_6lExVTDCPCJb63T,37-42,older Millennials,Female,Canada,Alberta,3,5,3,2,5,5,3,1,1,1,1,1,1,1,1,1,1,1,5,5,5,5,3,3,0.5,1.0,0.5,0.25,1.0,1.0,0.5,0.0,0.0,0.0,0.0,0.0,0.0,0.0,0.0,0.0,0.0,0.0,1.0,1.0,1.0,1.0,0.5,0.5
H_0415,R_2Bs6Poj8Ege02f4,18-21,older Gen Z,Female,United States,Utah,3,4,3,3,5,4,5,5,2,4,1,1,4,3,4,4,1,1,4,5,4,3,3,3,0.5,0.75,0.5,0.5,1.0,0.75,1.0,1.0,0.25,0.75,0.0,0.0,0.75,0.5,0.75,0.75,0.0,0.0,0.75,1.0,0.75,0.5,0.5,0.5
H_0416,R_A73fZJfuF0Qu9Al,22-26,younger Gen Z,Female,Mongolia,Ulaanbaatar,4,4,4,4,4,4,4,4,3,3,3,1,4,4,4,1,2,3,3,3,3,3,3,3,0.75,0.75,0.75,0.75,0.75,0.75,0.75,0.75,0.5,0.5,0.5,0.0,0.75,0.75,0.75,0.0,0.25,0.5,0.5,0.5,0.5,0.5,0.5,0.5
H_0417,R_XO4pEqS4fEFE6qd,22-26,younger Millennials,Female,Mongolia,Ulaanbaatar,3,4,2,2,5,5,4,3,1,2,1,1,4,2,4,2,1,1,2,2,2,2,3,3,0.5,0.75,0.25,0.25,1.0,1.0,0.75,0.5,0.0,0.25,0.0,0.0,0.75,0.25,0.75,0.25,0.0,0.0,0.25,0.25,0.25,0.25,0.5,0.5
H_0418,R_p3Dmp766qno8a1X,22-26,younger Gen Z,Female,Indonesia,Jakarta,2,2,2,1,2,2,3,2,1,2,1,1,2,2,1,1,1,1,3,3,3,3,3,3,0.25,0.25,0.25,0.0,0.25,0.25,0.5,0.25,0.0,0.25,0.0,0.0,0.25,0.25,0.0,0.0,0.0,0.0,0.5,0.5,0.5,0.5,0.5,0.5
H_0419,R_32OWVi4mTaoD3Ar,22-26,younger Millennials,Female,Philippines,Makati City,5,5,5,5,5,4,3,1,2,1,1,1,2,1,1,1,1,1,3,3,3,3,3,3,1.0,1.0,1.0,1.0,1.0,0.75,0.5,0.0,0.25,0.0,0.0,0.0,0.25,0.0,0.0,0.0,0.0,0.0,0.5,0.5,0.5,0.5,0.5,0.5
H_0420,R_4P0PoEUFNcoZB0l,43-49,older Gen X,Female,United States,West Virginia,3,3,4,3,2,3,4,2,1,3,1,1,4,1,1,4,1,5,3,3,3,3,3,2,0.5,0.5,0.75,0.5,0.25,0.5,0.75,0.25,0.0,0.5,0.0,0.0,0.75,0.0,0.0,0.75,0.0,1.0,0.5,0.5,0.5,0.5,0.5,0.25
H_0421,R_2pVSRohTy3p78iP,50-58,older Gen X,Female,USA,Montana,1,1,1,1,1,1,1,1,1,1,1,1,1,1,1,1,1,1,4,2,4,3,3,2,0.0,0.0,0.0,0.0,0.0,0.0,0.0,0.0,0.0,0.0,0.0,0.0,0.0,0.0,0.0,0.0,0.0,0.0,0.75,0.25,0.75,0.5,0.5,0.25
H_0422,R_1j7ivDdHSCmm8SM,22-26,older Gen Z,Female,Philippines,Taguig City,2,3,2,3,3,3,3,4,2,3,1,1,1,1,3,1,1,1,3,3,3,3,3,3,0.25,0.5,0.25,0.5,0.5,0.5,0.5,0.75,0.25,0.5,0.0,0.0,0.0,0.0,0.5,0.0,0.0,0.0,0.5,0.5,0.5,0.5,0.5,0.5
H_0423,R_ZmLOITLH8BbYJS9,27-31,Silent Generation,Female,Papua New Guinea,Port Moresby,3,3,2,1,3,2,4,4,4,3,4,1,1,2,3,4,1,1,3,3,3,3,3,3,0.5,0.5,0.25,0.0,0.5,0.25,0.75,0.75,0.75,0.5,0.75,0.0,0.0,0.25,0.5,0.75,0.0,0.0,0.5,0.5,0.5,0.5,0.5,0.5
H_0424,R_1H6xdzOCymCoYAH,50-58,older Gen X,Female,USA,Virginia,1,1,1,1,1,1,1,1,1,1,1,1,1,1,1,1,1,1,2,3,3,3,3,1,0.0,0.0,0.0,0.0,0.0,0.0,0.0,0.0,0.0,0.0,0.0,0.0,0.0,0.0,0.0,0.0,0.0,0.0,0.25,0.5,0.5,0.5,0.5,0.0
H_0425,R_2QsxEHjAkorBc2V,43-49,younger Gen X,Female,USA,Utah,3,3,3,3,5,5,3,3,1,1,1,1,3,1,4,1,1,3,5,5,5,4,3,5,0.5,0.5,0.5,0.5,1.0,1.0,0.5,0.5,0.0,0.0,0.0,0.0,0.5,0.0,0.75,0.0,0.0,0.5,1.0,1.0,1.0,0.75,0.5,1.0
H_0426,R_1k03Nyj7iXjFcKt,37-42,older Millennials,Female,USA,Florida,3,2,1,1,2,2,3,1,1,1,2,1,1,1,1,1,1,1,3,3,2,2,3,2,0.5,0.25,0.0,0.0,0.25,0.25,0.5,0.0,0.0,0.0,0.25,0.0,0.0,0.0,0.0,0.0,0.0,0.0,0.5,0.5,0.25,0.25,0.5,0.25
H_0427,R_ut9gYIslAuornrP,18-21,younger Millennials,Female,United States,New Mexico,2,3,2,1,4,4,3,3,1,2,1,1,3,2,2,3,1,4,3,2,3,3,3,3,0.25,0.5,0.25,0.0,0.75,0.75,0.5,0.5,0.0,0.25,0.0,0.0,0.5,0.25,0.25,0.5,0.0,0.75,0.5,0.25,0.5,0.5,0.5,0.5
H_0428,R_oYW4OJt57MGeSSB,43-49,younger Gen X,Female,USA,Virginia,4,5,5,3,4,4,4,3,1,2,1,1,2,2,2,3,1,5,3,3,3,3,3,3,0.75,1.0,1.0,0.5,0.75,0.75,0.75,0.5,0.0,0.25,0.0,0.0,0.25,0.25,0.25,0.5,0.0,1.0,0.5,0.5,0.5,0.5,0.5,0.5
H_0429,R_1mC3Km5DURaG6cb,18-21,older Gen Z,Female,United States,West Virginia,1,4,3,1,1,1,3,1,1,1,1,1,1,1,1,1,1,1,3,4,2,3,3,3,0.0,0.75,0.5,0.0,0.0,0.0,0.5,0.0,0.0,0.0,0.0,0.0,0.0,0.0,0.0,0.0,0.0,0.0,0.5,0.75,0.25,0.5,0.5,0.5
H_0430,R_zSbEZqrCFyhh1wR,22-26,younger Gen Z,Female,Indonesia,Jakarta,5,5,4,4,5,5,4,5,5,5,5,1,4,2,5,1,1,1,5,4,4,4,3,3,1.0,1.0,0.75,0.75,1.0,1.0,0.75,1.0,1.0,1.0,1.0,0.0,0.75,0.25,1.0,0.0,0.0,0.0,1.0,0.75,0.75,0.75,0.5,0.5
H_0431,R_2wLBZatIgzd35m8,18-21,older Gen Z,Female,United states,Laie,3,4,2,4,4,4,4,2,1,1,1,1,3,1,2,1,1,1,4,2,2,2,3,3,0.5,0.75,0.25,0.75,0.75,0.75,0.75,0.25,0.0,0.0,0.0,0.0,0.5,0.0,0.25,0.0,0.0,0.0,0.75,0.25,0.25,0.25,0.5,0.5
H_0432,R_1pFLwHGMaMJf0JX,18-21,younger Gen Z,Female,USA,West Virginia,3,3,2,2,1,3,3,1,1,1,1,1,2,2,2,2,1,1,3,3,4,3,3,1,0.5,0.5,0.25,0.25,0.0,0.5,0.5,0.0,0.0,0.0,0.0,0.0,0.25,0.25,0.25,0.25,0.0,0.0,0.5,0.5,0.75,0.5,0.5,0.0
H_0433,R_12hxnYjC6mJ0ukG,43-49,older Gen X,Female,United States,Utah,1,1,2,1,1,1,3,1,1,1,1,1,1,1,1,1,1,3,3,3,3,3,3,3,0.0,0.0,0.25,0.0,0.0,0.0,0.5,0.0,0.0,0.0,0.0,0.0,0.0,0.0,0.0,0.0,0.0,0.5,0.5,0.5,0.5,0.5,0.5,0.5
H_0434,R_3qebjkHdPBc6ZSJ,18-21,younger Gen Z,Female,México,Veracruz,3,3,2,1,5,5,3,4,1,1,1,4,4,1,1,1,4,1,3,3,3,3,3,3,0.5,0.5,0.25,0.0,1.0,1.0,0.5,0.75,0.0,0.0,0.0,0.75,0.75,0.0,0.0,0.0,0.75,0.0,0.5,0.5,0.5,0.5,0.5,0.5
H_0435,R_Ow1kuUMzRJWIh3z,18-21,older Gen Z,Female,United States,California,3,3,3,2,1,1,1,1,1,1,1,1,1,1,1,1,1,1,3,3,5,3,3,2,0.5,0.5,0.5,0.25,0.0,0.0,0.0,0.0,0.0,0.0,0.0,0.0,0.0,0.0,0.0,0.0,0.0,0.0,0.5,0.5,1.0,0.5,0.5,0.25
H_0436,R_2WI2sbD9kqonM4g,18-21,older Gen Z,Female,United States of America,"Puna, Hawaiʻi",2,2,1,2,2,2,4,1,1,1,1,1,1,1,1,1,1,1,3,3,3,3,3,3,0.25,0.25,0.0,0.25,0.25,0.25,0.75,0.0,0.0,0.0,0.0,0.0,0.0,0.0,0.0,0.0,0.0,0.0,0.5,0.5,0.5,0.5,0.5,0.5
H_0437,R_2wjfQRbRUDYTugH,27-31,younger Millennials,Female,USA,Hawaii,4,5,5,5,5,5,4,3,2,3,2,3,4,3,4,4,1,3,3,2,3,3,3,2,0.75,1.0,1.0,1.0,1.0,1.0,0.75,0.5,0.25,0.5,0.25,0.5,0.75,0.5,0.75,0.75,0.0,0.5,0.5,0.25,0.5,0.5,0.5,0.25
H_0438,R_1Q3qjH6UReWDwRD,22-26,older Gen Z,Female,United States,Laie,4,5,4,3,5,4,3,2,1,3,1,3,3,2,4,4,2,1,4,3,3,3,3,3,0.75,1.0,0.75,0.5,1.0,0.75,0.5,0.25,0.0,0.5,0.0,0.5,0.5,0.25,0.75,0.75,0.25,0.0,0.75,0.5,0.5,0.5,0.5,0.5
H_0439,R_2azcdMcFxlkV2OR,22-26,older Gen Z,Female,Philippines,Davao City,5,5,5,4,5,5,2,4,4,3,1,1,3,1,1,3,3,1,4,3,4,3,3,1,1.0,1.0,1.0,0.75,1.0,1.0,0.25,0.75,0.75,0.5,0.0,0.0,0.5,0.0,0.0,0.5,0.5,0.0,0.75,0.5,0.75,0.5,0.5,0.0
H_0440,R_5C02lbJ7mLE83W9,18-21,younger Gen Z,Female,usa,allentown,3,3,2,2,4,4,3,2,2,1,1,1,1,1,1,1,1,1,3,2,3,2,3,3,0.5,0.5,0.25,0.25,0.75,0.75,0.5,0.25,0.25,0.0,0.0,0.0,0.0,0.0,0.0,0.0,0.0,0.0,0.5,0.25,0.5,0.25,0.5,0.5
H_0441,R_3lFDk5Eil8lAhyq,22-26,older Millennials,Female,Philippines,Laguna,3,3,2,3,4,4,3,4,4,4,2,1,4,4,3,1,3,2,3,4,3,4,3,3,0.5,0.5,0.25,0.5,0.75,0.75,0.5,0.75,0.75,0.75,0.25,0.0,0.75,0.75,0.5,0.0,0.5,0.25,0.5,0.75,0.5,0.75,0.5,0.5
H_0442,R_3kMukOtEi65nmJx,22-26,younger Millennials,Female,United States of America,Colorado,5,5,4,4,4,4,4,2,2,2,2,1,2,2,3,2,2,1,3,3,3,3,3,1,1.0,1.0,0.75,0.75,0.75,0.75,0.75,0.25,0.25,0.25,0.25,0.0,0.25,0.25,0.5,0.25,0.25,0.0,0.5,0.5,0.5,0.5,0.5,0.0
H_0443,R_1IA6AM1AVtaDlyU,32-36,older Millennials,Female,United States,Colorado,1,1,1,1,1,1,3,1,1,1,1,1,1,1,1,1,1,1,3,3,3,3,3,3,0.0,0.0,0.0,0.0,0.0,0.0,0.5,0.0,0.0,0.0,0.0,0.0,0.0,0.0,0.0,0.0,0.0,0.0,0.5,0.5,0.5,0.5,0.5,0.5
H_0444,R_116MbL3hs85pqct,18-21,younger Gen Z,Female,Fiji,Suva,1,1,1,1,1,1,1,1,1,1,1,1,1,1,1,1,1,1,3,3,3,3,3,3,0.0,0.0,0.0,0.0,0.0,0.0,0.0,0.0,0.0,0.0,0.0,0.0,0.0,0.0,0.0,0.0,0.0,0.0,0.5,0.5,0.5,0.5,0.5,0.5
H_0445,R_w5VUUMNXPmGzYeB,59-64,younger Baby Boomers,Female,United States,Colorado,3,4,2,3,4,4,3,2,3,1,1,1,1,1,2,1,2,1,3,3,3,3,3,3,0.5,0.75,0.25,0.5,0.75,0.75,0.5,0.25,0.5,0.0,0.0,0.0,0.0,0.0,0.25,0.0,0.25,0.0,0.5,0.5,0.5,0.5,0.5,0.5
H_0446,R_cvVDoWWpaxp1SSJ,22-26,younger Millennials,Female,Philippines,Pangasinan,4,4,3,3,5,4,3,2,1,2,3,1,3,2,3,1,1,1,2,4,4,5,3,3,0.75,0.75,0.5,0.5,1.0,0.75,0.5,0.25,0.0,0.25,0.5,0.0,0.5,0.25,0.5,0.0,0.0,0.0,0.25,0.75,0.75,1.0,0.5,0.5
H_0447,R_2eUq021k6u8eIIb,22-26,Silent Generation,Female,Kiribati,Tarawa,5,5,3,3,4,4,4,5,4,4,3,2,4,5,4,3,2,2,3,3,3,3,3,3,1.0,1.0,0.5,0.5,0.75,0.75,0.75,1.0,0.75,0.75,0.5,0.25,0.75,1.0,0.75,0.5,0.25,0.25,0.5,0.5,0.5,0.5,0.5,0.5
H_0448,R_3oXasBmp1rt28cj,22-26,older Gen Z,Female,United States,American Samoa,4,5,4,4,5,4,5,3,4,3,1,1,4,3,4,1,3,1,4,3,3,3,3,3,0.75,1.0,0.75,0.75,1.0,0.75,1.0,0.5,0.75,0.5,0.0,0.0,0.75,0.5,0.75,0.0,0.5,0.0,0.75,0.5,0.5,0.5,0.5,0.5
H_0449,R_3qldz34DUteourg,27-31,younger Gen Z,Female,Kiribati,Tarawa,4,3,3,3,3,3,3,2,2,2,2,2,2,2,2,2,2,2,3,3,3,3,3,3,0.75,0.5,0.5,0.5,0.5,0.5,0.5,0.25,0.25,0.25,0.25,0.25,0.25,0.25,0.25,0.25,0.25,0.25,0.5,0.5,0.5,0.5,0.5,0.5
H_0450,R_1NEaKkRBnw0T6VM,22-26,younger Gen Z,Female,Kiribati,Tarawa,3,3,3,3,3,4,4,4,3,3,1,1,3,3,3,2,1,1,3,3,3,3,3,3,0.5,0.5,0.5,0.5,0.5,0.75,0.75,0.75,0.5,0.5,0.0,0.0,0.5,0.5,0.5,0.25,0.0,0.0,0.5,0.5,0.5,0.5,0.5,0.5
H_0451,R_3lFDjkwbzkaoiK6,22-26,older Millennials,Female,Philippines,Davao City,3,4,4,4,4,4,4,4,1,2,1,1,4,4,4,4,4,4,2,3,3,2,3,2,0.5,0.75,0.75,0.75,0.75,0.75,0.75,0.75,0.0,0.25,0.0,0.0,0.75,0.75,0.75,0.75,0.75,0.75,0.25,0.5,0.5,0.25,0.5,0.25
H_0452,R_2CwtNWBMNw8OSaG,22-26,younger Gen Z,Female,China,Tianjin,5,5,3,3,3,4,4,4,2,4,4,1,3,3,4,1,2,3,3,4,4,4,3,4,1.0,1.0,0.5,0.5,0.5,0.75,0.75,0.75,0.25,0.75,0.75,0.0,0.5,0.5,0.75,0.0,0.25,0.5,0.5,0.75,0.75,0.75,0.5,0.75
H_0453,R_1KdTdE6Lb70Lrwn,18-21,younger Gen Z,Female,United States of America,Minnesota,4,5,4,4,5,5,5,3,1,2,1,1,1,1,1,2,1,1,2,4,2,2,3,3,0.75,1.0,0.75,0.75,1.0,1.0,1.0,0.5,0.0,0.25,0.0,0.0,0.0,0.0,0.0,0.25,0.0,0.0,0.25,0.75,0.25,0.25,0.5,0.5
H_0454,R_2CKB0Blq4zzxMpp,22-26,younger Gen Z,Female,China,China,1,1,1,1,1,1,3,1,1,1,1,1,1,1,1,1,1,1,3,3,3,4,3,3,0.0,0.0,0.0,0.0,0.0,0.0,0.5,0.0,0.0,0.0,0.0,0.0,0.0,0.0,0.0,0.0,0.0,0.0,0.5,0.5,0.5,0.75,0.5,0.5
H_0455,R_RVNv5RocULeQxnb,22-26,older Millennials,Female,philippines,tuguegarao,5,5,5,4,5,5,4,4,4,4,1,1,5,4,2,1,1,1,3,3,3,3,3,3,1.0,1.0,1.0,0.75,1.0,1.0,0.75,0.75,0.75,0.75,0.0,0.0,1.0,0.75,0.25,0.0,0.0,0.0,0.5,0.5,0.5,0.5,0.5,0.5
H_0456,R_3KovOBAi5KgNBjS,18-21,older Gen Z,Female,United States,"Laie, Hawaii",4,5,4,3,5,5,4,3,1,2,1,3,1,1,3,1,1,1,4,3,2,4,3,1,0.75,1.0,0.75,0.5,1.0,1.0,0.75,0.5,0.0,0.25,0.0,0.5,0.0,0.0,0.5,0.0,0.0,0.0,0.75,0.5,0.25,0.75,0.5,0.0
H_0457,R_1kMND0ZtLK0GuEl,22-26,younger Gen X,Female,China,Chengdu,5,5,5,4,5,5,4,3,2,4,1,1,3,3,1,1,1,1,2,3,3,3,3,3,1.0,1.0,1.0,0.75,1.0,1.0,0.75,0.5,0.25,0.75,0.0,0.0,0.5,0.5,0.0,0.0,0.0,0.0,0.25,0.5,0.5,0.5,0.5,0.5
H_0458,R_3h0aZmRas4SCxja,22-26,younger Gen Z,Female,china,jiangsu,3,3,3,3,3,3,3,3,3,4,1,1,3,3,4,2,3,3,3,2,2,3,3,3,0.5,0.5,0.5,0.5,0.5,0.5,0.5,0.5,0.5,0.75,0.0,0.0,0.5,0.5,0.75,0.25,0.5,0.5,0.5,0.25,0.25,0.5,0.5,0.5
H_0459,R_3EFpshOooeFFmGv,27-31,older Millennials,Female,USA,Hawaii,1,1,1,1,1,1,3,1,1,1,1,1,1,1,1,1,1,1,3,3,3,3,3,3,0.0,0.0,0.0,0.0,0.0,0.0,0.5,0.0,0.0,0.0,0.0,0.0,0.0,0.0,0.0,0.0,0.0,0.0,0.5,0.5,0.5,0.5,0.5,0.5
H_0460,R_Pvdqk48cN3q5nQR,22-26,older Gen Z,Female,USA,Utah,3,4,4,3,4,4,2,2,2,1,1,1,1,1,1,1,1,1,3,3,3,3,3,2,0.5,0.75,0.75,0.5,0.75,0.75,0.25,0.25,0.25,0.0,0.0,0.0,0.0,0.0,0.0,0.0,0.0,0.0,0.5,0.5,0.5,0.5,0.5,0.25
H_0461,R_1mK3gcIiDwT4s7y,22-26,older Gen Z,Female,Vietnam,Dong Xoai,4,3,3,2,4,3,3,3,3,3,1,1,3,2,3,1,2,1,3,3,3,3,3,3,0.75,0.5,0.5,0.25,0.75,0.5,0.5,0.5,0.5,0.5,0.0,0.0,0.5,0.25,0.5,0.0,0.25,0.0,0.5,0.5,0.5,0.5,0.5,0.5
H_0462,R_2OZJo166ghC6fKK,22-26,younger Millennials,Female,United States,Idaho,1,1,2,1,1,1,1,1,1,1,1,1,1,1,1,1,1,1,3,3,3,3,3,3,0.0,0.0,0.25,0.0,0.0,0.0,0.0,0.0,0.0,0.0,0.0,0.0,0.0,0.0,0.0,0.0,0.0,0.0,0.5,0.5,0.5,0.5,0.5,0.5
H_0463,R_eEdREIXoWtXCnjH,18-21,older Gen Z,Female,USA,"Lewiston, Idaho",4,4,4,4,4,4,3,5,2,5,4,1,5,5,5,5,5,5,4,4,4,4,3,4,0.75,0.75,0.75,0.75,0.75,0.75,0.5,1.0,0.25,1.0,0.75,0.0,1.0,1.0,1.0,1.0,1.0,1.0,0.75,0.75,0.75,0.75,0.5,0.75
H_0464,R_yXdPJQhFtvKpC3T,18-21,older Gen Z,Female,Korea,Seoul,1,1,1,1,1,1,1,1,1,1,1,1,1,1,1,1,1,1,3,3,3,3,3,3,0.0,0.0,0.0,0.0,0.0,0.0,0.0,0.0,0.0,0.0,0.0,0.0,0.0,0.0,0.0,0.0,0.0,0.0,0.5,0.5,0.5,0.5,0.5,0.5
H_0465,R_3mmW5eVvyBq5mAy,22-26,younger Gen Z,Female,Philippines,Sta. Barbara,3,3,3,4,4,4,4,1,1,1,1,1,1,1,1,1,1,1,3,3,3,3,3,4,0.5,0.5,0.5,0.75,0.75,0.75,0.75,0.0,0.0,0.0,0.0,0.0,0.0,0.0,0.0,0.0,0.0,0.0,0.5,0.5,0.5,0.5,0.5,0.75
H_0466,R_2CfYyzsjK6CN4k2,18-21,older Gen Z,Female,USA,Oregon,3,3,3,2,2,2,3,1,2,2,1,1,1,1,2,1,1,1,3,3,3,3,3,3,0.5,0.5,0.5,0.25,0.25,0.25,0.5,0.0,0.25,0.25,0.0,0.0,0.0,0.0,0.25,0.0,0.0,0.0,0.5,0.5,0.5,0.5,0.5,0.5
H_0467,R_2aQxxPdcRfl31m9,22-26,older Gen Z,Female,Philippines,Pangasinan,3,4,3,3,4,4,3,3,2,4,1,1,3,4,3,3,2,4,3,2,3,3,3,3,0.5,0.75,0.5,0.5,0.75,0.75,0.5,0.5,0.25,0.75,0.0,0.0,0.5,0.75,0.5,0.5,0.25,0.75,0.5,0.25,0.5,0.5,0.5,0.5
H_0468,R_1DvXtGA1JrAFdw8,18-21,older Gen Z,Female,united states of america,Texas,2,4,2,2,3,3,2,1,1,1,1,4,1,1,1,1,1,1,4,4,3,3,3,1,0.25,0.75,0.25,0.25,0.5,0.5,0.25,0.0,0.0,0.0,0.0,0.75,0.0,0.0,0.0,0.0,0.0,0.0,0.75,0.75,0.5,0.5,0.5,0.0
H_0469,R_2THPh41EZX6kNSm,27-31,younger Millennials,Female,China,Guangdong,1,1,1,1,1,1,1,1,1,1,1,1,1,1,1,1,1,1,4,4,4,3,3,2,0.0,0.0,0.0,0.0,0.0,0.0,0.0,0.0,0.0,0.0,0.0,0.0,0.0,0.0,0.0,0.0,0.0,0.0,0.75,0.75,0.75,0.5,0.5,0.25
H_0470,R_eS9PVBgpYVR5Gq5,18-21,older Gen Z,Female,United States,Oregon,3,5,3,3,5,5,4,4,1,2,1,1,3,1,1,1,1,1,2,2,3,4,3,1,0.5,1.0,0.5,0.5,1.0,1.0,0.75,0.75,0.0,0.25,0.0,0.0,0.5,0.0,0.0,0.0,0.0,0.0,0.25,0.25,0.5,0.75,0.5,0.0
H_0471,R_2dux15uokOdx9Kh,22-26,older Gen Z,Female,USA,NY,3,3,3,2,4,4,3,2,4,4,1,1,1,1,1,1,1,1,3,3,3,3,3,3,0.5,0.5,0.5,0.25,0.75,0.75,0.5,0.25,0.75,0.75,0.0,0.0,0.0,0.0,0.0,0.0,0.0,0.0,0.5,0.5,0.5,0.5,0.5,0.5
H_0472,R_2QSArGuIpEG6yEG,22-26,younger Millennials,Female,Philippines,Binalonan,5,5,4,4,5,5,3,1,1,1,1,1,1,1,1,1,1,1,5,3,3,2,3,1,1.0,1.0,0.75,0.75,1.0,1.0,0.5,0.0,0.0,0.0,0.0,0.0,0.0,0.0,0.0,0.0,0.0,0.0,1.0,0.5,0.5,0.25,0.5,0.0
H_0473,R_12G4cbZBNQo0pjz,22-26,younger Gen Z,Female,India,Delhi,2,4,1,1,2,3,4,4,4,3,1,1,1,1,3,1,2,1,3,2,2,4,3,2,0.25,0.75,0.0,0.0,0.25,0.5,0.75,0.75,0.75,0.5,0.0,0.0,0.0,0.0,0.5,0.0,0.25,0.0,0.5,0.25,0.25,0.75,0.5,0.25
H_0474,R_2c5xUpdb7ECdayj,18-21,older Gen Z,Female,US,AZ,4,5,4,4,5,5,5,4,3,3,2,3,3,2,3,3,3,1,3,3,3,3,3,3,0.75,1.0,0.75,0.75,1.0,1.0,1.0,0.75,0.5,0.5,0.25,0.5,0.5,0.25,0.5,0.5,0.5,0.0,0.5,0.5,0.5,0.5,0.5,0.5
H_0475,R_1mRHj92GtaoT578,18-21,older Gen Z,Female,USA,Wisconsin,5,5,5,5,5,5,5,4,4,4,1,1,4,1,4,3,1,1,3,3,3,3,3,3,1.0,1.0,1.0,1.0,1.0,1.0,1.0,0.75,0.75,0.75,0.0,0.0,0.75,0.0,0.75,0.5,0.0,0.0,0.5,0.5,0.5,0.5,0.5,0.5
H_0476,R_21h1pYUt3ZFTvZL,27-31,younger Gen Z,Female,Kiribati,Tarawa,3,3,3,3,3,3,3,3,2,2,2,2,2,2,3,3,3,3,3,3,3,3,3,3,0.5,0.5,0.5,0.5,0.5,0.5,0.5,0.5,0.25,0.25,0.25,0.25,0.25,0.25,0.5,0.5,0.5,0.5,0.5,0.5,0.5,0.5,0.5,0.5
H_0477,R_bsydQlKVewHozFn,18-21,older Gen Z,Female,USA,Georgia,4,4,4,1,4,4,3,5,1,4,1,1,5,4,4,1,1,1,3,3,3,3,3,3,0.75,0.75,0.75,0.0,0.75,0.75,0.5,1.0,0.0,0.75,0.0,0.0,1.0,0.75,0.75,0.0,0.0,0.0,0.5,0.5,0.5,0.5,0.5,0.5
H_0478,R_5oHk4hwRZpEdORH,22-26,younger Gen Z,Female,Kiribati,Tarawa,3,3,3,3,1,1,3,1,1,1,3,1,1,1,1,3,4,3,3,3,3,3,3,3,0.5,0.5,0.5,0.5,0.0,0.0,0.5,0.0,0.0,0.0,0.5,0.0,0.0,0.0,0.0,0.5,0.75,0.5,0.5,0.5,0.5,0.5,0.5,0.5
H_0479,R_25HOXL1JWm7unHF,22-26,younger Millennials,Female,Philippines,Cebu,4,4,4,3,4,4,3,4,2,4,1,4,4,1,1,1,1,1,3,3,3,3,3,3,0.75,0.75,0.75,0.5,0.75,0.75,0.5,0.75,0.25,0.75,0.0,0.75,0.75,0.0,0.0,0.0,0.0,0.0,0.5,0.5,0.5,0.5,0.5,0.5
H_0480,R_32WveucH3m6zxET,18-21,younger Millennials,Female,Laie,Hawaii,3,2,3,2,1,1,5,1,1,1,1,1,1,1,1,1,1,1,3,3,3,3,3,2,0.5,0.25,0.5,0.25,0.0,0.0,1.0,0.0,0.0,0.0,0.0,0.0,0.0,0.0,0.0,0.0,0.0,0.0,0.5,0.5,0.5,0.5,0.5,0.25
H_0481,R_214V96BX4M1ibse,27-31,younger Gen Z,Female,Tonga,Holonga,3,3,3,3,2,2,2,2,2,1,1,1,1,1,1,1,1,3,3,3,2,4,3,2,0.5,0.5,0.5,0.5,0.25,0.25,0.25,0.25,0.25,0.0,0.0,0.0,0.0,0.0,0.0,0.0,0.0,0.5,0.5,0.5,0.25,0.75,0.5,0.25
H_0482,R_1DSjeq0mOQcbjTR,22-26,younger Gen X,Female,India,Delhi,2,2,1,1,1,1,1,1,1,1,1,1,1,1,1,1,1,1,2,3,3,2,3,2,0.25,0.25,0.0,0.0,0.0,0.0,0.0,0.0,0.0,0.0,0.0,0.0,0.0,0.0,0.0,0.0,0.0,0.0,0.25,0.5,0.5,0.25,0.5,0.25
H_0483,R_6tW3a9zBMyhg7zr,22-26,younger Millennials,Female,Kiribati,Tarawa,1,1,2,1,1,1,1,1,1,1,1,1,1,1,1,1,1,1,3,3,3,4,3,3,0.0,0.0,0.25,0.0,0.0,0.0,0.0,0.0,0.0,0.0,0.0,0.0,0.0,0.0,0.0,0.0,0.0,0.0,0.5,0.5,0.5,0.75,0.5,0.5
H_0484,R_1jew6Kne4mixVva,22-26,younger Millennials,Female,Kiribati,Tarawa,5,5,5,5,5,5,5,3,2,3,3,3,3,3,3,3,3,3,3,3,3,3,3,3,1.0,1.0,1.0,1.0,1.0,1.0,1.0,0.5,0.25,0.5,0.5,0.5,0.5,0.5,0.5,0.5,0.5,0.5,0.5,0.5,0.5,0.5,0.5,0.5
H_0485,R_VW2hotTBQzECxY5,22-26,younger Millennials,Female,Kiribati,Tarawa,3,3,3,3,3,3,3,3,3,3,3,3,3,3,3,3,3,3,3,3,3,3,3,3,0.5,0.5,0.5,0.5,0.5,0.5,0.5,0.5,0.5,0.5,0.5,0.5,0.5,0.5,0.5,0.5,0.5,0.5,0.5,0.5,0.5,0.5,0.5,0.5
H_0486,R_3E9zeEUFWSSTQq6,27-31,younger Millennials,Female,Philippines,Cebu,3,4,3,5,4,3,5,4,4,4,1,4,2,1,1,4,2,1,3,3,3,3,3,3,0.5,0.75,0.5,1.0,0.75,0.5,1.0,0.75,0.75,0.75,0.0,0.75,0.25,0.0,0.0,0.75,0.25,0.0,0.5,0.5,0.5,0.5,0.5,0.5
H_0487,R_pH2rrQGFdLD0YWR,18-21,older Gen Z,Female,USA,California,3,4,3,4,5,5,3,3,1,1,1,1,1,1,3,1,1,1,4,5,4,4,3,1,0.5,0.75,0.5,0.75,1.0,1.0,0.5,0.5,0.0,0.0,0.0,0.0,0.0,0.0,0.5,0.0,0.0,0.0,0.75,1.0,0.75,0.75,0.5,0.0
H_0488,R_1lfU1r3uCXP7XUI,22-26,younger Gen Z,Female,Philippines,Pasuquin,3,3,3,3,3,3,3,1,1,1,1,1,1,1,1,1,1,1,3,3,3,3,3,3,0.5,0.5,0.5,0.5,0.5,0.5,0.5,0.0,0.0,0.0,0.0,0.0,0.0,0.0,0.0,0.0,0.0,0.0,0.5,0.5,0.5,0.5,0.5,0.5
H_0489,R_3NVUgN3NthiobvG,22-26,younger Gen Z,Female,Kiribati,Tarawa,3,3,3,3,2,2,3,1,1,1,1,1,1,1,1,1,1,1,3,3,3,4,3,4,0.5,0.5,0.5,0.5,0.25,0.25,0.5,0.0,0.0,0.0,0.0,0.0,0.0,0.0,0.0,0.0,0.0,0.0,0.5,0.5,0.5,0.75,0.5,0.75
H_0490,R_1q4Yu2NfhcdIVwF,27-31,younger Millennials,Female,Philippines,Unknown,3,3,3,3,3,3,3,1,1,1,1,1,1,1,1,2,1,1,3,3,3,3,3,3,0.5,0.5,0.5,0.5,0.5,0.5,0.5,0.0,0.0,0.0,0.0,0.0,0.0,0.0,0.0,0.25,0.0,0.0,0.5,0.5,0.5,0.5,0.5,0.5
H_0491,R_2ripveTuP6KYmck,50-58,older Gen Z,Female,Philippines,Unknown,3,3,3,3,3,3,3,3,2,5,1,5,5,5,5,4,4,5,3,3,3,3,3,3,0.5,0.5,0.5,0.5,0.5,0.5,0.5,0.5,0.25,1.0,0.0,1.0,1.0,1.0,1.0,0.75,0.75,1.0,0.5,0.5,0.5,0.5,0.5,0.5
H_0492,R_1IgFYf9H553fWin,32-36,older Millennials,Female,US,Oregon,2,4,2,2,2,2,2,1,1,1,1,1,1,1,1,1,1,1,4,3,2,3,3,2,0.25,0.75,0.25,0.25,0.25,0.25,0.25,0.0,0.0,0.0,0.0,0.0,0.0,0.0,0.0,0.0,0.0,0.0,0.75,0.5,0.25,0.5,0.5,0.25
H_0493,R_3h5uizJXs3aMTC4,43-49,younger Gen X,Female,US,Lincoln,3,4,4,4,3,4,4,4,3,3,4,4,4,4,4,4,3,3,2,2,2,2,3,2,0.5,0.75,0.75,0.75,0.5,0.75,0.75,0.75,0.5,0.5,0.75,0.75,0.75,0.75,0.75,0.75,0.5,0.5,0.25,0.25,0.25,0.25,0.5,0.25
H_0494,R_10Mo3uVNt9Ikzf3,59-64,younger Baby Boomers,Female,USA,NorCal,1,1,2,2,2,2,2,1,1,1,1,1,1,1,1,1,1,1,3,3,3,3,3,3,0.0,0.0,0.25,0.25,0.25,0.25,0.25,0.0,0.0,0.0,0.0,0.0,0.0,0.0,0.0,0.0,0.0,0.0,0.5,0.5,0.5,0.5,0.5,0.5
H_0495,R_yHZnNWGxQjiYDex,18-21,older Gen Z,Female,United States,Oregon,4,4,3,4,4,4,2,1,1,1,1,1,1,1,2,2,1,1,3,4,5,5,3,1,0.75,0.75,0.5,0.75,0.75,0.75,0.25,0.0,0.0,0.0,0.0,0.0,0.0,0.0,0.25,0.25,0.0,0.0,0.5,0.75,1.0,1.0,0.5,0.0
H_0496,R_8cxnz8Ei0K0fMoF,22-26,older Gen Z,Female,Philippines,Dagupan,5,5,4,3,5,5,4,4,4,3,1,1,4,4,4,1,2,1,2,3,3,3,3,3,1.0,1.0,0.75,0.5,1.0,1.0,0.75,0.75,0.75,0.5,0.0,0.0,0.75,0.75,0.75,0.0,0.25,0.0,0.25,0.5,0.5,0.5,0.5,0.5
H_0497,R_1F2p1sgTHZPtJ2Q,50-58,younger Gen X,Female,Philippines,Pangasinan,1,1,1,1,1,1,1,1,1,1,1,1,1,1,1,1,1,1,3,3,3,3,3,3,0.0,0.0,0.0,0.0,0.0,0.0,0.0,0.0,0.0,0.0,0.0,0.0,0.0,0.0,0.0,0.0,0.0,0.0,0.5,0.5,0.5,0.5,0.5,0.5
H_0498,R_PUS5NtTIh9D0UJH,18-21,younger Gen Z,Female,Philippines,Santa Barbara,4,5,4,4,5,5,4,3,3,3,3,1,3,3,3,1,3,1,2,2,2,2,3,3,0.75,1.0,0.75,0.75,1.0,1.0,0.75,0.5,0.5,0.5,0.5,0.0,0.5,0.5,0.5,0.0,0.5,0.0,0.25,0.25,0.25,0.25,0.5,0.5
H_0499,R_2DUmaBo0A3z5MmR,18-21,younger Gen Z,Female,america,michigan,4,4,4,3,3,3,4,5,5,4,1,1,4,1,3,1,3,1,3,1,1,1,3,2,0.75,0.75,0.75,0.5,0.5,0.5,0.75,1.0,1.0,0.75,0.0,0.0,0.75,0.0,0.5,0.0,0.5,0.0,0.5,0.0,0.0,0.0,0.5,0.25
H_0500,R_2v81rln5Cwt1zuU,18-21,younger Gen Z,Female,United States,Colorado,4,4,3,3,3,3,3,2,2,2,2,1,2,2,2,2,2,2,3,3,3,3,3,3,0.75,0.75,0.5,0.5,0.5,0.5,0.5,0.25,0.25,0.25,0.25,0.0,0.25,0.25,0.25,0.25,0.25,0.25,0.5,0.5,0.5,0.5,0.5,0.5
H_0501,R_0wkzUGazo4DtkDT,22-26,younger Gen Z,Female,Philippines,Naga,5,2,5,3,5,4,5,5,3,5,5,5,5,5,5,4,4,4,3,4,3,2,3,3,1.0,0.25,1.0,0.5,1.0,0.75,1.0,1.0,0.5,1.0,1.0,1.0,1.0,1.0,1.0,0.75,0.75,0.75,0.5,0.75,0.5,0.25,0.5,0.5
H_0502,R_246pKWR5TfJy8WW,22-26,younger Gen Z,Female,Papua New Guinea,Madang,3,3,4,1,4,1,4,1,1,1,1,1,2,1,2,1,1,1,2,3,3,4,3,4,0.5,0.5,0.75,0.0,0.75,0.0,0.75,0.0,0.0,0.0,0.0,0.0,0.25,0.0,0.25,0.0,0.0,0.0,0.25,0.5,0.5,0.75,0.5,0.75
H_0503,R_28RFhjzEK2Grntj,18-21,younger Gen Z,Female,United States of America,Utah,3,4,4,3,3,3,3,1,1,1,1,1,1,1,1,1,1,1,3,3,3,3,3,4,0.5,0.75,0.75,0.5,0.5,0.5,0.5,0.0,0.0,0.0,0.0,0.0,0.0,0.0,0.0,0.0,0.0,0.0,0.5,0.5,0.5,0.5,0.5,0.75
H_0504,R_AbuB5fm6aTeMQff,27-31,younger Millennials,Female,Mexico,Puebla,1,1,1,1,1,1,1,1,1,1,1,1,1,1,1,1,1,1,3,3,3,3,3,1,0.0,0.0,0.0,0.0,0.0,0.0,0.0,0.0,0.0,0.0,0.0,0.0,0.0,0.0,0.0,0.0,0.0,0.0,0.5,0.5,0.5,0.5,0.5,0.0
H_0505,R_3J280oZcUzSV8BD,22-26,older Gen Z,Female,Canada,BC,2,4,2,3,4,4,4,3,2,3,1,1,3,1,2,1,1,1,3,3,3,3,3,3,0.25,0.75,0.25,0.5,0.75,0.75,0.75,0.5,0.25,0.5,0.0,0.0,0.5,0.0,0.25,0.0,0.0,0.0,0.5,0.5,0.5,0.5,0.5,0.5
H_0506,R_3n108tl7zQ89rTH,18-21,older Gen Z,Female,usa,Utah,3,4,2,3,5,4,4,2,2,2,1,1,2,1,1,1,1,1,3,3,3,3,3,2,0.5,0.75,0.25,0.5,1.0,0.75,0.75,0.25,0.25,0.25,0.0,0.0,0.25,0.0,0.0,0.0,0.0,0.0,0.5,0.5,0.5,0.5,0.5,0.25
H_0507,R_5BdKMGEBiP0eCvT,27-31,younger Millennials,Female,USA,Washington,3,3,4,3,3,4,4,3,4,2,3,3,4,3,3,3,3,4,3,4,4,4,3,4,0.5,0.5,0.75,0.5,0.5,0.75,0.75,0.5,0.75,0.25,0.5,0.5,0.75,0.5,0.5,0.5,0.5,0.75,0.5,0.75,0.75,0.75,0.5,0.75
H_0508,R_3hn27NB8Vvw2Umm,22-26,older Gen Z,Female,USA,LOGAN,4,4,5,4,4,3,4,3,4,4,5,4,3,4,3,4,3,4,3,4,3,4,3,4,0.75,0.75,1.0,0.75,0.75,0.5,0.75,0.5,0.75,0.75,1.0,0.75,0.5,0.75,0.5,0.75,0.5,0.75,0.5,0.75,0.5,0.75,0.5,0.75
H_0509,R_2aFC5W8pUo0sWFZ,50-58,younger Gen X,Female,Usa,Washington,1,1,1,1,1,3,3,1,1,1,1,1,1,1,1,1,1,1,3,3,3,3,3,3,0.0,0.0,0.0,0.0,0.0,0.5,0.5,0.0,0.0,0.0,0.0,0.0,0.0,0.0,0.0,0.0,0.0,0.0,0.5,0.5,0.5,0.5,0.5,0.5
H_0510,R_2oasrZvaDzPFqZb,50-58,younger Gen X,Female,United States,Newport,1,1,1,1,1,1,1,1,1,1,1,1,1,1,1,1,1,1,3,3,3,3,3,3,0.0,0.0,0.0,0.0,0.0,0.0,0.0,0.0,0.0,0.0,0.0,0.0,0.0,0.0,0.0,0.0,0.0,0.0,0.5,0.5,0.5,0.5,0.5,0.5
H_0511,R_3PX37WmX0AJxg3H,27-31,younger Millennials,Female,US,Spokane Washington,3,4,3,2,2,3,3,1,1,2,1,1,1,1,1,1,1,1,3,3,2,3,3,2,0.5,0.75,0.5,0.25,0.25,0.5,0.5,0.0,0.0,0.25,0.0,0.0,0.0,0.0,0.0,0.0,0.0,0.0,0.5,0.5,0.25,0.5,0.5,0.25
H_0512,R_3DonF6KBqiOCLJj,18-21,older Gen Z,Female,USA,Utah,4,5,4,4,5,5,5,5,5,1,4,1,1,4,4,5,5,1,5,5,4,4,3,4,0.75,1.0,0.75,0.75,1.0,1.0,1.0,1.0,1.0,0.0,0.75,0.0,0.0,0.75,0.75,1.0,1.0,0.0,1.0,1.0,0.75,0.75,0.5,0.75
H_0513,R_1K1m4bN56RW4wVu,27-31,younger Millennials,Female,United States,CO,3,5,3,3,3,2,3,1,1,1,2,1,2,2,2,1,2,1,4,2,3,4,3,1,0.5,1.0,0.5,0.5,0.5,0.25,0.5,0.0,0.0,0.0,0.25,0.0,0.25,0.25,0.25,0.0,0.25,0.0,0.75,0.25,0.5,0.75,0.5,0.0
H_0514,R_2YWHGYQD2WkIX7e,22-26,older Gen Z,Female,USA,Utah,3,3,3,2,2,3,3,1,1,1,1,1,1,1,1,1,3,1,3,3,3,3,3,3,0.5,0.5,0.5,0.25,0.25,0.5,0.5,0.0,0.0,0.0,0.0,0.0,0.0,0.0,0.0,0.0,0.5,0.0,0.5,0.5,0.5,0.5,0.5,0.5
H_0515,R_RKaHkLUo58IdU09,22-26,younger Gen Z,Female,United States,"Salt lake city, Utah",1,1,1,1,1,3,3,1,1,1,1,1,1,1,1,1,1,1,3,3,2,3,3,3,0.0,0.0,0.0,0.0,0.0,0.5,0.5,0.0,0.0,0.0,0.0,0.0,0.0,0.0,0.0,0.0,0.0,0.0,0.5,0.5,0.25,0.5,0.5,0.5
H_0516,R_3iEiGMcVcxMhw3p,22-26,younger Millennials,Female,United States,Arizona,2,4,2,1,5,4,4,4,1,1,4,1,2,1,1,1,1,1,3,3,2,3,3,3,0.25,0.75,0.25,0.0,1.0,0.75,0.75,0.75,0.0,0.0,0.75,0.0,0.25,0.0,0.0,0.0,0.0,0.0,0.5,0.5,0.25,0.5,0.5,0.5
H_0517,R_1DUVyTlnTv3tELm,59-64,younger Baby Boomers,Female,USA,Utah,3,4,2,4,1,1,1,1,1,1,1,1,1,1,1,1,1,1,3,4,2,2,3,1,0.5,0.75,0.25,0.75,0.0,0.0,0.0,0.0,0.0,0.0,0.0,0.0,0.0,0.0,0.0,0.0,0.0,0.0,0.5,0.75,0.25,0.25,0.5,0.0
H_0518,R_24bDxwel0cbEAKE,59-64,younger Baby Boomers,Female,United States,"Salt Lake City, Utah",2,2,2,2,3,3,3,2,1,1,1,2,1,1,1,1,1,2,3,3,3,3,3,2,0.25,0.25,0.25,0.25,0.5,0.5,0.5,0.25,0.0,0.0,0.0,0.25,0.0,0.0,0.0,0.0,0.0,0.25,0.5,0.5,0.5,0.5,0.5,0.25
H_0519,R_2cuBN3cVd9Ij7Qa,18-21,older Gen Z,Female,America,Utah,2,1,2,1,2,2,3,1,1,1,1,1,1,1,1,1,2,1,3,3,3,3,3,2,0.25,0.0,0.25,0.0,0.25,0.25,0.5,0.0,0.0,0.0,0.0,0.0,0.0,0.0,0.0,0.0,0.25,0.0,0.5,0.5,0.5,0.5,0.5,0.25
H_0520,R_1rIIIF8eNR6Aeqy,50-58,older Gen X,Female,USA,Arizona,5,4,1,1,4,3,3,1,1,1,1,1,1,1,1,1,1,1,3,3,3,3,3,3,1.0,0.75,0.0,0.0,0.75,0.5,0.5,0.0,0.0,0.0,0.0,0.0,0.0,0.0,0.0,0.0,0.0,0.0,0.5,0.5,0.5,0.5,0.5,0.5
H_0521,R_12g7DIFF1KpvPl3,18-21,older Gen Z,Female,United States,"Billings, Montana",3,2,2,1,4,1,2,1,1,1,1,1,1,1,1,1,1,1,5,4,3,4,3,1,0.5,0.25,0.25,0.0,0.75,0.0,0.25,0.0,0.0,0.0,0.0,0.0,0.0,0.0,0.0,0.0,0.0,0.0,1.0,0.75,0.5,0.75,0.5,0.0
H_0522,R_3KqhKxApII9jubh,43-49,older Gen X,Female,USA,Utah,3,3,4,4,4,4,2,2,1,1,1,1,1,1,1,2,2,2,3,3,3,3,3,1,0.5,0.5,0.75,0.75,0.75,0.75,0.25,0.25,0.0,0.0,0.0,0.0,0.0,0.0,0.0,0.25,0.25,0.25,0.5,0.5,0.5,0.5,0.5,0.0
H_0523,R_1je8RBLDDmCu3u4,43-49,younger Gen X,Female,United States,Utah,4,4,4,4,4,3,3,3,2,4,2,1,1,2,1,4,4,2,3,3,3,3,3,3,0.75,0.75,0.75,0.75,0.75,0.5,0.5,0.5,0.25,0.75,0.25,0.0,0.0,0.25,0.0,0.75,0.75,0.25,0.5,0.5,0.5,0.5,0.5,0.5
H_0524,R_29aY0plFMOKhEz5,66-70,younger Baby Boomers,Female,United States,Utah,1,4,1,1,1,1,2,1,1,1,1,1,1,1,1,1,1,1,4,4,2,4,3,2,0.0,0.75,0.0,0.0,0.0,0.0,0.25,0.0,0.0,0.0,0.0,0.0,0.0,0.0,0.0,0.0,0.0,0.0,0.75,0.75,0.25,0.75,0.5,0.25
H_0525,R_qXB9R65V7ygt7Gx,27-31,older Millennials,Female,USA,Washington,2,1,1,1,1,1,1,1,1,1,1,1,1,1,1,1,1,1,4,4,2,1,3,3,0.25,0.0,0.0,0.0,0.0,0.0,0.0,0.0,0.0,0.0,0.0,0.0,0.0,0.0,0.0,0.0,0.0,0.0,0.75,0.75,0.25,0.0,0.5,0.5
H_0526,R_sZ6iEj2sfs7CYNP,50-58,older Gen X,Female,United States,"Boise, Idaho",5,1,1,1,1,3,3,2,1,3,1,2,1,2,1,1,1,1,3,3,1,3,3,3,1.0,0.0,0.0,0.0,0.0,0.5,0.5,0.25,0.0,0.5,0.0,0.25,0.0,0.25,0.0,0.0,0.0,0.0,0.5,0.5,0.0,0.5,0.5,0.5
H_0527,R_2rikwuETJft4Li7,22-26,younger Millennials,Female,Mexico,Monterrey,5,5,3,3,4,5,5,4,1,1,1,1,2,2,5,4,5,2,2,2,4,3,3,2,1.0,1.0,0.5,0.5,0.75,1.0,1.0,0.75,0.0,0.0,0.0,0.0,0.25,0.25,1.0,0.75,1.0,0.25,0.25,0.25,0.75,0.5,0.5,0.25
H_0528,R_vv3G3be8gLExafv,50-58,older Gen X,Female,United States,"Eden, UT",1,3,1,1,1,3,3,1,1,1,1,1,1,1,1,1,1,1,4,3,2,3,3,4,0.0,0.5,0.0,0.0,0.0,0.5,0.5,0.0,0.0,0.0,0.0,0.0,0.0,0.0,0.0,0.0,0.0,0.0,0.75,0.5,0.25,0.5,0.5,0.75
H_0529,R_1ocq7KLmRx87LsK,22-26,older Gen Z,Female,Usa,"Burley, Idaho",2,2,3,2,1,2,2,1,1,1,1,1,1,1,1,1,1,1,3,4,4,3,3,1,0.25,0.25,0.5,0.25,0.0,0.25,0.25,0.0,0.0,0.0,0.0,0.0,0.0,0.0,0.0,0.0,0.0,0.0,0.5,0.75,0.75,0.5,0.5,0.0
H_0530,R_11hI0004jkIzdQ3,22-26,older Gen Z,Female,USA,Herriman,4,5,3,2,4,3,4,2,1,1,1,1,1,1,1,1,1,1,3,3,4,3,3,2,0.75,1.0,0.5,0.25,0.75,0.5,0.75,0.25,0.0,0.0,0.0,0.0,0.0,0.0,0.0,0.0,0.0,0.0,0.5,0.5,0.75,0.5,0.5,0.25
H_0531,R_1cYsvnrjC8QSQuZ,27-31,older Millennials,Female,USA,Utah,4,4,3,2,1,3,4,1,1,1,1,1,1,1,1,1,1,1,3,3,3,3,3,3,0.75,0.75,0.5,0.25,0.0,0.5,0.75,0.0,0.0,0.0,0.0,0.0,0.0,0.0,0.0,0.0,0.0,0.0,0.5,0.5,0.5,0.5,0.5,0.5
H_0532,R_28NgLnjT0QkW87i,43-49,younger Gen X,Female,US,Utah,1,1,1,1,1,3,3,1,1,1,1,1,1,1,1,1,1,1,2,3,4,2,3,3,0.0,0.0,0.0,0.0,0.0,0.5,0.5,0.0,0.0,0.0,0.0,0.0,0.0,0.0,0.0,0.0,0.0,0.0,0.25,0.5,0.75,0.25,0.5,0.5
H_0533,R_3fSEnpSIc8N2HoH,22-26,older Gen Z,Female,United States,"Lehi, UT",3,4,2,3,4,4,5,3,1,1,4,1,1,3,3,3,3,3,3,3,3,3,3,3,0.5,0.75,0.25,0.5,0.75,0.75,1.0,0.5,0.0,0.0,0.75,0.0,0.0,0.5,0.5,0.5,0.5,0.5,0.5,0.5,0.5,0.5,0.5,0.5
H_0534,R_54M9vi5rYYlP5UB,18-21,younger Gen X,Female,mexico,monterrey,3,3,3,3,3,3,3,1,1,1,1,1,1,1,1,1,1,1,3,3,3,3,3,3,0.5,0.5,0.5,0.5,0.5,0.5,0.5,0.0,0.0,0.0,0.0,0.0,0.0,0.0,0.0,0.0,0.0,0.0,0.5,0.5,0.5,0.5,0.5,0.5
H_0535,R_sh4TqHlWU3wwpix,18-21,older Gen Z,Female,United states,Minnesota,5,5,5,4,2,2,5,3,5,1,3,3,4,4,4,3,3,3,3,3,2,2,3,4,1.0,1.0,1.0,0.75,0.25,0.25,1.0,0.5,1.0,0.0,0.5,0.5,0.75,0.75,0.75,0.5,0.5,0.5,0.5,0.5,0.25,0.25,0.5,0.75
H_0536,R_27jrgGw4sERW4aT,18-21,older Gen Z,Female,United States,Utah,4,4,2,4,3,3,4,3,1,1,3,1,1,4,1,4,1,1,2,2,3,2,3,4,0.75,0.75,0.25,0.75,0.5,0.5,0.75,0.5,0.0,0.0,0.5,0.0,0.0,0.75,0.0,0.75,0.0,0.0,0.25,0.25,0.5,0.25,0.5,0.75
H_0537,R_3kb1LK54jdZmBNC,43-49,older Gen X,Male,Philippines,Naga city,3,5,5,1,1,1,1,1,1,1,1,1,1,1,1,1,1,1,3,3,3,3,3,3,0.5,1.0,1.0,0.0,0.0,0.0,0.0,0.0,0.0,0.0,0.0,0.0,0.0,0.0,0.0,0.0,0.0,0.0,0.5,0.5,0.5,0.5,0.5,0.5
H_0538,R_1CDgF65wzBqbh77,27-31,older Gen X,Male,Samoa,Apia,1,1,1,1,1,1,1,1,1,1,1,1,1,1,1,1,1,1,3,3,3,3,3,3,0.0,0.0,0.0,0.0,0.0,0.0,0.0,0.0,0.0,0.0,0.0,0.0,0.0,0.0,0.0,0.0,0.0,0.0,0.5,0.5,0.5,0.5,0.5,0.5
H_0539,R_3kb3SUdNFlsFf58,22-26,Silent Generation,Male,Fiji,Suva,3,3,3,3,3,3,3,1,1,1,1,1,1,1,1,1,1,1,3,3,3,3,3,3,0.5,0.5,0.5,0.5,0.5,0.5,0.5,0.0,0.0,0.0,0.0,0.0,0.0,0.0,0.0,0.0,0.0,0.0,0.5,0.5,0.5,0.5,0.5,0.5
H_0540,R_2uPOVecfz7JuSGF,27-31,younger Gen Z,Male,Papua New Guinea,Port Morgan,5,4,5,2,5,3,5,4,5,5,3,3,4,4,3,4,2,2,4,4,3,4,3,3,1.0,0.75,1.0,0.25,1.0,0.5,1.0,0.75,1.0,1.0,0.5,0.5,0.75,0.75,0.5,0.75,0.25,0.25,0.75,0.75,0.5,0.75,0.5,0.5
H_0541,R_1H15kX0VKWzXwzO,27-31,older Millennials,Male,Tahiti,Mahina,1,1,1,1,1,1,3,1,1,1,1,1,1,1,1,1,1,1,3,3,3,3,3,3,0.0,0.0,0.0,0.0,0.0,0.0,0.5,0.0,0.0,0.0,0.0,0.0,0.0,0.0,0.0,0.0,0.0,0.0,0.5,0.5,0.5,0.5,0.5,0.5
H_0542,R_3k4X2l9iLWKQaex,22-26,older Gen Z,Male,New Zealand,Hawkes Bay,3,3,3,3,3,3,4,3,3,1,1,1,2,1,1,1,1,1,3,3,3,3,3,3,0.5,0.5,0.5,0.5,0.5,0.5,0.75,0.5,0.5,0.0,0.0,0.0,0.25,0.0,0.0,0.0,0.0,0.0,0.5,0.5,0.5,0.5,0.5,0.5
H_0543,R_erf75RYbttpKVXj,18-21,younger Gen Z,Male,Usa,Utah,2,3,3,2,4,4,2,1,1,1,1,1,1,1,1,1,1,1,2,4,3,3,3,2,0.25,0.5,0.5,0.25,0.75,0.75,0.25,0.0,0.0,0.0,0.0,0.0,0.0,0.0,0.0,0.0,0.0,0.0,0.25,0.75,0.5,0.5,0.5,0.25
H_0544,R_3NBSXcbaqK1ZgvT,22-26,younger Gen Z,Male,Thailand,Bangkok,5,5,5,5,5,5,5,2,3,2,4,2,3,3,3,3,3,3,3,4,3,2,3,3,1.0,1.0,1.0,1.0,1.0,1.0,1.0,0.25,0.5,0.25,0.75,0.25,0.5,0.5,0.5,0.5,0.5,0.5,0.5,0.75,0.5,0.25,0.5,0.5
H_0545,R_ALKYfQmm0GgC7MR,27-31,older Gen Z,Male,mongolia,ub,4,3,2,4,2,3,2,2,3,3,2,3,2,4,3,2,4,2,3,3,4,4,3,4,0.75,0.5,0.25,0.75,0.25,0.5,0.25,0.25,0.5,0.5,0.25,0.5,0.25,0.75,0.5,0.25,0.75,0.25,0.5,0.5,0.75,0.75,0.5,0.75
H_0546,R_2X6bDjS71MRlNY3,43-49,younger Baby Boomers,Male,United States,Utah,1,1,1,2,2,2,2,1,1,1,1,1,1,2,1,2,3,5,3,3,3,3,3,3,0.0,0.0,0.0,0.25,0.25,0.25,0.25,0.0,0.0,0.0,0.0,0.0,0.0,0.25,0.0,0.25,0.5,1.0,0.5,0.5,0.5,0.5,0.5,0.5
H_0547,R_3pnd2xXD9m63lEN,22-26,older Millennials,Male,Indonesia,Malang,4,5,5,4,4,4,3,3,4,4,5,3,4,4,5,4,5,4,4,4,4,4,3,5,0.75,1.0,1.0,0.75,0.75,0.75,0.5,0.5,0.75,0.75,1.0,0.5,0.75,0.75,1.0,0.75,1.0,0.75,0.75,0.75,0.75,0.75,0.5,1.0
H_0548,R_2zYcnDyoQg0XPhh,22-26,younger Millennials,Male,Fiji,Suva,4,4,3,3,4,3,2,1,1,1,1,1,1,1,1,1,1,1,2,2,2,3,3,3,0.75,0.75,0.5,0.5,0.75,0.5,0.25,0.0,0.0,0.0,0.0,0.0,0.0,0.0,0.0,0.0,0.0,0.0,0.25,0.25,0.25,0.5,0.5,0.5
H_0549,R_1rNggtGuDivqmWv,27-31,younger Gen X,Male,Us,Hawaii,5,3,2,4,2,5,5,2,2,2,2,5,5,5,5,5,5,5,4,4,5,4,3,4,1.0,0.5,0.25,0.75,0.25,1.0,1.0,0.25,0.25,0.25,0.25,1.0,1.0,1.0,1.0,1.0,1.0,1.0,0.75,0.75,1.0,0.75,0.5,0.75
H_0550,R_1eY2bETdIbI8086,22-26,older Gen Z,Male,Philippines,General Santos City,5,5,4,4,5,5,4,4,3,4,1,1,3,3,3,2,1,2,3,4,3,2,3,3,1.0,1.0,0.75,0.75,1.0,1.0,0.75,0.75,0.5,0.75,0.0,0.0,0.5,0.5,0.5,0.25,0.0,0.25,0.5,0.75,0.5,0.25,0.5,0.5
H_0551,R_2QLeL0mXTqRmIEP,22-26,younger Gen Z,Male,Samoa,Apia,4,4,4,3,4,4,4,4,3,5,1,3,4,4,5,3,3,3,4,4,3,4,3,3,0.75,0.75,0.75,0.5,0.75,0.75,0.75,0.75,0.5,1.0,0.0,0.5,0.75,0.75,1.0,0.5,0.5,0.5,0.75,0.75,0.5,0.75,0.5,0.5
H_0552,R_3Kx28lGLSB9VDck,22-26,younger Millennials,Male,new zealand,auckland,4,4,4,4,4,4,4,3,3,2,3,3,3,2,1,2,3,2,3,3,3,3,3,3,0.75,0.75,0.75,0.75,0.75,0.75,0.75,0.5,0.5,0.25,0.5,0.5,0.5,0.25,0.0,0.25,0.5,0.25,0.5,0.5,0.5,0.5,0.5,0.5
H_0553,R_5pPXbpUcys0NMSR,27-31,older Gen Z,Male,Utah,Orem,3,3,3,3,3,3,3,2,3,1,1,2,1,1,2,1,1,1,3,3,3,3,3,3,0.5,0.5,0.5,0.5,0.5,0.5,0.5,0.25,0.5,0.0,0.0,0.25,0.0,0.0,0.25,0.0,0.0,0.0,0.5,0.5,0.5,0.5,0.5,0.5
H_0554,R_vwCQNMMxhREVa6d,22-26,older Gen Z,Male,Tonga,Fo'ui,2,3,3,1,3,4,4,3,4,3,2,1,1,1,4,4,3,1,4,4,3,3,3,4,0.25,0.5,0.5,0.0,0.5,0.75,0.75,0.5,0.75,0.5,0.25,0.0,0.0,0.0,0.75,0.75,0.5,0.0,0.75,0.75,0.5,0.5,0.5,0.75
H_0555,R_1llVAWTF9t12xHt,22-26,older Gen Z,Male,Samoa,Tafuna,5,5,5,5,5,5,5,4,2,2,1,5,2,1,3,1,1,1,2,3,3,4,3,3,1.0,1.0,1.0,1.0,1.0,1.0,1.0,0.75,0.25,0.25,0.0,1.0,0.25,0.0,0.5,0.0,0.0,0.0,0.25,0.5,0.5,0.75,0.5,0.5
H_0556,R_1Cw0ig8VRCkOkWU,22-26,older Millennials,Male,Philippines,Laie,3,3,3,3,3,3,3,3,3,3,3,3,3,3,3,3,3,3,3,3,3,3,3,3,0.5,0.5,0.5,0.5,0.5,0.5,0.5,0.5,0.5,0.5,0.5,0.5,0.5,0.5,0.5,0.5,0.5,0.5,0.5,0.5,0.5,0.5,0.5,0.5
H_0557,R_2dK17J1d9nzd35M,22-26,older Gen X,Male,Philippines,Pasuquin,3,4,4,4,4,4,4,4,4,5,4,4,4,4,4,4,4,4,3,3,3,3,3,3,0.5,0.75,0.75,0.75,0.75,0.75,0.75,0.75,0.75,1.0,0.75,0.75,0.75,0.75,0.75,0.75,0.75,0.75,0.5,0.5,0.5,0.5,0.5,0.5
H_0558,R_1n3C0YBajIIqca4,22-26,younger Millennials,Male,Philippines,"Palawan, Puerto Prinsesa City",3,3,3,4,4,3,3,2,1,1,1,1,2,2,2,1,1,1,3,3,3,3,3,3,0.5,0.5,0.5,0.75,0.75,0.5,0.5,0.25,0.0,0.0,0.0,0.0,0.25,0.25,0.25,0.0,0.0,0.0,0.5,0.5,0.5,0.5,0.5,0.5
H_0559,R_OvYR38mG9qd8GlP,22-26,older Gen Z,Male,Philippines,Valenzuela,2,3,2,2,3,3,3,1,1,1,1,1,1,1,1,1,1,1,3,3,3,3,3,3,0.25,0.5,0.25,0.25,0.5,0.5,0.5,0.0,0.0,0.0,0.0,0.0,0.0,0.0,0.0,0.0,0.0,0.0,0.5,0.5,0.5,0.5,0.5,0.5
H_0560,R_23dd7Tz0nRxFhm6,22-26,older Gen Z,Male,Australia,Melbourne,1,1,1,1,1,1,1,1,1,1,1,1,1,1,1,1,1,1,3,3,3,3,3,2,0.0,0.0,0.0,0.0,0.0,0.0,0.0,0.0,0.0,0.0,0.0,0.0,0.0,0.0,0.0,0.0,0.0,0.0,0.5,0.5,0.5,0.5,0.5,0.25
H_0561,R_eQ0o9CDPtwPovMR,27-31,younger Millennials,Male,Philippines,Allen,4,4,4,4,4,4,5,4,4,4,1,1,3,2,4,2,2,1,3,3,3,4,3,3,0.75,0.75,0.75,0.75,0.75,0.75,1.0,0.75,0.75,0.75,0.0,0.0,0.5,0.25,0.75,0.25,0.25,0.0,0.5,0.5,0.5,0.75,0.5,0.5
H_0562,R_1N8r7p5jdRQHRpf,22-26,older Gen Z,Male,United States,Utah,3,3,3,3,3,3,3,3,3,3,3,3,3,3,3,3,3,3,3,3,3,3,3,3,0.5,0.5,0.5,0.5,0.5,0.5,0.5,0.5,0.5,0.5,0.5,0.5,0.5,0.5,0.5,0.5,0.5,0.5,0.5,0.5,0.5,0.5,0.5,0.5
H_0563,R_1mCrDpxRQxJc0jZ,22-26,older Gen Z,Male,United States,Valencia,3,4,3,1,4,4,3,3,1,3,1,1,3,3,4,2,1,1,3,3,3,5,3,2,0.5,0.75,0.5,0.0,0.75,0.75,0.5,0.5,0.0,0.5,0.0,0.0,0.5,0.5,0.75,0.25,0.0,0.0,0.5,0.5,0.5,1.0,0.5,0.25
H_0564,R_2CHYCMdKeR7zmRM,22-26,older Millennials,Male,Philippines,Davao,3,3,2,3,2,3,3,2,2,2,2,1,1,1,1,2,2,2,3,2,3,3,3,3,0.5,0.5,0.25,0.5,0.25,0.5,0.5,0.25,0.25,0.25,0.25,0.0,0.0,0.0,0.0,0.25,0.25,0.25,0.5,0.25,0.5,0.5,0.5,0.5
H_0565,R_9Ak8fHKfnzgejrX,22-26,older Millennials,Male,New Zealand,Gold COast,4,5,3,3,3,3,5,2,2,4,1,1,5,3,4,3,1,1,3,3,3,3,3,3,0.75,1.0,0.5,0.5,0.5,0.5,1.0,0.25,0.25,0.75,0.0,0.0,1.0,0.5,0.75,0.5,0.0,0.0,0.5,0.5,0.5,0.5,0.5,0.5
H_0566,R_2e89UeRm1912cT5,22-26,younger Gen Z,Male,New Zealand,Auckland,3,3,3,5,5,4,5,3,3,2,2,2,2,2,2,2,2,2,3,3,3,3,3,3,0.5,0.5,0.5,1.0,1.0,0.75,1.0,0.5,0.5,0.25,0.25,0.25,0.25,0.25,0.25,0.25,0.25,0.25,0.5,0.5,0.5,0.5,0.5,0.5
H_0567,R_25Fts30asBviaFz,22-26,older Gen Z,Male,Philippines,Isabela,2,4,3,3,3,3,3,1,1,1,1,1,1,1,1,1,1,1,3,3,3,3,3,3,0.25,0.75,0.5,0.5,0.5,0.5,0.5,0.0,0.0,0.0,0.0,0.0,0.0,0.0,0.0,0.0,0.0,0.0,0.5,0.5,0.5,0.5,0.5,0.5
H_0568,R_3sgnl4VWlJimaf7,18-21,older Gen Z,Male,Korea,Seoul,5,4,4,5,5,5,4,5,5,4,5,5,4,5,5,5,4,4,3,4,3,5,3,4,1.0,0.75,0.75,1.0,1.0,1.0,0.75,1.0,1.0,0.75,1.0,1.0,0.75,1.0,1.0,1.0,0.75,0.75,0.5,0.75,0.5,1.0,0.5,0.75
H_0569,R_2EsgdTilEoVaN7C,22-26,younger Millennials,Male,Taiwan,Taipei,3,3,2,3,3,3,3,3,3,3,3,3,2,2,3,3,2,2,3,2,4,4,3,4,0.5,0.5,0.25,0.5,0.5,0.5,0.5,0.5,0.5,0.5,0.5,0.5,0.25,0.25,0.5,0.5,0.25,0.25,0.5,0.25,0.75,0.75,0.5,0.75
H_0570,R_6S94Dwz9TgGILKx,18-21,younger Gen Z,Male,USA,Oklahoma,5,5,5,5,5,5,4,4,3,4,2,2,3,2,3,4,2,2,5,5,2,4,3,2,1.0,1.0,1.0,1.0,1.0,1.0,0.75,0.75,0.5,0.75,0.25,0.25,0.5,0.25,0.5,0.75,0.25,0.25,1.0,1.0,0.25,0.75,0.5,0.25
H_0571,R_YStWq4Le4JbUrQJ,22-26,older Gen Z,Male,Japan,Kobe,3,4,3,3,4,3,3,3,2,2,3,1,2,3,3,2,2,3,3,3,3,3,3,3,0.5,0.75,0.5,0.5,0.75,0.5,0.5,0.5,0.25,0.25,0.5,0.0,0.25,0.5,0.5,0.25,0.25,0.5,0.5,0.5,0.5,0.5,0.5,0.5
H_0572,R_1gb6hm3WVx2mdW8,18-21,younger Gen Z,Male,United States,Utah,5,5,5,5,5,5,5,4,5,3,2,2,4,4,3,3,4,3,3,2,3,3,3,2,1.0,1.0,1.0,1.0,1.0,1.0,1.0,0.75,1.0,0.5,0.25,0.25,0.75,0.75,0.5,0.5,0.75,0.5,0.5,0.25,0.5,0.5,0.5,0.25
H_0573,R_YWuCMOYzXh1paAV,22-26,older Gen X,Male,India,Delhi,5,5,5,5,5,2,2,2,1,2,1,1,2,2,2,2,2,2,2,2,2,2,3,3,1.0,1.0,1.0,1.0,1.0,0.25,0.25,0.25,0.0,0.25,0.0,0.0,0.25,0.25,0.25,0.25,0.25,0.25,0.25,0.25,0.25,0.25,0.5,0.5
H_0574,R_3QWBBlIVj2laG9Y,22-26,younger Millennials,Male,Philippines,Rizal,5,5,5,5,5,5,4,4,4,3,2,1,4,3,4,4,3,2,3,3,3,3,3,3,1.0,1.0,1.0,1.0,1.0,1.0,0.75,0.75,0.75,0.5,0.25,0.0,0.75,0.5,0.75,0.75,0.5,0.25,0.5,0.5,0.5,0.5,0.5,0.5
H_0575,R_1obzH7HOga7qYor,22-26,younger Millennials,Male,Philippines,"San Pedro City, Laguna",2,4,2,3,2,3,3,4,4,4,1,2,4,4,1,1,1,1,3,3,3,3,3,3,0.25,0.75,0.25,0.5,0.25,0.5,0.5,0.75,0.75,0.75,0.0,0.25,0.75,0.75,0.0,0.0,0.0,0.0,0.5,0.5,0.5,0.5,0.5,0.5
H_0576,R_3fxZOm5t44twFqJ,22-26,older Millennials,Male,Philippines,Southern Leyte,4,4,3,2,5,4,5,4,2,1,1,1,3,2,3,2,3,2,3,4,4,4,3,3,0.75,0.75,0.5,0.25,1.0,0.75,1.0,0.75,0.25,0.0,0.0,0.0,0.5,0.25,0.5,0.25,0.5,0.25,0.5,0.75,0.75,0.75,0.5,0.5
H_0577,R_cZ9xbycx2TGtnlT,43-49,older Gen X,Male,United States,Hawaii,5,5,5,5,5,5,5,5,5,5,1,1,5,4,5,4,1,1,5,5,3,4,3,5,1.0,1.0,1.0,1.0,1.0,1.0,1.0,1.0,1.0,1.0,0.0,0.0,1.0,0.75,1.0,0.75,0.0,0.0,1.0,1.0,0.5,0.75,0.5,1.0
H_0578,R_2WZSTOY1HQgJXEu,22-26,younger Millennials,Male,Philippines,La carlota,3,3,3,3,3,3,4,1,1,1,1,1,1,1,1,1,1,1,3,3,3,3,3,3,0.5,0.5,0.5,0.5,0.5,0.5,0.75,0.0,0.0,0.0,0.0,0.0,0.0,0.0,0.0,0.0,0.0,0.0,0.5,0.5,0.5,0.5,0.5,0.5
H_0579,R_3PZvpvMeZDLPGat,18-21,older Gen Z,Male,Philippines,Surigao City,4,4,4,4,5,5,2,5,4,4,1,2,3,2,1,1,1,1,5,5,5,5,3,3,0.75,0.75,0.75,0.75,1.0,1.0,0.25,1.0,0.75,0.75,0.0,0.25,0.5,0.25,0.0,0.0,0.0,0.0,1.0,1.0,1.0,1.0,0.5,0.5
H_0580,R_7NDdWr7rKMoEEYp,22-26,younger Gen Z,Male,Philippines,Cabatuan,1,3,2,1,3,3,3,2,2,2,2,2,2,2,2,2,2,2,3,3,3,3,3,3,0.0,0.5,0.25,0.0,0.5,0.5,0.5,0.25,0.25,0.25,0.25,0.25,0.25,0.25,0.25,0.25,0.25,0.25,0.5,0.5,0.5,0.5,0.5,0.5
H_0581,R_3qwe0EwlhF4PZ08,43-49,older Gen X,Male,USA,Hawaii,3,3,3,4,3,3,5,4,1,2,1,1,4,4,4,1,1,1,3,3,3,3,3,3,0.5,0.5,0.5,0.75,0.5,0.5,1.0,0.75,0.0,0.25,0.0,0.0,0.75,0.75,0.75,0.0,0.0,0.0,0.5,0.5,0.5,0.5,0.5,0.5
H_0582,R_2WGprmj5NPDmOlR,22-26,older Gen Z,Male,Canada,Calgary,5,5,5,5,5,5,2,4,3,4,2,2,4,3,5,5,3,3,5,5,1,3,3,3,1.0,1.0,1.0,1.0,1.0,1.0,0.25,0.75,0.5,0.75,0.25,0.25,0.75,0.5,1.0,1.0,0.5,0.5,1.0,1.0,0.0,0.5,0.5,0.5
H_0583,R_1ercliYsWC7MEf7,18-21,younger Gen Z,Male,Canada,HI,3,4,4,4,4,4,4,1,1,1,1,1,1,1,1,1,1,1,3,3,3,3,3,3,0.5,0.75,0.75,0.75,0.75,0.75,0.75,0.0,0.0,0.0,0.0,0.0,0.0,0.0,0.0,0.0,0.0,0.0,0.5,0.5,0.5,0.5,0.5,0.5
H_0584,R_CkUFpSJgvd8b6Wl,22-26,younger Gen Z,Male,India,Deli,1,1,1,1,1,1,5,1,1,1,1,1,1,1,1,1,1,1,1,1,1,3,3,5,0.0,0.0,0.0,0.0,0.0,0.0,1.0,0.0,0.0,0.0,0.0,0.0,0.0,0.0,0.0,0.0,0.0,0.0,0.0,0.0,0.0,0.5,0.5,1.0
H_0585,R_1Iy1NxddRK0iQbw,22-26,older Gen X,Male,Fiji,Nadi,3,3,2,3,3,2,4,3,3,1,1,1,4,3,4,1,1,3,3,3,3,3,3,3,0.5,0.5,0.25,0.5,0.5,0.25,0.75,0.5,0.5,0.0,0.0,0.0,0.75,0.5,0.75,0.0,0.0,0.5,0.5,0.5,0.5,0.5,0.5,0.5
H_0586,R_2E6KW7YmjZ3vw2p,22-26,younger Gen Z,Male,India,Hyderabad,4,4,4,3,4,4,4,4,4,4,1,1,4,4,3,1,1,1,3,3,3,3,3,3,0.75,0.75,0.75,0.5,0.75,0.75,0.75,0.75,0.75,0.75,0.0,0.0,0.75,0.75,0.5,0.0,0.0,0.0,0.5,0.5,0.5,0.5,0.5,0.5
H_0587,R_2A1fZQNWtDegmoO,22-26,older Millennials,Male,Philippines,Tagum,4,4,4,4,4,4,4,3,3,3,1,3,2,3,3,3,3,2,2,3,3,3,3,3,0.75,0.75,0.75,0.75,0.75,0.75,0.75,0.5,0.5,0.5,0.0,0.5,0.25,0.5,0.5,0.5,0.5,0.25,0.25,0.5,0.5,0.5,0.5,0.5
H_0588,R_XvlYDUwNbi0E7Qd,18-21,older Gen Z,Male,Mexico,Cedar Park,5,5,5,5,5,5,5,5,5,5,1,2,5,5,5,1,3,1,5,5,2,5,3,3,1.0,1.0,1.0,1.0,1.0,1.0,1.0,1.0,1.0,1.0,0.0,0.25,1.0,1.0,1.0,0.0,0.5,0.0,1.0,1.0,0.25,1.0,0.5,0.5
H_0589,R_2wbEecPCcM1mx2S,22-26,younger Millennials,Male,United States of America,Sacramento California,4,5,4,4,5,5,5,5,4,4,1,4,4,3,4,3,2,1,3,3,3,3,3,3,0.75,1.0,0.75,0.75,1.0,1.0,1.0,1.0,0.75,0.75,0.0,0.75,0.75,0.5,0.75,0.5,0.25,0.0,0.5,0.5,0.5,0.5,0.5,0.5
H_0590,R_BGnrBSMn9J3XgMF,43-49,younger Gen X,Male,USA,"Bountiful, UT",3,4,1,1,3,3,3,1,1,1,1,1,1,1,1,1,1,3,2,2,2,2,3,3,0.5,0.75,0.0,0.0,0.5,0.5,0.5,0.0,0.0,0.0,0.0,0.0,0.0,0.0,0.0,0.0,0.0,0.5,0.25,0.25,0.25,0.25,0.5,0.5
H_0591,R_24ckHIxcQExbI2S,50-58,older Gen X,Male,USA,Montana,1,2,1,1,1,1,2,1,1,1,1,1,1,1,1,1,1,1,3,3,3,3,3,2,0.0,0.25,0.0,0.0,0.0,0.0,0.25,0.0,0.0,0.0,0.0,0.0,0.0,0.0,0.0,0.0,0.0,0.0,0.5,0.5,0.5,0.5,0.5,0.25
H_0592,R_1CqGGAfpjdGGL2j,22-26,younger Millennials,Male,Papua New Guinea,Port Moresby,3,3,3,4,3,3,3,3,3,3,3,3,3,3,3,5,5,5,3,3,3,3,3,3,0.5,0.5,0.5,0.75,0.5,0.5,0.5,0.5,0.5,0.5,0.5,0.5,0.5,0.5,0.5,1.0,1.0,1.0,0.5,0.5,0.5,0.5,0.5,0.5
H_0593,R_8uH4ww7T9wLPvJ7,22-26,older Gen Z,Male,Philippines,Valencia City.,3,3,3,2,3,3,3,5,1,5,1,5,1,1,2,1,1,1,3,4,1,4,3,1,0.5,0.5,0.5,0.25,0.5,0.5,0.5,1.0,0.0,1.0,0.0,1.0,0.0,0.0,0.25,0.0,0.0,0.0,0.5,0.75,0.0,0.75,0.5,0.0
H_0594,R_3gT8Cbh9mWcNFk9,43-49,older Gen X,Male,USA,Virginia,3,4,2,3,4,4,3,2,1,1,1,2,2,1,1,1,1,1,3,3,3,3,3,2,0.5,0.75,0.25,0.5,0.75,0.75,0.5,0.25,0.0,0.0,0.0,0.25,0.25,0.0,0.0,0.0,0.0,0.0,0.5,0.5,0.5,0.5,0.5,0.25
H_0595,R_1OoUZc5JGiUU6sK,18-21,older Gen Z,Male,United States,Leesburg,3,3,2,2,4,3,4,2,2,2,1,1,2,1,1,1,1,1,4,4,3,3,3,2,0.5,0.5,0.25,0.25,0.75,0.5,0.75,0.25,0.25,0.25,0.0,0.0,0.25,0.0,0.0,0.0,0.0,0.0,0.75,0.75,0.5,0.5,0.5,0.25
H_0596,R_2y8b68jIgWl8YId,22-26,older Gen Z,Male,USA,North Carolina,5,5,3,5,5,5,2,1,2,1,1,1,2,1,2,2,1,1,5,5,5,5,3,3,1.0,1.0,0.5,1.0,1.0,1.0,0.25,0.0,0.25,0.0,0.0,0.0,0.25,0.0,0.25,0.25,0.0,0.0,1.0,1.0,1.0,1.0,0.5,0.5
H_0597,R_1IsG4CrIGjPUyLJ,18-21,younger Gen Z,Male,USA,Hawaii,4,4,3,2,3,3,4,5,1,5,1,5,5,1,1,1,1,1,3,3,3,3,3,3,0.75,0.75,0.5,0.25,0.5,0.5,0.75,1.0,0.0,1.0,0.0,1.0,1.0,0.0,0.0,0.0,0.0,0.0,0.5,0.5,0.5,0.5,0.5,0.5
H_0598,R_27xsqASWlc1QQDs,22-26,older Millennials,Male,United States,Martinsburg,1,1,1,1,1,1,1,1,1,1,1,1,1,1,1,1,1,1,3,3,3,3,3,3,0.0,0.0,0.0,0.0,0.0,0.0,0.0,0.0,0.0,0.0,0.0,0.0,0.0,0.0,0.0,0.0,0.0,0.0,0.5,0.5,0.5,0.5,0.5,0.5
H_0599,R_1M0Zhu9uaEbyU5C,18-21,younger Gen Z,Male,Japan,Osaka,5,5,4,4,5,5,4,5,5,5,2,1,4,4,4,2,1,5,2,3,2,1,3,4,1.0,1.0,0.75,0.75,1.0,1.0,0.75,1.0,1.0,1.0,0.25,0.0,0.75,0.75,0.75,0.25,0.0,1.0,0.25,0.5,0.25,0.0,0.5,0.75
H_0600,R_306qYqVo0k0JfHz,27-31,younger Millennials,Male,United States,Colorado,5,5,5,5,5,5,5,4,4,4,1,1,2,2,3,2,1,2,3,3,3,3,3,3,1.0,1.0,1.0,1.0,1.0,1.0,1.0,0.75,0.75,0.75,0.0,0.0,0.25,0.25,0.5,0.25,0.0,0.25,0.5,0.5,0.5,0.5,0.5,0.5
H_0601,R_1melmJOGzCRTsqh,22-26,younger Gen Z,Male,Fiji,Suva,3,3,3,3,2,4,4,1,1,1,1,1,1,1,1,1,1,1,3,3,3,3,3,3,0.5,0.5,0.5,0.5,0.25,0.75,0.75,0.0,0.0,0.0,0.0,0.0,0.0,0.0,0.0,0.0,0.0,0.0,0.5,0.5,0.5,0.5,0.5,0.5
H_0602,R_3m1YuRZAaWiuinH,18-21,younger Gen Z,Male,USA,Texas,4,4,3,3,4,4,3,4,4,4,1,4,4,1,4,1,4,1,3,3,3,2,3,3,0.75,0.75,0.5,0.5,0.75,0.75,0.5,0.75,0.75,0.75,0.0,0.75,0.75,0.0,0.75,0.0,0.75,0.0,0.5,0.5,0.5,0.25,0.5,0.5
H_0603,R_2P5AnuYXQ0QUhrH,18-21,older Gen Z,Male,USA,Utah,3,4,2,3,4,4,2,1,1,1,1,1,1,1,1,2,1,1,2,2,3,3,3,4,0.5,0.75,0.25,0.5,0.75,0.75,0.25,0.0,0.0,0.0,0.0,0.0,0.0,0.0,0.0,0.25,0.0,0.0,0.25,0.25,0.5,0.5,0.5,0.75
H_0604,R_12u6aemk64JlwL8,22-26,older Gen Z,Male,Philippines,Marikina,4,4,4,3,4,4,3,2,3,1,1,1,1,1,2,1,1,1,3,4,4,3,3,3,0.75,0.75,0.75,0.5,0.75,0.75,0.5,0.25,0.5,0.0,0.0,0.0,0.0,0.0,0.25,0.0,0.0,0.0,0.5,0.75,0.75,0.5,0.5,0.5
H_0605,R_129Ef1NiuGVqJNS,22-26,younger Gen Z,Male,United States,Utah,3,4,3,3,4,4,4,3,2,3,1,1,2,1,1,2,3,2,5,5,4,4,3,2,0.5,0.75,0.5,0.5,0.75,0.75,0.75,0.5,0.25,0.5,0.0,0.0,0.25,0.0,0.0,0.25,0.5,0.25,1.0,1.0,0.75,0.75,0.5,0.25
H_0606,R_3KN4sgnLRsDMKDY,22-26,older Gen Z,Male,America,Texas,4,3,5,4,3,4,4,4,3,4,3,1,2,4,1,5,5,2,3,2,3,4,3,4,0.75,0.5,1.0,0.75,0.5,0.75,0.75,0.75,0.5,0.75,0.5,0.0,0.25,0.75,0.0,1.0,1.0,0.25,0.5,0.25,0.5,0.75,0.5,0.75
H_0607,R_3QRhYHUKJYhtF6q,27-31,Silent Generation,Male,Kiribati,Tarawa,4,3,4,3,4,4,5,2,2,3,2,2,1,2,2,1,3,2,3,3,3,3,3,3,0.75,0.5,0.75,0.5,0.75,0.75,1.0,0.25,0.25,0.5,0.25,0.25,0.0,0.25,0.25,0.0,0.5,0.25,0.5,0.5,0.5,0.5,0.5,0.5
H_0608,R_21h3uW2YgmaSZGl,27-31,younger Millennials,Male,Philippines,DAGUPAN,4,4,3,2,1,1,4,1,1,1,1,1,1,1,1,1,1,1,4,3,3,4,3,4,0.75,0.75,0.5,0.25,0.0,0.0,0.75,0.0,0.0,0.0,0.0,0.0,0.0,0.0,0.0,0.0,0.0,0.0,0.75,0.5,0.5,0.75,0.5,0.75
H_0609,R_x2ZmfcNWUiMoe1b,22-26,younger Millennials,Male,Tonga,Hateo,3,3,3,3,3,3,3,3,3,3,3,3,3,3,3,3,3,3,3,3,3,3,3,3,0.5,0.5,0.5,0.5,0.5,0.5,0.5,0.5,0.5,0.5,0.5,0.5,0.5,0.5,0.5,0.5,0.5,0.5,0.5,0.5,0.5,0.5,0.5,0.5
H_0610,R_25ZA8s0sEPrRXsO,32-36,older Millennials,Male,United States of America,Colorado,1,1,1,1,1,1,3,3,3,3,3,3,3,3,3,3,3,3,3,3,3,3,3,3,0.0,0.0,0.0,0.0,0.0,0.0,0.5,0.5,0.5,0.5,0.5,0.5,0.5,0.5,0.5,0.5,0.5,0.5,0.5,0.5,0.5,0.5,0.5,0.5
H_0611,R_b44annZhsNwobbb,22-26,younger Gen Z,Male,Kiribati,Tarawa,3,4,3,3,4,3,4,2,3,2,1,1,3,2,3,1,1,1,3,3,3,3,3,3,0.5,0.75,0.5,0.5,0.75,0.5,0.75,0.25,0.5,0.25,0.0,0.0,0.5,0.25,0.5,0.0,0.0,0.0,0.5,0.5,0.5,0.5,0.5,0.5
H_0612,R_0CiA127erGwEKeB,27-31,younger Millennials,Male,Malaysia,Subang Jaya,3,4,2,3,3,4,4,1,1,2,1,1,2,2,2,2,2,2,3,3,3,3,3,3,0.5,0.75,0.25,0.5,0.5,0.75,0.75,0.0,0.0,0.25,0.0,0.0,0.25,0.25,0.25,0.25,0.25,0.25,0.5,0.5,0.5,0.5,0.5,0.5
H_0613,R_BuhhGajBCgNKqHf,22-26,younger Millennials,Male,Philippines,Baguio City,4,5,3,3,4,4,5,5,3,3,1,1,4,3,3,3,1,1,4,3,3,3,3,3,0.75,1.0,0.5,0.5,0.75,0.75,1.0,1.0,0.5,0.5,0.0,0.0,0.75,0.5,0.5,0.5,0.0,0.0,0.75,0.5,0.5,0.5,0.5,0.5
H_0614,R_cSAfgHk7RXDP09r,22-26,older Gen Z,Male,United states,Hawaii,4,4,3,2,4,4,3,4,5,4,1,1,1,1,2,1,4,1,4,4,2,4,3,2,0.75,0.75,0.5,0.25,0.75,0.75,0.5,0.75,1.0,0.75,0.0,0.0,0.0,0.0,0.25,0.0,0.75,0.0,0.75,0.75,0.25,0.75,0.5,0.25
H_0615,R_3lMR9dmEBhom3Ln,27-31,younger Millennials,Male,United States,Idaho,4,3,2,3,4,4,3,1,1,1,1,1,1,1,1,1,1,1,4,4,3,3,3,2,0.75,0.5,0.25,0.5,0.75,0.75,0.5,0.0,0.0,0.0,0.0,0.0,0.0,0.0,0.0,0.0,0.0,0.0,0.75,0.75,0.5,0.5,0.5,0.25
H_0616,R_1pZ4sUQarhtWHvH,27-31,younger Millennials,Male,Philippines,Pangasinan,4,5,4,4,5,5,4,4,3,3,1,1,1,2,3,1,1,1,3,4,4,3,3,5,0.75,1.0,0.75,0.75,1.0,1.0,0.75,0.75,0.5,0.5,0.0,0.0,0.0,0.25,0.5,0.0,0.0,0.0,0.5,0.75,0.75,0.5,0.5,1.0
H_0617,R_1P0lggv5odLkuU3,50-58,younger Gen X,Male,USA,"Bluffdale, Utah",5,5,3,4,5,5,5,1,1,1,1,1,1,1,1,1,1,1,3,3,3,3,3,3,1.0,1.0,0.5,0.75,1.0,1.0,1.0,0.0,0.0,0.0,0.0,0.0,0.0,0.0,0.0,0.0,0.0,0.0,0.5,0.5,0.5,0.5,0.5,0.5
H_0618,R_248WtS5GVTRAJjj,27-31,older Millennials,Male,Philippines,Pangasinan,3,3,3,3,3,3,3,3,3,3,3,3,3,3,3,3,3,3,4,3,3,3,3,3,0.5,0.5,0.5,0.5,0.5,0.5,0.5,0.5,0.5,0.5,0.5,0.5,0.5,0.5,0.5,0.5,0.5,0.5,0.75,0.5,0.5,0.5,0.5,0.5
H_0619,R_2BgNRXfauy73Jc7,22-26,older Gen Z,Male,Taiwan,Taichung City,5,5,5,5,5,5,2,4,4,4,1,1,3,3,2,2,1,1,3,3,3,3,3,3,1.0,1.0,1.0,1.0,1.0,1.0,0.25,0.75,0.75,0.75,0.0,0.0,0.5,0.5,0.25,0.25,0.0,0.0,0.5,0.5,0.5,0.5,0.5,0.5
H_0620,R_2X08EaB1Pqi4kLC,22-26,older Millennials,Male,Philippines,Santiago City,5,5,4,5,5,5,5,2,2,1,1,1,1,1,1,1,1,1,2,2,3,3,3,2,1.0,1.0,0.75,1.0,1.0,1.0,1.0,0.25,0.25,0.0,0.0,0.0,0.0,0.0,0.0,0.0,0.0,0.0,0.25,0.25,0.5,0.5,0.5,0.25
H_0621,R_1g6ptWo7yFM2WEC,18-21,older Gen Z,Male,China,Shanghai,3,3,1,2,4,4,2,2,1,1,1,1,2,1,2,1,1,1,3,3,3,3,3,3,0.5,0.5,0.0,0.25,0.75,0.75,0.25,0.25,0.0,0.0,0.0,0.0,0.25,0.0,0.25,0.0,0.0,0.0,0.5,0.5,0.5,0.5,0.5,0.5
H_0622,R_22xnBbSY9lsgIWQ,22-26,older Gen Z,Male,Tahiti,French Polynesia,3,2,3,1,3,4,1,2,1,1,1,1,1,1,1,1,1,1,4,3,3,4,3,1,0.5,0.25,0.5,0.0,0.5,0.75,0.0,0.25,0.0,0.0,0.0,0.0,0.0,0.0,0.0,0.0,0.0,0.0,0.75,0.5,0.5,0.75,0.5,0.0
H_0623,R_116NVrhOB0gOUuS,22-26,older Gen Z,Male,Kiribati,Tarawa,5,5,4,5,4,4,4,5,2,4,4,4,5,3,3,4,3,1,2,5,1,2,3,4,1.0,1.0,0.75,1.0,0.75,0.75,0.75,1.0,0.25,0.75,0.75,0.75,1.0,0.5,0.5,0.75,0.5,0.0,0.25,1.0,0.0,0.25,0.5,0.75
H_0624,R_2P1mayJqdF3mzSR,27-31,older Gen Z,Male,India,Chennai,2,3,2,1,4,4,4,4,4,3,1,1,2,2,3,4,2,1,2,4,2,2,3,3,0.25,0.5,0.25,0.0,0.75,0.75,0.75,0.75,0.75,0.5,0.0,0.0,0.25,0.25,0.5,0.75,0.25,0.0,0.25,0.75,0.25,0.25,0.5,0.5
H_0625,R_3NNSCBSc7tRGr2a,22-26,younger Gen Z,Male,Weisheng,Kuala Lumpur,2,3,2,2,3,3,2,3,4,4,2,3,3,2,3,3,4,3,3,3,2,2,3,4,0.25,0.5,0.25,0.25,0.5,0.5,0.25,0.5,0.75,0.75,0.25,0.5,0.5,0.25,0.5,0.5,0.75,0.5,0.5,0.5,0.25,0.25,0.5,0.75
H_0626,R_2cCRNu9V4DYhPdU,22-26,older Baby Boomer,Male,Kiribati,Tarawa,3,3,3,2,4,4,4,5,4,5,1,1,5,4,5,1,1,1,4,3,3,3,3,3,0.5,0.5,0.5,0.25,0.75,0.75,0.75,1.0,0.75,1.0,0.0,0.0,1.0,0.75,1.0,0.0,0.0,0.0,0.75,0.5,0.5,0.5,0.5,0.5
H_0627,R_3PAl2kVBxItUWWg,50-58,older Gen X,Male,USA,Hawaii,4,5,4,3,4,4,1,2,1,1,5,1,1,1,2,4,2,2,3,3,2,3,3,3,0.75,1.0,0.75,0.5,0.75,0.75,0.0,0.25,0.0,0.0,1.0,0.0,0.0,0.0,0.25,0.75,0.25,0.25,0.5,0.5,0.25,0.5,0.5,0.5
H_0628,R_3DtZVohKKhbiTdk,22-26,older Gen Z,Male,Indonesia,Bogor,3,3,3,3,3,3,3,2,2,2,2,2,2,2,2,2,2,2,3,3,2,2,3,3,0.5,0.5,0.5,0.5,0.5,0.5,0.5,0.25,0.25,0.25,0.25,0.25,0.25,0.25,0.25,0.25,0.25,0.25,0.5,0.5,0.25,0.25,0.5,0.5
H_0629,R_2VO35vn7Tszfl5o,22-26,older Gen Z,Male,USA,California/Hawaii,4,5,5,4,4,4,5,5,5,5,1,1,5,4,5,2,1,1,3,3,3,3,3,3,0.75,1.0,1.0,0.75,0.75,0.75,1.0,1.0,1.0,1.0,0.0,0.0,1.0,0.75,1.0,0.25,0.0,0.0,0.5,0.5,0.5,0.5,0.5,0.5
H_0630,R_1Kjwz8vdXw0IGgu,27-31,younger Millennials,Male,USA,Hawaii,1,1,1,1,1,1,1,1,1,1,1,1,1,1,1,1,1,1,3,3,3,3,3,3,0.0,0.0,0.0,0.0,0.0,0.0,0.0,0.0,0.0,0.0,0.0,0.0,0.0,0.0,0.0,0.0,0.0,0.0,0.5,0.5,0.5,0.5,0.5,0.5
H_0631,R_AdmNw4MqvAgyNPP,27-31,younger Millennials,Male,United States,Maryland,4,4,3,4,4,4,1,1,1,1,1,1,1,1,1,1,1,1,3,3,3,3,3,1,0.75,0.75,0.5,0.75,0.75,0.75,0.0,0.0,0.0,0.0,0.0,0.0,0.0,0.0,0.0,0.0,0.0,0.0,0.5,0.5,0.5,0.5,0.5,0.0
H_0632,R_1IKqBZXbpzxOCkJ,22-26,older Gen Z,Male,United States,Hawaii,5,5,5,5,5,5,4,5,4,1,1,3,4,1,5,1,3,3,5,4,4,5,3,2,1.0,1.0,1.0,1.0,1.0,1.0,0.75,1.0,0.75,0.0,0.0,0.5,0.75,0.0,1.0,0.0,0.5,0.5,1.0,0.75,0.75,1.0,0.5,0.25
H_0633,R_3qxTqlVGKYfkKdT,27-31,younger Millennials,Male,Philippines,"Naga City, Camarines Sur",4,4,4,3,4,4,5,4,3,2,1,1,3,1,4,1,1,1,3,2,3,3,3,1,0.75,0.75,0.75,0.5,0.75,0.75,1.0,0.75,0.5,0.25,0.0,0.0,0.5,0.0,0.75,0.0,0.0,0.0,0.5,0.25,0.5,0.5,0.5,0.0
H_0634,R_2YyXoJcNnz9Rlny,22-26,older Gen Z,Male,usa,North Carolina,3,3,3,3,3,3,3,1,1,1,1,1,1,1,1,1,1,1,3,5,3,3,3,3,0.5,0.5,0.5,0.5,0.5,0.5,0.5,0.0,0.0,0.0,0.0,0.0,0.0,0.0,0.0,0.0,0.0,0.0,0.5,1.0,0.5,0.5,0.5,0.5
H_0635,R_2EdgOcnH0BhmYar,22-26,older Gen Z,Male,USA,San Francisco,3,3,3,2,3,3,3,2,1,1,1,1,2,2,2,2,1,2,3,2,3,2,3,2,0.5,0.5,0.5,0.25,0.5,0.5,0.5,0.25,0.0,0.0,0.0,0.0,0.25,0.25,0.25,0.25,0.0,0.25,0.5,0.25,0.5,0.25,0.5,0.25
H_0636,R_2R4W9r6TMoXrGbK,22-26,younger Gen Z,Male,U.S,California,2,3,2,3,3,3,3,3,3,2,1,1,3,4,4,1,1,1,3,3,2,3,3,2,0.25,0.5,0.25,0.5,0.5,0.5,0.5,0.5,0.5,0.25,0.0,0.0,0.5,0.75,0.75,0.0,0.0,0.0,0.5,0.5,0.25,0.5,0.5,0.25
H_0637,R_3gZqe96kRqxDWYk,43-49,younger Gen X,Male,United States,Sacramento,4,4,5,5,4,4,4,4,4,4,4,4,3,4,4,4,4,4,3,3,3,3,3,3,0.75,0.75,1.0,1.0,0.75,0.75,0.75,0.75,0.75,0.75,0.75,0.75,0.5,0.75,0.75,0.75,0.75,0.75,0.5,0.5,0.5,0.5,0.5,0.5
H_0638,R_3GfRDjjSehnTiOX,27-31,older Millennials,Male,Japan,Okinawa,4,4,2,2,5,4,3,4,2,4,2,2,3,3,4,2,2,4,4,3,4,4,3,3,0.75,0.75,0.25,0.25,1.0,0.75,0.5,0.75,0.25,0.75,0.25,0.25,0.5,0.5,0.75,0.25,0.25,0.75,0.75,0.5,0.75,0.75,0.5,0.5
H_0639,R_yCTqFwQeXOSmhcB,22-26,younger Millennials,Male,USA,oceanside,3,3,3,4,4,4,4,1,4,3,2,1,3,2,4,3,1,4,4,4,4,4,3,3,0.5,0.5,0.5,0.75,0.75,0.75,0.75,0.0,0.75,0.5,0.25,0.0,0.5,0.25,0.75,0.5,0.0,0.75,0.75,0.75,0.75,0.75,0.5,0.5
H_0640,R_25AfnYcVx8QUWAy,22-26,older Gen Z,Male,USA,"Las Vegas, NV",4,4,4,3,5,4,3,3,2,4,3,2,2,1,3,1,1,1,2,2,3,4,3,2,0.75,0.75,0.75,0.5,1.0,0.75,0.5,0.5,0.25,0.75,0.5,0.25,0.25,0.0,0.5,0.0,0.0,0.0,0.25,0.25,0.5,0.75,0.5,0.25
H_0641,R_AFktj9jovOiol9v,22-26,older Gen Z,Male,Samoa,Apia Samoa,3,1,3,3,1,1,1,2,1,1,1,3,4,3,4,3,4,4,4,3,3,3,3,3,0.5,0.0,0.5,0.5,0.0,0.0,0.0,0.25,0.0,0.0,0.0,0.5,0.75,0.5,0.75,0.5,0.75,0.75,0.75,0.5,0.5,0.5,0.5,0.5
H_0642,R_3qa0bwZze07owBu,27-31,younger Gen X,Male,Korea,Suwon,4,2,2,3,2,2,4,2,2,3,3,4,3,3,3,3,3,2,1,2,1,3,3,2,0.75,0.25,0.25,0.5,0.25,0.25,0.75,0.25,0.25,0.5,0.5,0.75,0.5,0.5,0.5,0.5,0.5,0.25,0.0,0.25,0.0,0.5,0.5,0.25
H_0643,R_3Ic9un9yJHaXUUr,27-31,younger Baby Boomers,Male,Philippines,Taguig,3,3,3,3,3,3,3,3,3,3,3,3,3,3,3,3,3,3,3,3,3,3,3,3,0.5,0.5,0.5,0.5,0.5,0.5,0.5,0.5,0.5,0.5,0.5,0.5,0.5,0.5,0.5,0.5,0.5,0.5,0.5,0.5,0.5,0.5,0.5,0.5
H_0644,R_2P7nqfsMDW1Rl1R,32-36,older Gen Z,Male,Phiilippines,Mapandan,5,5,5,5,5,5,5,4,3,4,1,1,3,3,3,1,4,1,3,3,3,3,3,3,1.0,1.0,1.0,1.0,1.0,1.0,1.0,0.75,0.5,0.75,0.0,0.0,0.5,0.5,0.5,0.0,0.75,0.0,0.5,0.5,0.5,0.5,0.5,0.5
H_0645,R_2WI5a1lPZPf2Kah,22-26,younger Gen Z,Male,Philippines,Dagupan City,1,2,1,1,1,1,1,1,1,1,1,1,1,1,1,1,1,1,3,3,3,3,3,2,0.0,0.25,0.0,0.0,0.0,0.0,0.0,0.0,0.0,0.0,0.0,0.0,0.0,0.0,0.0,0.0,0.0,0.0,0.5,0.5,0.5,0.5,0.5,0.25
H_0646,R_1mJCJkPV1CdDY2v,27-31,older Gen X,Male,Fiji,Suva,4,4,4,4,5,4,5,2,2,2,2,2,2,2,2,2,2,2,3,3,3,3,3,3,0.75,0.75,0.75,0.75,1.0,0.75,1.0,0.25,0.25,0.25,0.25,0.25,0.25,0.25,0.25,0.25,0.25,0.25,0.5,0.5,0.5,0.5,0.5,0.5
H_0647,R_2VywwbWnisN5gK8,43-49,younger Gen X,Male,Canada,Pincher Creek,2,2,2,3,2,3,3,2,3,3,2,3,3,2,3,2,3,3,2,2,3,2,3,3,0.25,0.25,0.25,0.5,0.25,0.5,0.5,0.25,0.5,0.5,0.25,0.5,0.5,0.25,0.5,0.25,0.5,0.5,0.25,0.25,0.5,0.25,0.5,0.5
H_0648,R_WdINS2eXwAWkPId,59-64,younger Baby Boomers,Male,Canada,Calgary,1,2,2,1,2,1,2,1,1,1,2,2,1,2,2,1,1,2,2,1,2,1,3,2,0.0,0.25,0.25,0.0,0.25,0.0,0.25,0.0,0.0,0.0,0.25,0.25,0.0,0.25,0.25,0.0,0.0,0.25,0.25,0.0,0.25,0.0,0.5,0.25
H_0649,R_1DMBjHVPWBL6YDg,22-26,older Gen Z,Male,United States,Provo Utah,4,4,3,4,4,4,3,3,1,2,3,3,1,1,2,3,1,2,2,2,2,3,3,2,0.75,0.75,0.5,0.75,0.75,0.75,0.5,0.5,0.0,0.25,0.5,0.5,0.0,0.0,0.25,0.5,0.0,0.25,0.25,0.25,0.25,0.5,0.5,0.25
H_0650,R_3hgXKNXbTUHg3Zv,18-21,younger Gen Z,Male,United States,Pleasant Grove,4,4,3,4,5,4,5,4,4,2,2,1,1,4,2,2,3,1,3,3,3,3,3,3,0.75,0.75,0.5,0.75,1.0,0.75,1.0,0.75,0.75,0.25,0.25,0.0,0.0,0.75,0.25,0.25,0.5,0.0,0.5,0.5,0.5,0.5,0.5,0.5
H_0651,R_3qkXsKDKUpngjkq,22-26,younger Millennials,Male,USA,Spokane,4,4,4,4,2,3,4,1,1,1,1,2,2,1,1,2,3,2,4,2,1,1,3,3,0.75,0.75,0.75,0.75,0.25,0.5,0.75,0.0,0.0,0.0,0.0,0.25,0.25,0.0,0.0,0.25,0.5,0.25,0.75,0.25,0.0,0.0,0.5,0.5
H_0652,R_3MDrZ4ZggyrAVua,22-26,older Gen Z,Male,Canada,Alberta,3,3,3,4,4,4,2,2,1,1,2,1,1,2,1,2,1,1,5,5,3,3,3,3,0.5,0.5,0.5,0.75,0.75,0.75,0.25,0.25,0.0,0.0,0.25,0.0,0.0,0.25,0.0,0.25,0.0,0.0,1.0,1.0,0.5,0.5,0.5,0.5
H_0653,R_1ie3hJPYlYvMudD,22-26,younger Millennials,Male,USA,Montana,4,5,2,2,4,4,4,5,4,1,4,1,3,4,2,4,2,2,3,3,3,3,3,2,0.75,1.0,0.25,0.25,0.75,0.75,0.75,1.0,0.75,0.0,0.75,0.0,0.5,0.75,0.25,0.75,0.25,0.25,0.5,0.5,0.5,0.5,0.5,0.25
H_0654,R_2QrGYkU55hYLHsG,59-64,younger Baby Boomers,Male,USA,Utah,1,4,1,2,2,2,3,1,1,1,1,1,1,1,1,1,1,3,3,1,2,2,3,4,0.0,0.75,0.0,0.25,0.25,0.25,0.5,0.0,0.0,0.0,0.0,0.0,0.0,0.0,0.0,0.0,0.0,0.5,0.5,0.0,0.25,0.25,0.5,0.75
H_0655,R_1mWS1QR5kccOIF2,37-42,older Millennials,Male,United States,Providence,5,5,5,5,5,5,3,4,1,4,1,1,1,1,4,2,4,1,4,4,4,4,3,2,1.0,1.0,1.0,1.0,1.0,1.0,0.5,0.75,0.0,0.75,0.0,0.0,0.0,0.0,0.75,0.25,0.75,0.0,0.75,0.75,0.75,0.75,0.5,0.25
H_0656,R_1eRGhMNyTX3nucJ,22-26,older Gen Z,Male,United States,"Tooele, UT",2,4,2,3,1,3,3,1,1,1,1,1,1,1,1,1,1,1,3,4,3,4,3,3,0.25,0.75,0.25,0.5,0.0,0.5,0.5,0.0,0.0,0.0,0.0,0.0,0.0,0.0,0.0,0.0,0.0,0.0,0.5,0.75,0.5,0.75,0.5,0.5
H_0657,R_1mXfsmZz4PxzPoc,22-26,younger Millennials,Male,USA,Arizona,4,4,4,3,4,5,3,4,1,1,3,1,1,4,1,4,2,1,3,3,3,4,3,3,0.75,0.75,0.75,0.5,0.75,1.0,0.5,0.75,0.0,0.0,0.5,0.0,0.0,0.75,0.0,0.75,0.25,0.0,0.5,0.5,0.5,0.75,0.5,0.5
H_0658,R_1FlHeD7FbWweYgC,18-21,older Gen Z,Male,United States of America,"Draper, Utah",1,4,1,2,2,3,3,1,1,1,1,1,1,1,1,1,1,1,3,3,3,3,3,3,0.0,0.75,0.0,0.25,0.25,0.5,0.5,0.0,0.0,0.0,0.0,0.0,0.0,0.0,0.0,0.0,0.0,0.0,0.5,0.5,0.5,0.5,0.5,0.5
H_0659,R_3OfB1vPMjl9ts23,22-26,older Gen Z,Male,usa,boise,2,2,2,1,3,2,2,1,1,1,1,1,1,1,1,1,1,1,3,3,3,3,3,2,0.25,0.25,0.25,0.0,0.5,0.25,0.25,0.0,0.0,0.0,0.0,0.0,0.0,0.0,0.0,0.0,0.0,0.0,0.5,0.5,0.5,0.5,0.5,0.25
H_0660,R_1ibwd4LxCKADzfo,27-31,younger Millennials,Male,United States,"Morgantown, WV",2,2,1,1,1,2,1,1,1,1,1,1,1,1,1,1,1,1,2,2,1,2,3,3,0.25,0.25,0.0,0.0,0.0,0.25,0.0,0.0,0.0,0.0,0.0,0.0,0.0,0.0,0.0,0.0,0.0,0.0,0.25,0.25,0.0,0.25,0.5,0.5
H_0661,R_2V2yrM47mkwJVlO,27-31,older Millennials,Male,United States,Davenport,3,4,2,3,3,2,3,1,1,1,1,1,1,1,1,1,1,1,5,5,3,1,3,1,0.5,0.75,0.25,0.5,0.5,0.25,0.5,0.0,0.0,0.0,0.0,0.0,0.0,0.0,0.0,0.0,0.0,0.0,1.0,1.0,0.5,0.0,0.5,0.0
H_0662,R_324oGgSu89qg3tp,66-70,older Baby Boomer,Male,USA,Utah,1,3,1,3,1,3,3,1,1,1,1,1,1,1,1,1,1,1,3,3,3,3,3,3,0.0,0.5,0.0,0.5,0.0,0.5,0.5,0.0,0.0,0.0,0.0,0.0,0.0,0.0,0.0,0.0,0.0,0.0,0.5,0.5,0.5,0.5,0.5,0.5
H_0663,R_3PFUPM8Nv3U01VG,22-26,older Gen Z,Male,USA,Sandy,5,5,5,5,5,4,4,4,4,1,4,2,2,1,4,4,5,1,3,4,3,3,3,3,1.0,1.0,1.0,1.0,1.0,0.75,0.75,0.75,0.75,0.0,0.75,0.25,0.25,0.0,0.75,0.75,1.0,0.0,0.5,0.75,0.5,0.5,0.5,0.5
H_0673,R_2ROZjmkxHwX5yAY,43-49,older Millennials,Female,Japan,Tokyo,2,2,2,1,1,1,3,1,1,1,1,1,1,1,2,1,2,2,2,2,2,2,2,3,0.25,0.25,0.25,0.0,0.0,0.0,0.5,0.0,0.0,0.0,0.0,0.0,0.0,0.0,0.25,0.0,0.25,0.25,0.25,0.25,0.25,0.25,0.25,0.5
H_0674,R_31z2mtF3mDTyTlZ,22-26,older Gen Z,Female,United States,California,4,5,4,2,5,5,4,4,1,2,1,1,2,3,4,1,1,1,2,2,3,3,2,1,0.75,1.0,0.75,0.25,1.0,1.0,0.75,0.75,0.0,0.25,0.0,0.0,0.25,0.5,0.75,0.0,0.0,0.0,0.25,0.25,0.5,0.5,0.25,0.0
H_0675,R_rfNHxzdh5ekGKo9,18-21,older Gen Z,Female,United States,Washington,1,1,1,1,1,1,1,1,1,1,1,1,1,1,1,1,1,1,1,1,1,1,2,1,0.0,0.0,0.0,0.0,0.0,0.0,0.0,0.0,0.0,0.0,0.0,0.0,0.0,0.0,0.0,0.0,0.0,0.0,0.0,0.0,0.0,0.0,0.25,0.0
H_0676,R_3HYOj2mt1RNQKCq,22-26,older Gen Z,Female,Philippines,Cebu City,3,4,3,2,3,4,4,4,3,3,1,1,3,1,1,1,1,1,2,2,1,3,2,1,0.5,0.75,0.5,0.25,0.5,0.75,0.75,0.75,0.5,0.5,0.0,0.0,0.5,0.0,0.0,0.0,0.0,0.0,0.25,0.25,0.0,0.5,0.25,0.0
H_0677,R_2qE6A9mDiE9IGSK,22-26,older Millennials,Female,Philippines,Malaybalay,3,5,2,1,3,3,3,3,3,4,2,3,3,4,3,3,3,3,3,2,2,2,2,3,0.5,1.0,0.25,0.0,0.5,0.5,0.5,0.5,0.5,0.75,0.25,0.5,0.5,0.75,0.5,0.5,0.5,0.5,0.5,0.25,0.25,0.25,0.25,0.5
H_0678,R_Z9LiFDGNkVqBGBb,32-36,older Millennials,Female,Indonesia,Central Java,2,1,1,1,1,3,1,1,1,1,1,1,1,1,1,1,1,1,1,2,2,2,2,1,0.25,0.0,0.0,0.0,0.0,0.5,0.0,0.0,0.0,0.0,0.0,0.0,0.0,0.0,0.0,0.0,0.0,0.0,0.0,0.25,0.25,0.25,0.25,0.0
H_0679,R_1exuNpRKQXxctiY,22-26,older Gen Z,Female,Indonesia,Yogyakarta,5,5,4,3,4,4,5,4,4,3,1,4,1,2,3,3,3,1,2,2,2,2,2,2,1.0,1.0,0.75,0.5,0.75,0.75,1.0,0.75,0.75,0.5,0.0,0.75,0.0,0.25,0.5,0.5,0.5,0.0,0.25,0.25,0.25,0.25,0.25,0.25
H_0680,R_3lYqfMtooxJh0P4,18-21,older Gen Z,Female,USA,"Sandy, Utah",3,3,3,3,3,3,3,3,3,3,3,3,3,3,3,3,3,3,2,2,2,2,2,2,0.5,0.5,0.5,0.5,0.5,0.5,0.5,0.5,0.5,0.5,0.5,0.5,0.5,0.5,0.5,0.5,0.5,0.5,0.25,0.25,0.25,0.25,0.25,0.25
H_0681,R_3GfTbnBQbZSWE0l,22-26,older Gen Z,Female,Japan,Okinawa,3,4,3,3,4,3,3,3,3,2,3,3,2,3,3,3,3,3,3,5,3,3,2,3,0.5,0.75,0.5,0.5,0.75,0.5,0.5,0.5,0.5,0.25,0.5,0.5,0.25,0.5,0.5,0.5,0.5,0.5,0.5,1.0,0.5,0.5,0.25,0.5
H_0682,R_2ay7OaqXSyzWe3F,22-26,younger Gen Z,Female,Tonga,Nuku’alofa,4,5,5,5,5,4,4,2,3,2,3,1,4,4,5,3,3,3,2,2,2,2,2,1,0.75,1.0,1.0,1.0,1.0,0.75,0.75,0.25,0.5,0.25,0.5,0.0,0.75,0.75,1.0,0.5,0.5,0.5,0.25,0.25,0.25,0.25,0.25,0.0
H_0683,R_1illd2Tsvl9D0cd,22-26,younger Gen Z,Female,Kiribati,Tarawa,1,1,1,1,1,1,1,1,1,1,1,1,1,1,1,1,1,1,2,2,2,2,2,2,0.0,0.0,0.0,0.0,0.0,0.0,0.0,0.0,0.0,0.0,0.0,0.0,0.0,0.0,0.0,0.0,0.0,0.0,0.25,0.25,0.25,0.25,0.25,0.25
H_0684,R_3dFi6e21Ja6PgpW,22-26,younger Gen Z,Female,Philippines,Hawaii,4,4,3,2,5,5,5,2,3,2,1,1,4,1,4,2,4,1,3,2,2,2,2,4,0.75,0.75,0.5,0.25,1.0,1.0,1.0,0.25,0.5,0.25,0.0,0.0,0.75,0.0,0.75,0.25,0.75,0.0,0.5,0.25,0.25,0.25,0.25,0.75
H_0685,R_3qyyoLoPnxTIwQB,22-26,older Gen Z,Female,Japan,Toyama,1,1,1,1,1,1,4,1,1,1,1,1,1,1,1,1,1,1,2,2,2,2,2,1,0.0,0.0,0.0,0.0,0.0,0.0,0.75,0.0,0.0,0.0,0.0,0.0,0.0,0.0,0.0,0.0,0.0,0.0,0.25,0.25,0.25,0.25,0.25,0.0
H_0686,R_2AFqvwlzQLUJRu8,22-26,older Gen Z,Female,USA,Utah,4,5,3,3,5,5,4,1,1,2,1,1,1,1,3,1,1,1,3,2,2,3,2,3,0.75,1.0,0.5,0.5,1.0,1.0,0.75,0.0,0.0,0.25,0.0,0.0,0.0,0.0,0.5,0.0,0.0,0.0,0.5,0.25,0.25,0.5,0.25,0.5
H_0687,R_4ONuqR9WeKesDK1,22-26,younger Gen Z,Female,Kiribati,Tarawa,2,2,2,2,2,2,2,2,2,2,2,2,2,2,2,2,2,2,2,2,3,2,2,2,0.25,0.25,0.25,0.25,0.25,0.25,0.25,0.25,0.25,0.25,0.25,0.25,0.25,0.25,0.25,0.25,0.25,0.25,0.25,0.25,0.5,0.25,0.25,0.25
H_0688,R_bJzPRdDTZ3uvrQR,18-21,younger Gen Z,Female,Tonga,Nuku'alofa,3,3,3,4,3,3,3,1,1,1,1,1,1,1,1,1,1,1,1,2,2,3,2,3,0.5,0.5,0.5,0.75,0.5,0.5,0.5,0.0,0.0,0.0,0.0,0.0,0.0,0.0,0.0,0.0,0.0,0.0,0.0,0.25,0.25,0.5,0.25,0.5
H_0689,R_2XgqCTebjBL4WuA,22-26,older Gen Z,Female,Japan,Kanagawa,4,4,4,4,3,4,4,4,4,3,3,4,4,4,3,4,4,4,2,1,2,1,2,2,0.75,0.75,0.75,0.75,0.5,0.75,0.75,0.75,0.75,0.5,0.5,0.75,0.75,0.75,0.5,0.75,0.75,0.75,0.25,0.0,0.25,0.0,0.25,0.25
H_0690,R_2OIQxCKwqvt3Lwl,22-26,older Gen Z,Female,Vietnam,Saigon,4,4,3,3,5,4,4,2,1,3,3,2,3,2,2,3,3,1,2,2,2,2,2,2,0.75,0.75,0.5,0.5,1.0,0.75,0.75,0.25,0.0,0.5,0.5,0.25,0.5,0.25,0.25,0.5,0.5,0.0,0.25,0.25,0.25,0.25,0.25,0.25
H_0691,R_ZyF4BHeWbfegpk5,22-26,younger Millennials,Female,Taiwan,New Taipei City,3,3,2,2,3,3,2,2,1,1,1,1,1,1,1,1,1,1,2,2,2,2,2,2,0.5,0.5,0.25,0.25,0.5,0.5,0.25,0.25,0.0,0.0,0.0,0.0,0.0,0.0,0.0,0.0,0.0,0.0,0.25,0.25,0.25,0.25,0.25,0.25
H_0692,R_25LQb2j5WcybrRJ,22-26,older Gen Z,Female,Philippines,Davao City,4,5,3,1,3,2,1,1,1,1,1,1,1,1,1,1,1,1,2,2,2,2,2,2,0.75,1.0,0.5,0.0,0.5,0.25,0.0,0.0,0.0,0.0,0.0,0.0,0.0,0.0,0.0,0.0,0.0,0.0,0.25,0.25,0.25,0.25,0.25,0.25
H_0693,R_296oeIf4Ukmjpy9,50-58,older Gen X,Female,USA,CA,3,3,3,3,2,2,3,1,1,1,1,1,1,1,1,1,1,1,2,1,1,2,2,1,0.5,0.5,0.5,0.5,0.25,0.25,0.5,0.0,0.0,0.0,0.0,0.0,0.0,0.0,0.0,0.0,0.0,0.0,0.25,0.0,0.0,0.25,0.25,0.0
H_0694,R_szI0dgEScFN3ji1,22-26,older Gen Z,Female,Japan,Hyogo,4,3,2,2,4,4,3,4,4,4,1,1,3,3,3,1,2,1,2,2,3,2,2,4,0.75,0.5,0.25,0.25,0.75,0.75,0.5,0.75,0.75,0.75,0.0,0.0,0.5,0.5,0.5,0.0,0.25,0.0,0.25,0.25,0.5,0.25,0.25,0.75
H_0695,R_10BKVjqYL53RGfV,22-26,older Gen Z,Female,Philippines,Santiago City,3,3,3,3,3,3,3,1,1,1,1,1,1,1,1,1,1,1,3,2,2,2,2,3,0.5,0.5,0.5,0.5,0.5,0.5,0.5,0.0,0.0,0.0,0.0,0.0,0.0,0.0,0.0,0.0,0.0,0.0,0.5,0.25,0.25,0.25,0.25,0.5
H_0696,R_2YzwkjMtEnUI3PK,37-42,younger Baby Boomers,Female,Philippines,Alicia,2,1,1,2,1,2,2,1,1,1,1,1,1,1,2,1,2,2,2,2,2,2,2,2,0.25,0.0,0.0,0.25,0.0,0.25,0.25,0.0,0.0,0.0,0.0,0.0,0.0,0.0,0.25,0.0,0.25,0.25,0.25,0.25,0.25,0.25,0.25,0.25
H_0697,R_2YyomL0OUM4f2Hq,22-26,younger Millennials,Female,Taiwan,New Taipei City,2,2,2,2,3,2,2,2,1,1,1,1,1,1,1,1,1,1,2,2,2,2,2,2,0.25,0.25,0.25,0.25,0.5,0.25,0.25,0.25,0.0,0.0,0.0,0.0,0.0,0.0,0.0,0.0,0.0,0.0,0.25,0.25,0.25,0.25,0.25,0.25
H_0698,R_3rNg8VEV5Y6HsOK,22-26,older Gen Z,Female,Philippines,Bohol,3,4,3,1,2,2,1,1,1,1,1,1,1,1,1,1,1,1,3,2,1,1,2,3,0.5,0.75,0.5,0.0,0.25,0.25,0.0,0.0,0.0,0.0,0.0,0.0,0.0,0.0,0.0,0.0,0.0,0.0,0.5,0.25,0.0,0.0,0.25,0.5
H_0699,R_1rlI7mF1leBwELr,27-31,younger Millennials,Female,Malaysia,bintulu,3,3,2,2,2,2,2,2,1,1,2,1,2,1,1,1,1,1,2,2,2,2,2,2,0.5,0.5,0.25,0.25,0.25,0.25,0.25,0.25,0.0,0.0,0.25,0.0,0.25,0.0,0.0,0.0,0.0,0.0,0.25,0.25,0.25,0.25,0.25,0.25
H_0700,R_2E5Im0zathK3U0W,27-31,younger Millennials,Female,United States,Utah,2,3,2,1,2,3,1,2,3,3,2,3,4,3,4,4,5,4,2,1,2,2,2,2,0.25,0.5,0.25,0.0,0.25,0.5,0.0,0.25,0.5,0.5,0.25,0.5,0.75,0.5,0.75,0.75,1.0,0.75,0.25,0.0,0.25,0.25,0.25,0.25
H_0701,R_32IXqtO61ym42kb,18-21,younger Gen Z,Female,Pakistan,Punjab,4,5,3,2,3,3,3,2,2,2,2,1,1,1,1,3,4,3,2,2,2,2,2,2,0.75,1.0,0.5,0.25,0.5,0.5,0.5,0.25,0.25,0.25,0.25,0.0,0.0,0.0,0.0,0.5,0.75,0.5,0.25,0.25,0.25,0.25,0.25,0.25
H_0702,R_2ciKIQpvymCRgkQ,18-21,older Gen Z,Female,United States,Utah,5,4,1,1,2,2,2,1,1,1,1,1,1,1,1,1,1,1,2,2,2,2,2,2,1.0,0.75,0.0,0.0,0.25,0.25,0.25,0.0,0.0,0.0,0.0,0.0,0.0,0.0,0.0,0.0,0.0,0.0,0.25,0.25,0.25,0.25,0.25,0.25
H_0703,R_2QzmYn5KHx6ZwTE,22-26,younger Millennials,Female,Utah,Highland,2,2,2,2,2,2,2,1,1,1,1,1,1,1,1,1,1,1,2,2,2,2,2,2,0.25,0.25,0.25,0.25,0.25,0.25,0.25,0.0,0.0,0.0,0.0,0.0,0.0,0.0,0.0,0.0,0.0,0.0,0.25,0.25,0.25,0.25,0.25,0.25
H_0704,R_3J4O6Ndq68v1oYB,18-21,younger Millennials,Female,Kiribati,Tarawa,5,5,4,4,4,4,4,2,2,2,2,2,2,2,2,2,2,2,2,2,2,2,2,2,1.0,1.0,0.75,0.75,0.75,0.75,0.75,0.25,0.25,0.25,0.25,0.25,0.25,0.25,0.25,0.25,0.25,0.25,0.25,0.25,0.25,0.25,0.25,0.25
H_0705,R_3Jq005SDuOCU7y8,22-26,older Gen Z,Female,USA,Az,5,5,5,5,5,5,4,4,1,4,1,1,4,3,4,1,1,1,5,5,1,3,2,2,1.0,1.0,1.0,1.0,1.0,1.0,0.75,0.75,0.0,0.75,0.0,0.0,0.75,0.5,0.75,0.0,0.0,0.0,1.0,1.0,0.0,0.5,0.25,0.25
H_0706,R_1PRWDKnT3BsKVlf,22-26,Silent Generation,Female,Tonga,Liahona,3,3,3,3,3,3,3,1,2,3,1,1,3,3,1,5,4,4,2,2,2,2,2,3,0.5,0.5,0.5,0.5,0.5,0.5,0.5,0.0,0.25,0.5,0.0,0.0,0.5,0.5,0.0,1.0,0.75,0.75,0.25,0.25,0.25,0.25,0.25,0.5
H_0707,R_3yoquRYGLe51fkB,22-26,older Gen Z,Female,philippines,manila,4,5,4,3,4,4,5,5,5,5,3,1,4,5,5,2,1,1,4,4,3,3,2,3,0.75,1.0,0.75,0.5,0.75,0.75,1.0,1.0,1.0,1.0,0.5,0.0,0.75,1.0,1.0,0.25,0.0,0.0,0.75,0.75,0.5,0.5,0.25,0.5
H_0708,R_RztPSvaujOsrxeN,22-26,younger Gen X,Female,Philippines,Camarines Norte,2,2,1,1,1,1,1,1,1,1,1,1,1,1,1,1,1,1,2,2,2,2,2,2,0.25,0.25,0.0,0.0,0.0,0.0,0.0,0.0,0.0,0.0,0.0,0.0,0.0,0.0,0.0,0.0,0.0,0.0,0.25,0.25,0.25,0.25,0.25,0.25
H_0709,R_Rq8gikQDX6XPDlT,43-49,younger Gen X,Female,United States,Utah,2,2,2,2,2,2,2,1,1,1,1,1,1,1,1,1,1,1,2,3,2,2,2,2,0.25,0.25,0.25,0.25,0.25,0.25,0.25,0.0,0.0,0.0,0.0,0.0,0.0,0.0,0.0,0.0,0.0,0.0,0.25,0.5,0.25,0.25,0.25,0.25
H_0710,R_cUYD9VgFSGS9Z2V,22-26,older Gen Z,Female,United States,California,1,1,1,1,1,3,3,1,1,1,1,1,1,1,1,2,1,1,2,2,2,2,2,1,0.0,0.0,0.0,0.0,0.0,0.5,0.5,0.0,0.0,0.0,0.0,0.0,0.0,0.0,0.0,0.25,0.0,0.0,0.25,0.25,0.25,0.25,0.25,0.0
H_0711,R_3lJlwhMCjisZLj9,43-49,younger Gen X,Female,United States,Utah,2,2,2,2,1,1,1,1,1,1,1,1,1,1,1,1,1,1,2,2,2,2,2,2,0.25,0.25,0.25,0.25,0.0,0.0,0.0,0.0,0.0,0.0,0.0,0.0,0.0,0.0,0.0,0.0,0.0,0.0,0.25,0.25,0.25,0.25,0.25,0.25
H_0712,R_33sExBADJaofuv4,43-49,younger Gen X,Female,United States,Texas,3,3,3,2,2,1,3,1,1,1,1,1,1,1,1,2,1,1,2,2,2,2,2,2,0.5,0.5,0.5,0.25,0.25,0.0,0.5,0.0,0.0,0.0,0.0,0.0,0.0,0.0,0.0,0.25,0.0,0.0,0.25,0.25,0.25,0.25,0.25,0.25
H_0713,R_1OZiAJ5fKDKy6eh,18-21,younger Gen Z,Female,United States,Texas,4,5,4,5,5,5,5,5,5,5,3,3,5,5,5,5,4,3,4,2,2,3,2,3,0.75,1.0,0.75,1.0,1.0,1.0,1.0,1.0,1.0,1.0,0.5,0.5,1.0,1.0,1.0,1.0,0.75,0.5,0.75,0.25,0.25,0.5,0.25,0.5
H_0714,R_UlRVLlxdtg7vNHr,18-21,older Gen Z,Female,United States,Florida,4,5,4,3,5,5,4,2,1,2,1,2,2,2,2,2,1,1,4,3,3,3,2,2,0.75,1.0,0.75,0.5,1.0,1.0,0.75,0.25,0.0,0.25,0.0,0.25,0.25,0.25,0.25,0.25,0.0,0.0,0.75,0.5,0.5,0.5,0.25,0.25
H_0715,R_8G7n20UX2xLygTL,18-21,younger Gen Z,Female,Tahiti,Papeete,1,1,1,1,1,1,3,1,1,1,1,1,1,1,1,1,1,1,2,3,4,2,2,4,0.0,0.0,0.0,0.0,0.0,0.0,0.5,0.0,0.0,0.0,0.0,0.0,0.0,0.0,0.0,0.0,0.0,0.0,0.25,0.5,0.75,0.25,0.25,0.75
H_0716,R_tVOHH9R42XaAL4J,18-21,younger Gen Z,Female,United States,"Laie, HI",4,4,3,4,4,4,3,3,3,3,1,1,2,1,4,2,2,1,3,3,3,4,2,1,0.75,0.75,0.5,0.75,0.75,0.75,0.5,0.5,0.5,0.5,0.0,0.0,0.25,0.0,0.75,0.25,0.25,0.0,0.5,0.5,0.5,0.75,0.25,0.0
H_0717,R_1jNWSrhrbx8uNQ6,18-21,older Gen Z,Female,USA,California,3,3,3,1,1,3,3,1,1,1,1,1,1,1,1,1,1,1,2,2,2,2,2,1,0.5,0.5,0.5,0.0,0.0,0.5,0.5,0.0,0.0,0.0,0.0,0.0,0.0,0.0,0.0,0.0,0.0,0.0,0.25,0.25,0.25,0.25,0.25,0.0
H_0718,R_1ISeKIjs4OyAuJl,27-31,younger Millennials,Female,United States,Utah,4,5,1,1,1,1,1,1,1,1,1,1,1,1,1,1,1,1,2,2,2,2,2,4,0.75,1.0,0.0,0.0,0.0,0.0,0.0,0.0,0.0,0.0,0.0,0.0,0.0,0.0,0.0,0.0,0.0,0.0,0.25,0.25,0.25,0.25,0.25,0.75
H_0719,R_3lYVndjwIk53OBw,22-26,younger Gen Z,Female,Mongolia,Ulaanbaatar,3,3,2,2,3,2,3,2,3,1,1,1,2,1,2,1,1,1,2,2,2,2,2,2,0.5,0.5,0.25,0.25,0.5,0.25,0.5,0.25,0.5,0.0,0.0,0.0,0.25,0.0,0.25,0.0,0.0,0.0,0.25,0.25,0.25,0.25,0.25,0.25
H_0720,R_1IXmvpZRYi2HsoR,22-26,older Gen Z,Female,Fiji,Suva,3,3,4,2,1,1,1,1,1,1,1,1,1,1,1,1,1,1,2,2,2,2,2,2,0.5,0.5,0.75,0.25,0.0,0.0,0.0,0.0,0.0,0.0,0.0,0.0,0.0,0.0,0.0,0.0,0.0,0.0,0.25,0.25,0.25,0.25,0.25,0.25
H_0721,R_3JJCxsVoZSTRgJw,18-21,younger Gen Z,Female,United States,Montana,4,5,4,5,5,5,5,4,3,4,2,1,4,3,4,5,2,1,4,5,4,4,2,3,0.75,1.0,0.75,1.0,1.0,1.0,1.0,0.75,0.5,0.75,0.25,0.0,0.75,0.5,0.75,1.0,0.25,0.0,0.75,1.0,0.75,0.75,0.25,0.5
H_0722,R_1M6VWTpcDyvuy0Y,22-26,younger Gen Z,Female,China,Guangdong,3,3,3,4,4,4,3,4,4,4,1,1,3,2,4,1,1,1,3,2,2,3,2,3,0.5,0.5,0.5,0.75,0.75,0.75,0.5,0.75,0.75,0.75,0.0,0.0,0.5,0.25,0.75,0.0,0.0,0.0,0.5,0.25,0.25,0.5,0.25,0.5
H_0723,R_1HUQeGzutvKr34l,50-58,older Gen X,Female,United States of America,"Albany, Oregon",1,1,1,2,2,2,3,2,1,2,2,1,3,1,1,1,1,4,2,2,1,2,2,3,0.0,0.0,0.0,0.25,0.25,0.25,0.5,0.25,0.0,0.25,0.25,0.0,0.5,0.0,0.0,0.0,0.0,0.75,0.25,0.25,0.0,0.25,0.25,0.5
H_0724,R_bDicH22cGSjHrHj,18-21,older Gen Z,Female,Us,Utah,4,5,4,3,5,4,3,2,4,3,1,1,4,2,3,2,1,1,2,2,2,2,2,2,0.75,1.0,0.75,0.5,1.0,0.75,0.5,0.25,0.75,0.5,0.0,0.0,0.75,0.25,0.5,0.25,0.0,0.0,0.25,0.25,0.25,0.25,0.25,0.25
H_0725,R_295q0rMosXYKKke,22-26,younger Gen Z,Female,China,Chengdu,3,1,1,1,1,1,1,1,1,1,1,1,1,1,1,1,1,1,3,2,2,2,2,1,0.5,0.0,0.0,0.0,0.0,0.0,0.0,0.0,0.0,0.0,0.0,0.0,0.0,0.0,0.0,0.0,0.0,0.0,0.5,0.25,0.25,0.25,0.25,0.0
H_0726,R_2EF4TOvVPNhls55,18-21,older Gen Z,Female,México,Veracruz,3,3,2,1,2,3,2,2,1,3,1,1,4,2,1,3,2,2,2,4,1,2,2,2,0.5,0.5,0.25,0.0,0.25,0.5,0.25,0.25,0.0,0.5,0.0,0.0,0.75,0.25,0.0,0.5,0.25,0.25,0.25,0.75,0.0,0.25,0.25,0.25
H_0727,R_3nwSlRQRoupuYIH,22-26,older Gen Z,Female,USA,Oregon,2,4,2,1,2,2,3,1,1,1,1,1,1,1,1,1,1,1,3,2,4,4,2,3,0.25,0.75,0.25,0.0,0.25,0.25,0.5,0.0,0.0,0.0,0.0,0.0,0.0,0.0,0.0,0.0,0.0,0.0,0.5,0.25,0.75,0.75,0.25,0.5
H_0728,R_1jj3m6EFb1nOUXh,22-26,younger Gen Z,Female,China,Yunnan,3,4,3,3,4,4,3,3,1,3,2,1,2,1,2,3,2,2,2,2,2,2,2,2,0.5,0.75,0.5,0.5,0.75,0.75,0.5,0.5,0.0,0.5,0.25,0.0,0.25,0.0,0.25,0.5,0.25,0.25,0.25,0.25,0.25,0.25,0.25,0.25
H_0729,R_264iBUu7OvRyVuL,22-26,older Gen Z,Female,China,Hebei,4,4,3,3,5,4,3,4,4,4,1,1,4,1,2,1,3,2,1,2,1,1,2,1,0.75,0.75,0.5,0.5,1.0,0.75,0.5,0.75,0.75,0.75,0.0,0.0,0.75,0.0,0.25,0.0,0.5,0.25,0.0,0.25,0.0,0.0,0.25,0.0
H_0730,R_ZsmPppJvkXAkjPr,22-26,older Gen Z,Female,Philippines,Pangasinan,5,5,5,4,5,5,4,5,5,5,4,5,5,5,5,4,5,3,2,2,2,2,2,2,1.0,1.0,1.0,0.75,1.0,1.0,0.75,1.0,1.0,1.0,0.75,1.0,1.0,1.0,1.0,0.75,1.0,0.5,0.25,0.25,0.25,0.25,0.25,0.25
H_0731,R_2xQcMB2f4oYJ9nW,18-21,younger Gen Z,Female,USA,Arizona,2,5,1,3,4,4,5,4,3,1,2,2,5,1,4,1,1,1,3,1,2,2,2,3,0.25,1.0,0.0,0.5,0.75,0.75,1.0,0.75,0.5,0.0,0.25,0.25,1.0,0.0,0.75,0.0,0.0,0.0,0.5,0.0,0.25,0.25,0.25,0.5
H_0732,R_2Y97STr5gv3Xldk,27-31,younger Millennials,Female,USA,Oregon,4,5,4,5,5,5,5,4,4,5,2,1,3,3,2,3,4,5,2,1,2,2,2,2,0.75,1.0,0.75,1.0,1.0,1.0,1.0,0.75,0.75,1.0,0.25,0.0,0.5,0.5,0.25,0.5,0.75,1.0,0.25,0.0,0.25,0.25,0.25,0.25
H_0733,R_32UZVbYpm9X0PpA,18-21,younger Gen Z,Female,Tonga,Pangai,3,3,2,2,3,3,3,5,5,4,2,1,3,2,3,2,1,1,4,4,1,4,2,3,0.5,0.5,0.25,0.25,0.5,0.5,0.5,1.0,1.0,0.75,0.25,0.0,0.5,0.25,0.5,0.25,0.0,0.0,0.75,0.75,0.0,0.75,0.25,0.5
H_0734,R_3njHy0rMemg3sr5,18-21,older Gen Z,Female,United States,Loganville,3,3,3,1,4,4,5,2,1,1,1,1,1,1,1,1,1,1,2,2,2,2,2,4,0.5,0.5,0.5,0.0,0.75,0.75,1.0,0.25,0.0,0.0,0.0,0.0,0.0,0.0,0.0,0.0,0.0,0.0,0.25,0.25,0.25,0.25,0.25,0.75
H_0735,R_2ccGxOsqIKbCXt5,27-31,younger Millennials,Female,United States of America,California,3,4,2,2,3,3,4,1,1,1,1,1,1,1,1,1,1,1,2,2,2,2,2,3,0.5,0.75,0.25,0.25,0.5,0.5,0.75,0.0,0.0,0.0,0.0,0.0,0.0,0.0,0.0,0.0,0.0,0.0,0.25,0.25,0.25,0.25,0.25,0.5
H_0736,R_2y2zFHzTBNRGQvV,22-26,younger Gen Z,Female,Philippines,Surigao,3,3,2,2,3,2,2,1,1,1,1,1,1,1,1,1,1,1,2,2,2,2,2,2,0.5,0.5,0.25,0.25,0.5,0.25,0.25,0.0,0.0,0.0,0.0,0.0,0.0,0.0,0.0,0.0,0.0,0.0,0.25,0.25,0.25,0.25,0.25,0.25
H_0737,R_3iw2Jazc9tw7XhR,18-21,older Gen Z,Female,United States,Las Vegas,3,4,2,1,3,2,3,1,1,1,1,1,1,1,1,1,1,1,4,4,5,5,2,3,0.5,0.75,0.25,0.0,0.5,0.25,0.5,0.0,0.0,0.0,0.0,0.0,0.0,0.0,0.0,0.0,0.0,0.0,0.75,0.75,1.0,1.0,0.25,0.5
H_0738,R_28V6iyeggzf9lFc,18-21,older Gen Z,Female,USA,las vegas,2,1,1,1,3,2,4,1,1,1,1,1,1,1,1,1,1,1,2,3,2,2,2,2,0.25,0.0,0.0,0.0,0.5,0.25,0.75,0.0,0.0,0.0,0.0,0.0,0.0,0.0,0.0,0.0,0.0,0.0,0.25,0.5,0.25,0.25,0.25,0.25
H_0739,R_1pyUBEVPAEg5qFP,18-21,younger Gen Z,Female,US,Sacramento,3,3,3,3,3,3,3,3,3,3,3,3,3,3,3,3,4,4,2,2,2,2,2,2,0.5,0.5,0.5,0.5,0.5,0.5,0.5,0.5,0.5,0.5,0.5,0.5,0.5,0.5,0.5,0.5,0.75,0.75,0.25,0.25,0.25,0.25,0.25,0.25
H_0740,R_vN3n8ehTj58xPYl,22-26,younger Gen X,Female,Kiribati,Tarawa,3,4,3,2,3,3,4,3,2,2,1,1,2,2,2,1,1,1,2,2,2,2,2,3,0.5,0.75,0.5,0.25,0.5,0.5,0.75,0.5,0.25,0.25,0.0,0.0,0.25,0.25,0.25,0.0,0.0,0.0,0.25,0.25,0.25,0.25,0.25,0.5
H_0741,R_3Ray7KYT1xEpqtP,22-26,older Gen Z,Female,Argentina,San Martín de los Andes,5,5,5,5,5,5,3,2,1,2,1,1,2,2,2,2,2,2,2,2,2,2,2,2,1.0,1.0,1.0,1.0,1.0,1.0,0.5,0.25,0.0,0.25,0.0,0.0,0.25,0.25,0.25,0.25,0.25,0.25,0.25,0.25,0.25,0.25,0.25,0.25
H_0742,R_1eWzaSIHaTHcbfL,27-31,younger Gen X,Female,Kiribati,Hawaii,1,1,2,2,5,2,3,1,1,1,1,1,1,1,1,1,1,1,3,4,3,3,2,3,0.0,0.0,0.25,0.25,1.0,0.25,0.5,0.0,0.0,0.0,0.0,0.0,0.0,0.0,0.0,0.0,0.0,0.0,0.5,0.75,0.5,0.5,0.25,0.5
H_0743,R_1ONavfcrqQx5P8E,18-21,older Gen Z,Female,Japan,Nara,5,4,4,4,4,3,2,4,4,1,1,1,3,1,2,3,2,1,4,4,3,4,2,2,1.0,0.75,0.75,0.75,0.75,0.5,0.25,0.75,0.75,0.0,0.0,0.0,0.5,0.0,0.25,0.5,0.25,0.0,0.75,0.75,0.5,0.75,0.25,0.25
H_0744,R_pLSAGuDWzSoig5r,22-26,older Gen Z,Female,United States,Utah,2,4,4,1,3,2,3,4,1,3,1,1,3,2,2,3,1,4,2,2,2,2,2,2,0.25,0.75,0.75,0.0,0.5,0.25,0.5,0.75,0.0,0.5,0.0,0.0,0.5,0.25,0.25,0.5,0.0,0.75,0.25,0.25,0.25,0.25,0.25,0.25
H_0745,R_1DGtxLsNxagLGCC,18-21,younger Gen Z,Female,United States,Virginia,5,5,3,3,5,5,5,5,3,3,4,1,5,1,2,1,5,1,3,2,2,2,2,3,1.0,1.0,0.5,0.5,1.0,1.0,1.0,1.0,0.5,0.5,0.75,0.0,1.0,0.0,0.25,0.0,1.0,0.0,0.5,0.25,0.25,0.25,0.25,0.5
H_0746,R_cMz4mllp1eu2qSR,22-26,older Gen Z,Female,Peru,Arequipa,1,4,1,1,4,3,1,1,1,1,1,1,1,1,1,1,1,1,2,2,2,2,2,3,0.0,0.75,0.0,0.0,0.75,0.5,0.0,0.0,0.0,0.0,0.0,0.0,0.0,0.0,0.0,0.0,0.0,0.0,0.25,0.25,0.25,0.25,0.25,0.5
H_0747,R_2wh6sfZkbZNoHhH,22-26,younger Millennials,Female,Philippines,Pangasinan,3,3,3,3,1,1,3,1,1,1,1,1,1,1,1,1,1,1,2,2,2,2,2,5,0.5,0.5,0.5,0.5,0.0,0.0,0.5,0.0,0.0,0.0,0.0,0.0,0.0,0.0,0.0,0.0,0.0,0.0,0.25,0.25,0.25,0.25,0.25,1.0
H_0748,R_1jcEAJMBI3f5pa8,22-26,Silent Generation,Female,PNG,Port Moresby,2,5,5,5,5,5,5,1,1,1,1,1,1,1,1,1,1,1,3,3,2,2,2,3,0.25,1.0,1.0,1.0,1.0,1.0,1.0,0.0,0.0,0.0,0.0,0.0,0.0,0.0,0.0,0.0,0.0,0.0,0.5,0.5,0.25,0.25,0.25,0.5
H_0749,R_11avagX8VOkSb3w,22-26,younger Gen X,Female,Tonga,Nuku’alofa,3,2,1,1,2,2,2,2,2,2,2,2,2,2,2,2,2,2,2,2,2,2,2,2,0.5,0.25,0.0,0.0,0.25,0.25,0.25,0.25,0.25,0.25,0.25,0.25,0.25,0.25,0.25,0.25,0.25,0.25,0.25,0.25,0.25,0.25,0.25,0.25
H_0750,R_3J96aFTl4k5GMwm,22-26,younger Gen Z,Female,México,Tamaulipas,3,3,3,3,3,3,3,1,3,5,3,4,4,3,3,4,4,4,2,2,2,2,2,2,0.5,0.5,0.5,0.5,0.5,0.5,0.5,0.0,0.5,1.0,0.5,0.75,0.75,0.5,0.5,0.75,0.75,0.75,0.25,0.25,0.25,0.25,0.25,0.25
H_0751,R_1FVpMqz2X76kwKZ,18-21,older Gen Z,Female,Canada,Lethbridge,3,3,3,3,2,4,2,4,2,1,2,1,1,2,1,1,1,1,2,1,1,1,2,1,0.5,0.5,0.5,0.5,0.25,0.75,0.25,0.75,0.25,0.0,0.25,0.0,0.0,0.25,0.0,0.0,0.0,0.0,0.25,0.0,0.0,0.0,0.25,0.0
H_0752,R_1K8E95Mx7k7pFkW,18-21,younger Millennials,Female,United States,Phoenix Arizona,1,3,2,1,1,3,3,1,1,1,1,1,1,1,1,1,1,1,2,1,2,2,2,4,0.0,0.5,0.25,0.0,0.0,0.5,0.5,0.0,0.0,0.0,0.0,0.0,0.0,0.0,0.0,0.0,0.0,0.0,0.25,0.0,0.25,0.25,0.25,0.75
H_0753,R_2rkBzWJFboEUaqq,18-21,older Gen Z,Female,United States,Utah,4,5,4,4,5,4,4,4,4,1,2,2,1,3,3,2,2,1,2,2,2,2,2,2,0.75,1.0,0.75,0.75,1.0,0.75,0.75,0.75,0.75,0.0,0.25,0.25,0.0,0.5,0.5,0.25,0.25,0.0,0.25,0.25,0.25,0.25,0.25,0.25
H_0754,R_3nINr5a0WQYpi2J,27-31,younger Millennials,Female,United States,"Kamas, UT",3,3,1,1,4,3,3,1,1,1,1,2,1,1,1,1,1,1,2,2,2,2,2,3,0.5,0.5,0.0,0.0,0.75,0.5,0.5,0.0,0.0,0.0,0.0,0.25,0.0,0.0,0.0,0.0,0.0,0.0,0.25,0.25,0.25,0.25,0.25,0.5
H_0755,R_3RqKdgthfDyznua,18-21,older Gen Z,Female,United States,Arizona,3,4,2,1,1,3,3,1,1,1,1,1,1,1,1,1,1,1,4,2,2,2,2,2,0.5,0.75,0.25,0.0,0.0,0.5,0.5,0.0,0.0,0.0,0.0,0.0,0.0,0.0,0.0,0.0,0.0,0.0,0.75,0.25,0.25,0.25,0.25,0.25
H_0756,R_25QsLuIqrwGpoch,22-26,older Gen Z,Female,USA,Utah,2,5,2,1,2,3,3,1,1,1,1,1,1,1,1,1,1,1,2,2,2,2,2,4,0.25,1.0,0.25,0.0,0.25,0.5,0.5,0.0,0.0,0.0,0.0,0.0,0.0,0.0,0.0,0.0,0.0,0.0,0.25,0.25,0.25,0.25,0.25,0.75
H_0757,R_DcaD2xXX4kcYdyN,22-26,older Millennials,Female,USA,California,3,4,1,1,3,3,3,1,1,1,1,1,1,1,1,1,1,1,2,2,2,2,2,2,0.5,0.75,0.0,0.0,0.5,0.5,0.5,0.0,0.0,0.0,0.0,0.0,0.0,0.0,0.0,0.0,0.0,0.0,0.25,0.25,0.25,0.25,0.25,0.25
H_0758,R_9nbgfFT3n9Ream5,27-31,younger Millennials,Female,United States,Utah,4,5,2,3,4,3,2,1,1,1,1,1,1,1,1,1,2,1,2,4,4,3,2,1,0.75,1.0,0.25,0.5,0.75,0.5,0.25,0.0,0.0,0.0,0.0,0.0,0.0,0.0,0.0,0.0,0.25,0.0,0.25,0.75,0.75,0.5,0.25,0.0
H_0759,R_1rxMmFc33MGKtFM,27-31,younger Millennials,Female,United States,"Mesa, AZ",2,2,2,2,1,3,3,2,1,1,1,2,2,3,3,1,3,1,3,2,2,2,2,1,0.25,0.25,0.25,0.25,0.0,0.5,0.5,0.25,0.0,0.0,0.0,0.25,0.25,0.5,0.5,0.0,0.5,0.0,0.5,0.25,0.25,0.25,0.25,0.0
H_0760,R_tSY84XJLtRcEnex,18-21,older Gen Z,Female,US,Utah,1,1,1,1,1,1,1,1,1,1,1,1,1,1,1,1,1,1,2,3,5,3,2,2,0.0,0.0,0.0,0.0,0.0,0.0,0.0,0.0,0.0,0.0,0.0,0.0,0.0,0.0,0.0,0.0,0.0,0.0,0.25,0.5,1.0,0.5,0.25,0.25
H_0761,R_2BrZtwQrVbhjSvG,22-26,younger Millennials,Female,Mexico,Monterrey,5,5,5,3,5,5,5,2,1,1,1,1,1,1,1,1,1,1,2,2,3,2,2,5,1.0,1.0,1.0,0.5,1.0,1.0,1.0,0.25,0.0,0.0,0.0,0.0,0.0,0.0,0.0,0.0,0.0,0.0,0.25,0.25,0.5,0.25,0.25,1.0
H_0762,R_1jy4gYqpbEf17cf,22-26,younger Millennials,Female,New Zeland,Auckland,5,5,5,5,5,5,5,3,2,1,1,1,1,3,3,1,1,1,2,2,2,2,2,4,1.0,1.0,1.0,1.0,1.0,1.0,1.0,0.5,0.25,0.0,0.0,0.0,0.0,0.5,0.5,0.0,0.0,0.0,0.25,0.25,0.25,0.25,0.25,0.75
H_0763,R_1mFaeY0hlGMaCT9,18-21,younger Gen Z,Female,Monterrey,Mexico,1,1,1,3,1,3,3,1,1,1,2,1,1,1,1,1,2,4,2,2,3,2,2,2,0.0,0.0,0.0,0.5,0.0,0.5,0.5,0.0,0.0,0.0,0.25,0.0,0.0,0.0,0.0,0.0,0.25,0.75,0.25,0.25,0.5,0.25,0.25,0.25
H_0764,R_1hydE2wgY0Q6Nxf,18-21,older Gen Z,Male,USA,"Hauula, Hawaii",4,4,4,4,4,4,4,2,1,2,1,1,1,2,2,2,2,1,2,1,3,2,2,2,0.75,0.75,0.75,0.75,0.75,0.75,0.75,0.25,0.0,0.25,0.0,0.0,0.0,0.25,0.25,0.25,0.25,0.0,0.25,0.0,0.5,0.25,0.25,0.25
H_0765,R_1QsVHT8sebm0Xrc,22-26,older Gen Z,Male,Japan,Saitama,1,1,2,2,1,2,1,4,4,4,4,1,1,1,1,1,1,1,2,3,2,3,2,2,0.0,0.0,0.25,0.25,0.0,0.25,0.0,0.75,0.75,0.75,0.75,0.0,0.0,0.0,0.0,0.0,0.0,0.0,0.25,0.5,0.25,0.5,0.25,0.25
H_0766,R_3oYnhNKjicbyB3f,27-31,younger Gen Z,Male,Mongolia,Ulaanbaatr,3,3,3,3,3,3,2,4,3,3,1,1,1,1,1,1,2,2,1,1,1,2,2,3,0.5,0.5,0.5,0.5,0.5,0.5,0.25,0.75,0.5,0.5,0.0,0.0,0.0,0.0,0.0,0.0,0.25,0.25,0.0,0.0,0.0,0.25,0.25,0.5
H_0767,R_324wZjFHoIBgNC0,37-42,older Gen X,Male,Japan,TOKYO,4,3,3,4,3,4,3,1,1,1,1,1,1,1,1,1,1,1,5,5,2,3,2,1,0.75,0.5,0.5,0.75,0.5,0.75,0.5,0.0,0.0,0.0,0.0,0.0,0.0,0.0,0.0,0.0,0.0,0.0,1.0,1.0,0.25,0.5,0.25,0.0
H_0768,R_1g6XinYma227Aen,22-26,older Millennials,Male,Philippines,Cavite,5,5,5,5,5,5,4,4,3,4,2,1,3,1,4,1,2,1,4,4,3,3,2,3,1.0,1.0,1.0,1.0,1.0,1.0,0.75,0.75,0.5,0.75,0.25,0.0,0.5,0.0,0.75,0.0,0.25,0.0,0.75,0.75,0.5,0.5,0.25,0.5
H_0769,R_3n03sPIti0MQ0xf,50-58,older Gen X,Male,USA,"Roseville, CA",3,5,3,4,3,3,3,1,1,1,1,1,1,1,1,1,1,1,2,2,2,2,2,2,0.5,1.0,0.5,0.75,0.5,0.5,0.5,0.0,0.0,0.0,0.0,0.0,0.0,0.0,0.0,0.0,0.0,0.0,0.25,0.25,0.25,0.25,0.25,0.25
H_0770,R_AhZ6dsmUJTfIRIl,27-31,older Gen Z,Male,Tonga,Tongatapu,2,2,2,1,2,2,1,2,1,1,1,1,2,1,1,1,1,1,1,2,2,3,2,3,0.25,0.25,0.25,0.0,0.25,0.25,0.0,0.25,0.0,0.0,0.0,0.0,0.25,0.0,0.0,0.0,0.0,0.0,0.0,0.25,0.25,0.5,0.25,0.5
H_0771,R_UMXVbtPmJn2Xlv3,18-21,older Gen Z,Male,Usa,Arizona,5,5,5,5,5,4,3,3,3,1,1,1,3,1,3,2,1,1,2,2,3,2,2,2,1.0,1.0,1.0,1.0,1.0,0.75,0.5,0.5,0.5,0.0,0.0,0.0,0.5,0.0,0.5,0.25,0.0,0.0,0.25,0.25,0.5,0.25,0.25,0.25
H_0772,R_24zQLDs4DpmzEDo,27-31,older Gen Z,Male,Indonesia,Seko,3,3,2,2,4,3,3,4,3,4,3,3,2,3,3,2,4,3,3,3,3,3,2,2,0.5,0.5,0.25,0.25,0.75,0.5,0.5,0.75,0.5,0.75,0.5,0.5,0.25,0.5,0.5,0.25,0.75,0.5,0.5,0.5,0.5,0.5,0.25,0.25
H_0773,R_2eb9XZYu7lLNSXT,18-21,younger Gen Z,Male,Hong Kong,Hong Kong,4,5,4,4,4,4,4,5,5,5,1,1,5,5,5,1,1,1,3,2,2,2,2,2,0.75,1.0,0.75,0.75,0.75,0.75,0.75,1.0,1.0,1.0,0.0,0.0,1.0,1.0,1.0,0.0,0.0,0.0,0.5,0.25,0.25,0.25,0.25,0.25
H_0774,R_2AHG2UbDJem1BXC,32-36,older Millennials,Male,Japan,Tokyo,1,1,1,1,1,1,1,1,1,1,1,1,1,1,1,1,1,1,2,2,2,2,2,2,0.0,0.0,0.0,0.0,0.0,0.0,0.0,0.0,0.0,0.0,0.0,0.0,0.0,0.0,0.0,0.0,0.0,0.0,0.25,0.25,0.25,0.25,0.25,0.25
H_0775,R_1Flk0Y0RVqFVtBT,18-21,younger Gen Z,Male,Japan,Sapporo,4,4,3,4,4,3,4,3,3,2,3,3,2,3,3,3,3,3,3,3,4,3,2,3,0.75,0.75,0.5,0.75,0.75,0.5,0.75,0.5,0.5,0.25,0.5,0.5,0.25,0.5,0.5,0.5,0.5,0.5,0.5,0.5,0.75,0.5,0.25,0.5
H_0776,R_9EkJSiPH0k7dL33,22-26,younger Gen Z,Male,Samoa,Aleisa,4,4,4,3,4,4,4,4,5,4,5,5,5,4,5,5,5,5,2,1,2,2,2,2,0.75,0.75,0.75,0.5,0.75,0.75,0.75,0.75,1.0,0.75,1.0,1.0,1.0,0.75,1.0,1.0,1.0,1.0,0.25,0.0,0.25,0.25,0.25,0.25
H_0777,R_1GvpQjzTipCgmo1,22-26,younger Gen Z,Male,Philippines,Quezon,3,3,3,2,3,3,3,3,4,2,1,1,2,1,2,2,2,1,3,2,3,2,2,2,0.5,0.5,0.5,0.25,0.5,0.5,0.5,0.5,0.75,0.25,0.0,0.0,0.25,0.0,0.25,0.25,0.25,0.0,0.5,0.25,0.5,0.25,0.25,0.25
H_0778,R_1GF0zj0ncr7W5b3,22-26,younger Gen Z,Male,Malaysia,Kuala Lumpur,5,5,4,3,4,4,5,4,4,4,1,1,4,5,5,5,5,4,3,3,2,3,2,3,1.0,1.0,0.75,0.5,0.75,0.75,1.0,0.75,0.75,0.75,0.0,0.0,0.75,1.0,1.0,1.0,1.0,0.75,0.5,0.5,0.25,0.5,0.25,0.5
H_0779,R_1itfQvApb2c1g2P,18-21,older Gen Z,Male,Thailand,Chiang Mai,2,3,2,3,4,4,2,3,1,2,1,3,1,1,4,4,1,2,5,5,1,5,2,1,0.25,0.5,0.25,0.5,0.75,0.75,0.25,0.5,0.0,0.25,0.0,0.5,0.0,0.0,0.75,0.75,0.0,0.25,1.0,1.0,0.0,1.0,0.25,0.0
H_0780,R_3nrcoVZs29R0OEs,18-21,older Gen Z,Male,United States,"Wichita Falls, Texas",4,5,4,3,4,4,4,4,4,4,1,1,5,4,4,4,2,1,4,3,2,4,2,3,0.75,1.0,0.75,0.5,0.75,0.75,0.75,0.75,0.75,0.75,0.0,0.0,1.0,0.75,0.75,0.75,0.25,0.0,0.75,0.5,0.25,0.75,0.25,0.5
H_0781,R_1kXiCp5DP6Kctr4,22-26,older Millennials,Male,Philippines,Nueva Vizcaya,4,5,4,3,4,4,5,4,1,4,1,1,3,1,4,3,1,1,3,5,4,3,2,3,0.75,1.0,0.75,0.5,0.75,0.75,1.0,0.75,0.0,0.75,0.0,0.0,0.5,0.0,0.75,0.5,0.0,0.0,0.5,1.0,0.75,0.5,0.25,0.5
H_0782,R_2zeaVfNc3d90iBk,18-21,younger Millennials,Male,Indonesia,Jakarta,5,5,4,3,5,5,5,5,4,5,3,1,5,1,4,1,4,1,2,2,2,3,2,4,1.0,1.0,0.75,0.5,1.0,1.0,1.0,1.0,0.75,1.0,0.5,0.0,1.0,0.0,0.75,0.0,0.75,0.0,0.25,0.25,0.25,0.5,0.25,0.75
H_0783,R_25tqFOiY9fi6569,22-26,younger Gen Z,Male,Philippines,Laguna,5,1,5,5,5,5,5,5,4,4,1,1,5,4,1,4,3,3,2,2,2,3,2,4,1.0,0.0,1.0,1.0,1.0,1.0,1.0,1.0,0.75,0.75,0.0,0.0,1.0,0.75,0.0,0.75,0.5,0.5,0.25,0.25,0.25,0.5,0.25,0.75
H_0784,R_emSjrgYfp3ON5XH,22-26,younger Millennials,Male,Philippines,Tarlac,2,2,2,3,2,2,2,1,1,1,1,1,1,1,1,1,1,1,2,2,2,2,2,2,0.25,0.25,0.25,0.5,0.25,0.25,0.25,0.0,0.0,0.0,0.0,0.0,0.0,0.0,0.0,0.0,0.0,0.0,0.25,0.25,0.25,0.25,0.25,0.25
H_0785,R_5gyssZlJuMD8DrH,18-21,younger Gen Z,Male,Unknown,India,2,2,2,2,2,3,3,2,4,3,3,2,2,4,3,2,2,3,2,1,4,4,2,4,0.25,0.25,0.25,0.25,0.25,0.5,0.5,0.25,0.75,0.5,0.5,0.25,0.25,0.75,0.5,0.25,0.25,0.5,0.25,0.0,0.75,0.75,0.25,0.75
H_0786,R_25YFrbq6zCzSTPX,22-26,older Gen Z,Male,Philippines,Valenzuela,3,3,2,2,3,2,3,1,1,1,1,1,1,1,1,1,1,1,2,2,2,2,2,2,0.5,0.5,0.25,0.25,0.5,0.25,0.5,0.0,0.0,0.0,0.0,0.0,0.0,0.0,0.0,0.0,0.0,0.0,0.25,0.25,0.25,0.25,0.25,0.25
H_0787,R_1ONW532KaWoUIGt,22-26,older Gen Z,Male,Japan,Okinawa,5,5,4,4,5,5,3,5,4,5,4,2,4,3,3,1,4,5,2,4,1,2,2,2,1.0,1.0,0.75,0.75,1.0,1.0,0.5,1.0,0.75,1.0,0.75,0.25,0.75,0.5,0.5,0.0,0.75,1.0,0.25,0.75,0.0,0.25,0.25,0.25
H_0788,R_1mqFoQby7ceNfZK,18-21,younger Gen X,Male,Usa,Phoenix AZ,2,2,1,1,1,1,1,1,1,2,1,1,3,1,1,1,2,1,2,2,1,1,2,1,0.25,0.25,0.0,0.0,0.0,0.0,0.0,0.0,0.0,0.25,0.0,0.0,0.5,0.0,0.0,0.0,0.25,0.0,0.25,0.25,0.0,0.0,0.25,0.0
H_0789,R_2SAJ0jPX87tIA9j,22-26,older Gen Z,Male,USA,Virginia,4,4,4,4,5,4,3,3,4,3,1,1,4,3,2,3,1,1,4,2,3,4,2,1,0.75,0.75,0.75,0.75,1.0,0.75,0.5,0.5,0.75,0.5,0.0,0.0,0.75,0.5,0.25,0.5,0.0,0.0,0.75,0.25,0.5,0.75,0.25,0.0
H_0790,R_8CdZjwYcPZYKfwl,43-49,younger Gen X,Male,USA,Hawaii,5,5,5,5,5,5,4,3,1,2,1,3,3,1,1,1,1,2,5,4,4,4,2,4,1.0,1.0,1.0,1.0,1.0,1.0,0.75,0.5,0.0,0.25,0.0,0.5,0.5,0.0,0.0,0.0,0.0,0.25,1.0,0.75,0.75,0.75,0.25,0.75
H_0791,R_dcn6VbIOpe9W2xX,27-31,younger Millennials,Male,Japan,Fukuoka,3,4,3,5,5,4,4,4,2,3,2,2,2,3,2,4,2,4,4,3,2,4,2,2,0.5,0.75,0.5,1.0,1.0,0.75,0.75,0.75,0.25,0.5,0.25,0.25,0.25,0.5,0.25,0.75,0.25,0.75,0.75,0.5,0.25,0.75,0.25,0.25
H_0792,R_3NDTwP8TdgIpg0i,18-21,older Gen Z,Male,United States,Boise Idaho,3,3,3,3,2,3,4,2,2,1,1,1,1,2,2,1,1,1,2,2,2,3,2,3,0.5,0.5,0.5,0.5,0.25,0.5,0.75,0.25,0.25,0.0,0.0,0.0,0.0,0.25,0.25,0.0,0.0,0.0,0.25,0.25,0.25,0.5,0.25,0.5
H_0793,R_1exyPiJ4YduugnG,22-26,younger Gen Z,Male,Fiji,Hawaii,4,4,4,4,4,4,4,5,4,5,5,1,4,4,4,1,1,1,3,3,3,3,2,2,0.75,0.75,0.75,0.75,0.75,0.75,0.75,1.0,0.75,1.0,1.0,0.0,0.75,0.75,0.75,0.0,0.0,0.0,0.5,0.5,0.5,0.5,0.25,0.25
H_0794,R_21zWoahIxsDqcQs,22-26,younger Millennials,Male,Philippines,Pasig City,3,4,3,3,4,4,4,4,3,2,2,1,2,2,3,3,3,2,3,3,2,3,2,3,0.5,0.75,0.5,0.5,0.75,0.75,0.75,0.75,0.5,0.25,0.25,0.0,0.25,0.25,0.5,0.5,0.5,0.25,0.5,0.5,0.25,0.5,0.25,0.5
H_0795,R_3je8YgQWuIYRfjR,22-26,older Gen Z,Male,Philippines,Manila,4,4,3,3,3,3,4,1,1,1,1,1,1,1,1,1,1,1,2,1,2,2,2,2,0.75,0.75,0.5,0.5,0.5,0.5,0.75,0.0,0.0,0.0,0.0,0.0,0.0,0.0,0.0,0.0,0.0,0.0,0.25,0.0,0.25,0.25,0.25,0.25
H_0796,R_3OdbCTht66ZXCkV,27-31,younger Millennials,Male,Philippines,Pasig,5,5,5,5,5,5,5,5,5,5,3,5,5,5,5,4,5,5,4,4,3,3,2,3,1.0,1.0,1.0,1.0,1.0,1.0,1.0,1.0,1.0,1.0,0.5,1.0,1.0,1.0,1.0,0.75,1.0,1.0,0.75,0.75,0.5,0.5,0.25,0.5
H_0797,R_1QuA3WzAdQfHbHA,27-31,older Gen Z,Male,Philippines,Quezon City,4,4,4,4,4,4,3,2,2,2,1,1,1,1,1,2,1,1,5,5,5,5,2,3,0.75,0.75,0.75,0.75,0.75,0.75,0.5,0.25,0.25,0.25,0.0,0.0,0.0,0.0,0.0,0.25,0.0,0.0,1.0,1.0,1.0,1.0,0.25,0.5
H_0798,R_2CWn3WYQ1uHb8IE,22-26,younger Gen X,Male,Ghana,Accra,3,3,3,3,3,3,4,3,3,3,2,3,3,3,2,3,3,2,3,3,3,3,2,3,0.5,0.5,0.5,0.5,0.5,0.5,0.75,0.5,0.5,0.5,0.25,0.5,0.5,0.5,0.25,0.5,0.5,0.25,0.5,0.5,0.5,0.5,0.25,0.5
H_0799,R_1eL64UiS2V1NSLy,22-26,Silent Generation,Male,Kiribati,Tarawa,2,4,2,3,2,2,3,1,1,2,1,1,1,1,1,1,1,1,4,3,1,3,2,4,0.25,0.75,0.25,0.5,0.25,0.25,0.5,0.0,0.0,0.25,0.0,0.0,0.0,0.0,0.0,0.0,0.0,0.0,0.75,0.5,0.0,0.5,0.25,0.75
H_0800,R_3JD9i2bNDNVwuRB,18-21,younger Gen Z,Male,America,California,5,4,4,5,4,5,5,5,3,4,3,4,4,4,5,4,4,3,2,2,3,3,2,3,1.0,0.75,0.75,1.0,0.75,1.0,1.0,1.0,0.5,0.75,0.5,0.75,0.75,0.75,1.0,0.75,0.75,0.5,0.25,0.25,0.5,0.5,0.25,0.5
H_0801,R_2OJfznrrz1XJmLW,27-31,younger Millennials,Male,Philippines,"Balanga City, Bataan",4,4,4,3,4,4,3,4,4,1,1,1,1,2,4,1,1,1,2,2,2,2,2,2,0.75,0.75,0.75,0.5,0.75,0.75,0.5,0.75,0.75,0.0,0.0,0.0,0.0,0.25,0.75,0.0,0.0,0.0,0.25,0.25,0.25,0.25,0.25,0.25
H_0802,R_1E6Sj8tJYXWtC05,18-21,younger Gen Z,Male,America,California,4,3,4,4,3,4,5,1,2,3,2,2,3,2,3,3,2,3,3,2,3,3,2,3,0.75,0.5,0.75,0.75,0.5,0.75,1.0,0.0,0.25,0.5,0.25,0.25,0.5,0.25,0.5,0.5,0.25,0.5,0.5,0.25,0.5,0.5,0.25,0.5
H_0803,R_8nXisUUBKdeRxux,22-26,older Gen Z,Male,USA,"Atlanta, Ga",5,4,4,4,4,4,4,4,4,4,1,4,5,3,3,1,4,1,4,4,4,4,2,2,1.0,0.75,0.75,0.75,0.75,0.75,0.75,0.75,0.75,0.75,0.0,0.75,1.0,0.5,0.5,0.0,0.75,0.0,0.75,0.75,0.75,0.75,0.25,0.25
H_0804,R_3nqklIrHVxpveC3,22-26,older Gen Z,Male,Philippines,Puerto Prinsesa Palawan,4,4,3,3,4,3,3,2,2,2,2,2,2,2,2,2,1,1,2,2,1,2,2,2,0.75,0.75,0.5,0.5,0.75,0.5,0.5,0.25,0.25,0.25,0.25,0.25,0.25,0.25,0.25,0.25,0.0,0.0,0.25,0.25,0.0,0.25,0.25,0.25
H_0805,R_22rjlC25R8PTtKp,22-26,older Millennials,Male,Philippines,Nueva Vizcaya,3,4,4,3,3,3,3,4,2,2,1,1,2,2,2,2,2,2,2,2,2,2,2,2,0.5,0.75,0.75,0.5,0.5,0.5,0.5,0.75,0.25,0.25,0.0,0.0,0.25,0.25,0.25,0.25,0.25,0.25,0.25,0.25,0.25,0.25,0.25,0.25
H_0806,R_DMp7ejyyKeMw0Eh,22-26,older Gen Z,Male,Japan,Toride,3,4,3,3,4,4,5,3,4,4,1,1,3,4,4,2,1,1,2,2,2,2,2,3,0.5,0.75,0.5,0.5,0.75,0.75,1.0,0.5,0.75,0.75,0.0,0.0,0.5,0.75,0.75,0.25,0.0,0.0,0.25,0.25,0.25,0.25,0.25,0.5
H_0807,R_2f3rGwssGOjcT11,22-26,older Gen Z,Male,Samoa,Unknown,3,2,2,2,3,2,2,2,2,2,2,2,2,2,2,2,2,2,2,2,2,2,2,2,0.5,0.25,0.25,0.25,0.5,0.25,0.25,0.25,0.25,0.25,0.25,0.25,0.25,0.25,0.25,0.25,0.25,0.25,0.25,0.25,0.25,0.25,0.25,0.25
H_0808,R_3HhN1Xs7qLMMGvL,22-26,younger Millennials,Male,Japan,Osaka,4,3,3,3,4,4,3,5,4,5,1,2,5,2,3,1,1,3,2,3,4,4,2,2,0.75,0.5,0.5,0.5,0.75,0.75,0.5,1.0,0.75,1.0,0.0,0.25,1.0,0.25,0.5,0.0,0.0,0.5,0.25,0.5,0.75,0.75,0.25,0.25
H_0809,R_2UYJlKaAiaZlOOp,22-26,older Gen Z,Male,USA,Washington,5,4,5,4,4,5,4,4,4,3,4,4,3,4,3,4,4,3,3,3,2,3,2,3,1.0,0.75,1.0,0.75,0.75,1.0,0.75,0.75,0.75,0.5,0.75,0.75,0.5,0.75,0.5,0.75,0.75,0.5,0.5,0.5,0.25,0.5,0.25,0.5
H_0810,R_1HhERnvsSUAT1hG,18-21,older Gen Z,Male,United States,"Ridgefield, WA",4,5,4,4,3,3,2,1,1,1,1,1,1,1,1,1,1,1,3,3,2,3,2,1,0.75,1.0,0.75,0.75,0.5,0.5,0.25,0.0,0.0,0.0,0.0,0.0,0.0,0.0,0.0,0.0,0.0,0.0,0.5,0.5,0.25,0.5,0.25,0.0
H_0811,R_BYgnpUE3DMHk8gN,22-26,older Millennials,Male,Philippines,Cavite,4,4,4,4,5,4,4,5,4,2,2,1,5,2,4,4,4,4,4,4,3,4,2,2,0.75,0.75,0.75,0.75,1.0,0.75,0.75,1.0,0.75,0.25,0.25,0.0,1.0,0.25,0.75,0.75,0.75,0.75,0.75,0.75,0.5,0.75,0.25,0.25
H_0812,R_1JQJj105OPS8jXf,18-21,younger Gen Z,Male,United States of America,Utah,5,5,5,4,5,5,5,1,1,1,1,1,2,2,3,4,1,1,5,5,3,5,2,1,1.0,1.0,1.0,0.75,1.0,1.0,1.0,0.0,0.0,0.0,0.0,0.0,0.25,0.25,0.5,0.75,0.0,0.0,1.0,1.0,0.5,1.0,0.25,0.0
H_0813,R_2wBQbGenXeIpOLS,22-26,younger Millennials,Male,USA,Sacramento,2,2,2,2,2,3,2,4,4,4,3,1,1,1,4,4,4,3,2,2,3,3,2,2,0.25,0.25,0.25,0.25,0.25,0.5,0.25,0.75,0.75,0.75,0.5,0.0,0.0,0.0,0.75,0.75,0.75,0.5,0.25,0.25,0.5,0.5,0.25,0.25
H_0814,R_1pLvhXPjDkfwBsv,32-36,older Millennials,Male,México,Veracruz,3,3,3,3,3,3,3,2,1,2,3,2,2,2,2,2,2,2,3,3,2,3,2,3,0.5,0.5,0.5,0.5,0.5,0.5,0.5,0.25,0.0,0.25,0.5,0.25,0.25,0.25,0.25,0.25,0.25,0.25,0.5,0.5,0.25,0.5,0.25,0.5
H_0815,R_1gqJmqEMdM1mXxt,32-36,Silent Generation,Male,PHILIPPINES,Hawaii,3,3,3,3,4,3,4,3,3,4,4,4,3,2,3,4,3,1,2,4,4,3,2,3,0.5,0.5,0.5,0.5,0.75,0.5,0.75,0.5,0.5,0.75,0.75,0.75,0.5,0.25,0.5,0.75,0.5,0.0,0.25,0.75,0.75,0.5,0.25,0.5
H_0816,R_31bLoZjzD2WbPU3,37-42,younger Gen X,Male,Canada,Langley,4,5,4,4,4,4,4,4,2,3,1,1,4,3,4,4,3,2,2,2,2,2,2,3,0.75,1.0,0.75,0.75,0.75,0.75,0.75,0.75,0.25,0.5,0.0,0.0,0.75,0.5,0.75,0.75,0.5,0.25,0.25,0.25,0.25,0.25,0.25,0.5
H_0817,R_24u5JwlwOQUEXbr,22-26,older Gen Z,Male,Philippines,Bohol,4,5,3,3,4,3,2,2,2,2,3,2,3,2,3,3,3,3,2,3,2,2,2,3,0.75,1.0,0.5,0.5,0.75,0.5,0.25,0.25,0.25,0.25,0.5,0.25,0.5,0.25,0.5,0.5,0.5,0.5,0.25,0.5,0.25,0.25,0.25,0.5
H_0818,R_2sYYmSMdUZllWMz,22-26,younger Millennials,Male,Philippines,Malasiqui,4,5,4,4,4,4,4,4,4,3,2,2,2,2,2,1,2,2,2,2,2,2,2,2,0.75,1.0,0.75,0.75,0.75,0.75,0.75,0.75,0.75,0.5,0.25,0.25,0.25,0.25,0.25,0.0,0.25,0.25,0.25,0.25,0.25,0.25,0.25,0.25
H_0819,R_1r6zMSn9Yx6r0SX,43-49,younger Gen X,Male,USA,Newport,3,3,2,2,2,3,4,1,1,1,1,1,1,1,1,1,1,1,2,2,3,2,2,2,0.5,0.5,0.25,0.25,0.25,0.5,0.75,0.0,0.0,0.0,0.0,0.0,0.0,0.0,0.0,0.0,0.0,0.0,0.25,0.25,0.5,0.25,0.25,0.25
H_0820,R_qJWbiR24p7Iwi0p,18-21,older Gen Z,Male,United States,Utah,4,5,3,4,4,4,5,1,3,1,3,1,1,2,2,1,2,1,2,2,3,2,2,3,0.75,1.0,0.5,0.75,0.75,0.75,1.0,0.0,0.5,0.0,0.5,0.0,0.0,0.25,0.25,0.0,0.25,0.0,0.25,0.25,0.5,0.25,0.25,0.5
H_0821,R_3DoxwrdmiINGzZ4,22-26,older Gen Z,Male,United States of America,"Logan, Utah",5,5,5,5,5,4,3,4,3,1,4,1,4,3,3,4,3,2,5,5,4,5,2,1,1.0,1.0,1.0,1.0,1.0,0.75,0.5,0.75,0.5,0.0,0.75,0.0,0.75,0.5,0.5,0.75,0.5,0.25,1.0,1.0,0.75,1.0,0.25,0.0
H_0822,R_1mtkcTZI70rkClw,18-21,older Gen Z,Male,United States,Utah,3,3,3,4,5,4,5,2,2,1,2,1,1,2,1,2,3,2,2,3,2,2,2,2,0.5,0.5,0.5,0.75,1.0,0.75,1.0,0.25,0.25,0.0,0.25,0.0,0.0,0.25,0.0,0.25,0.5,0.25,0.25,0.5,0.25,0.25,0.25,0.25
H_0823,R_27UJyrV1hFcAuaM,27-31,younger Millennials,Male,United States,"Providence, UT",4,3,4,3,3,4,3,3,3,2,3,2,2,2,3,2,2,3,2,2,3,2,2,2,0.75,0.5,0.75,0.5,0.5,0.75,0.5,0.5,0.5,0.25,0.5,0.25,0.25,0.25,0.5,0.25,0.25,0.5,0.25,0.25,0.5,0.25,0.25,0.25
H_0824,R_1k0P54Fkv9vGPhG,18-21,older Gen Z,Male,United States,Utah,1,4,1,1,1,1,3,1,1,1,1,1,1,1,1,1,1,1,2,3,2,3,2,3,0.0,0.75,0.0,0.0,0.0,0.0,0.5,0.0,0.0,0.0,0.0,0.0,0.0,0.0,0.0,0.0,0.0,0.0,0.25,0.5,0.25,0.5,0.25,0.5
H_0825,R_322VMGWmbF5c3nd,18-21,older Gen Z,Male,United States,UT,5,5,5,5,5,5,4,4,1,4,4,1,4,4,4,4,2,1,4,4,4,4,2,2,1.0,1.0,1.0,1.0,1.0,1.0,0.75,0.75,0.0,0.75,0.75,0.0,0.75,0.75,0.75,0.75,0.25,0.0,0.75,0.75,0.75,0.75,0.25,0.25
H_0826,R_3kfoX0ahjS31Ykh,18-21,older Gen Z,Male,United States,Utah,4,3,3,4,3,2,2,2,1,1,3,1,2,4,5,1,5,3,5,3,5,3,2,3,0.75,0.5,0.5,0.75,0.5,0.25,0.25,0.25,0.0,0.0,0.5,0.0,0.25,0.75,1.0,0.0,1.0,0.5,1.0,0.5,1.0,0.5,0.25,0.5
H_0827,R_1PZSJNAalhQ5ArY,50-58,younger Gen X,Male,USA,"Alpine, Utah",2,2,2,4,4,4,4,4,1,2,3,3,1,4,1,4,3,1,2,2,2,3,2,3,0.25,0.25,0.25,0.75,0.75,0.75,0.75,0.75,0.0,0.25,0.5,0.5,0.0,0.75,0.0,0.75,0.5,0.0,0.25,0.25,0.25,0.5,0.25,0.5
H_0828,R_3rNuEtXbqS1EgkQ,50-58,younger Baby Boomers,Male,United States,Utah,4,3,1,2,2,3,3,1,1,1,1,1,1,1,1,1,1,1,3,3,3,3,2,3,0.75,0.5,0.0,0.25,0.25,0.5,0.5,0.0,0.0,0.0,0.0,0.0,0.0,0.0,0.0,0.0,0.0,0.0,0.5,0.5,0.5,0.5,0.25,0.5
H_0829,R_1C4w8iRpFYgvBqI,18-21,older Gen Z,Male,USA,Utah,4,4,4,3,3,5,5,4,4,1,4,1,1,4,1,3,2,1,3,2,3,3,2,2,0.75,0.75,0.75,0.5,0.5,1.0,1.0,0.75,0.75,0.0,0.75,0.0,0.0,0.75,0.0,0.5,0.25,0.0,0.5,0.25,0.5,0.5,0.25,0.25
H_0836,R_vxfHyaLVLbaSsWR,22-26,younger Millennials,Female,Kiribati,South-Tarawa,3,5,3,4,4,4,3,4,4,4,1,2,4,4,4,3,3,1,4,4,1,4,1,1,0.5,1.0,0.5,0.75,0.75,0.75,0.5,0.75,0.75,0.75,0.0,0.25,0.75,0.75,0.75,0.5,0.5,0.0,0.75,0.75,0.0,0.75,0.0,0.0
H_0837,R_3CBYtaDLWqNK5Q6,18-21,younger Gen Z,Female,Jaoan,Chiba,3,3,3,2,4,2,2,4,4,3,1,1,5,1,1,1,1,1,2,1,1,1,1,1,0.5,0.5,0.5,0.25,0.75,0.25,0.25,0.75,0.75,0.5,0.0,0.0,1.0,0.0,0.0,0.0,0.0,0.0,0.25,0.0,0.0,0.0,0.0,0.0
H_0838,R_2ByrCoakKDMqxgw,22-26,older Gen Z,Female,Philippines,Tacloban,3,3,3,3,4,4,5,4,4,3,2,2,4,2,3,1,1,1,2,2,1,1,1,1,0.5,0.5,0.5,0.5,0.75,0.75,1.0,0.75,0.75,0.5,0.25,0.25,0.75,0.25,0.5,0.0,0.0,0.0,0.25,0.25,0.0,0.0,0.0,0.0
H_0839,R_1Lb94Yk61boibSY,22-26,younger Millennials,Female,Philippines,Hinunangan,1,1,1,5,1,1,1,1,1,1,1,1,1,1,1,1,1,1,1,1,1,1,1,1,0.0,0.0,0.0,1.0,0.0,0.0,0.0,0.0,0.0,0.0,0.0,0.0,0.0,0.0,0.0,0.0,0.0,0.0,0.0,0.0,0.0,0.0,0.0,0.0
H_0840,R_3oUhH80WD5UHMUU,22-26,younger Gen Z,Female,India New Delhi,New Delhi,1,2,3,2,4,4,2,1,1,1,1,1,1,1,1,1,1,1,1,1,1,1,1,1,0.0,0.25,0.5,0.25,0.75,0.75,0.25,0.0,0.0,0.0,0.0,0.0,0.0,0.0,0.0,0.0,0.0,0.0,0.0,0.0,0.0,0.0,0.0,0.0
H_0841,R_BzEaUcyq1suEBHz,22-26,Silent Generation,Female,Kiribati,Tarawa,1,1,1,1,2,2,1,1,1,1,1,1,1,1,1,1,1,1,1,1,1,1,1,1,0.0,0.0,0.0,0.0,0.25,0.25,0.0,0.0,0.0,0.0,0.0,0.0,0.0,0.0,0.0,0.0,0.0,0.0,0.0,0.0,0.0,0.0,0.0,0.0
H_0842,R_307OTgQKvRLiSxn,50-58,older Gen X,Female,United State,California,1,1,1,1,1,1,1,1,1,1,1,1,1,1,1,1,1,1,1,1,1,1,1,1,0.0,0.0,0.0,0.0,0.0,0.0,0.0,0.0,0.0,0.0,0.0,0.0,0.0,0.0,0.0,0.0,0.0,0.0,0.0,0.0,0.0,0.0,0.0,0.0
H_0843,R_6X6fV09nuvbnpJv,18-21,older Gen Z,Female,United States,Washington,3,3,3,3,3,3,3,1,1,1,1,1,1,1,1,1,1,1,1,1,1,1,1,1,0.5,0.5,0.5,0.5,0.5,0.5,0.5,0.0,0.0,0.0,0.0,0.0,0.0,0.0,0.0,0.0,0.0,0.0,0.0,0.0,0.0,0.0,0.0,0.0
H_0844,R_3GB6VGYaask6OYS,32-36,older Baby Boomer,Female,Hawaii,Oahu,2,2,2,2,2,2,2,2,2,2,2,2,2,2,2,1,1,1,1,1,1,1,1,1,0.25,0.25,0.25,0.25,0.25,0.25,0.25,0.25,0.25,0.25,0.25,0.25,0.25,0.25,0.25,0.0,0.0,0.0,0.0,0.0,0.0,0.0,0.0,0.0
H_0845,R_3oFurF79B60o9mN,22-26,younger Millennials,Female,PH,Tarlac,4,5,4,4,5,5,3,4,2,3,1,1,3,1,3,2,1,1,2,1,1,1,1,2,0.75,1.0,0.75,0.75,1.0,1.0,0.5,0.75,0.25,0.5,0.0,0.0,0.5,0.0,0.5,0.25,0.0,0.0,0.25,0.0,0.0,0.0,0.0,0.25
H_0846,R_31SJdThZHjl2btj,27-31,younger Millennials,Female,Cook Islands,Hawaii,2,2,3,2,2,2,2,1,1,1,1,1,1,1,1,1,1,1,1,1,1,1,1,1,0.25,0.25,0.5,0.25,0.25,0.25,0.25,0.0,0.0,0.0,0.0,0.0,0.0,0.0,0.0,0.0,0.0,0.0,0.0,0.0,0.0,0.0,0.0,0.0
H_0847,R_3jUOQ14XoptwwKd,27-31,younger Millennials,Female,USA,Utah,2,2,2,2,2,2,2,1,1,1,1,1,1,1,1,1,1,1,1,1,1,1,1,1,0.25,0.25,0.25,0.25,0.25,0.25,0.25,0.0,0.0,0.0,0.0,0.0,0.0,0.0,0.0,0.0,0.0,0.0,0.0,0.0,0.0,0.0,0.0,0.0
H_0848,R_3MnW49qAthR6MWL,37-42,older Millennials,Female,United States,Utah,1,2,2,3,4,4,2,3,4,3,4,3,3,2,3,1,4,3,2,1,3,2,1,2,0.0,0.25,0.25,0.5,0.75,0.75,0.25,0.5,0.75,0.5,0.75,0.5,0.5,0.25,0.5,0.0,0.75,0.5,0.25,0.0,0.5,0.25,0.0,0.25
H_0849,R_11ZzntSsdQi96Y3,50-58,younger Baby Boomers,Female,Philippines,Cebu,1,1,1,1,1,1,1,1,1,1,1,1,1,1,1,1,1,1,1,1,1,1,1,1,0.0,0.0,0.0,0.0,0.0,0.0,0.0,0.0,0.0,0.0,0.0,0.0,0.0,0.0,0.0,0.0,0.0,0.0,0.0,0.0,0.0,0.0,0.0,0.0
H_0850,R_1CKgegYchAgRmto,22-26,older Gen Z,Female,Philippines,Legazpi,3,2,2,3,2,3,2,3,4,1,2,1,1,1,4,4,3,2,1,1,1,1,1,1,0.5,0.25,0.25,0.5,0.25,0.5,0.25,0.5,0.75,0.0,0.25,0.0,0.0,0.0,0.75,0.75,0.5,0.25,0.0,0.0,0.0,0.0,0.0,0.0
